item_id,hero_id,relation,matches,lift,se,lift_shrunk
active_reload,abrams,against,70085,-0.787,0.244,-0.576
alchemical_fire,abrams,against,29945,0.228,0.335,0.135
arcane_surge,abrams,against,141741,-0.077,0.181,-0.064
arctic_blast,abrams,against,96682,0.140,0.213,0.110
armor_piercing_rounds,abrams,against,19372,-0.056,0.365,-0.031
ballistic_enchantment,abrams,against,64221,0.199,0.260,0.141
battle_vest,abrams,against,144652,0.187,0.186,0.154
berserker,abrams,against,112016,-0.133,0.203,-0.106
blood_tribute,abrams,against,19084,-0.436,0.401,-0.220
boundless_spirit,abrams,against,509749,0.000,0.097,0.000
bullet_lifesteal,abrams,against,178120,0.055,0.169,0.047
bullet_resilience,abrams,against,53388,0.908,0.264,0.638
bullet_resist_shredder,abrams,against,158278,-0.099,0.173,-0.083
burst_fire,abrams,against,166119,-0.317,0.168,-0.270
capacitor,abrams,against,64785,-0.435,0.249,-0.316
cheat_death,abrams,against,39065,0.051,0.299,0.033
close_quarters,abrams,against,242583,-0.166,0.139,-0.149
cold_front,abrams,against,177525,0.366,0.164,0.315
colossus,abrams,against,35965,0.404,0.295,0.264
compress_cooldown,abrams,against,489352,0.191,0.103,0.179
counterspell,abrams,against,134756,-0.021,0.187,-0.017
crippling_headshot,abrams,against,84825,-0.313,0.224,-0.239
crushing_fists,abrams,against,65378,-0.335,0.239,-0.248
cultist_sacrifice,abrams,against,109382,0.434,0.198,0.350
cursed_relic,abrams,against,60643,0.075,0.260,0.053
debuff_reducer,abrams,against,153354,-0.869,0.181,-0.725
decay,abrams,against,34849,-0.262,0.315,-0.163
disarming_hex,abrams,against,34878,-0.402,0.323,-0.246
dispel_magic,abrams,against,251279,0.001,0.145,0.001
divine_barrier,abrams,against,52938,-0.354,0.251,-0.255
diviners_kevlar,abrams,against,65687,0.637,0.253,0.458
duration_extender,abrams,against,277444,-0.211,0.135,-0.190
echo_shard,abrams,against,77449,-1.127,0.232,-0.847
enchanters_emblem,abrams,against,222205,0.087,0.147,0.076
enduring_speed,abrams,against,349797,0.091,0.117,0.084
escalating_exposure,abrams,against,324424,0.178,0.122,0.163
escalating_resilience,abrams,against,40907,-0.034,0.306,-0.022
ethereal_shift,abrams,against,47086,0.749,0.275,0.512
express_shot,abrams,against,84037,-0.055,0.228,-0.042
extended_magazine,abrams,against,195940,-0.464,0.158,-0.403
extra_charge,abrams,against,519344,-0.299,0.100,-0.282
extra_health,abrams,against,232735,0.355,0.142,0.316
extra_regen,abrams,against,458216,-0.274,0.106,-0.257
extra_spirit,abrams,against,751586,0.095,0.083,0.091
extra_stamina,abrams,against,394223,-0.175,0.111,-0.163
fleetfoot,abrams,against,126196,-0.027,0.188,-0.022
focus_lens,abrams,against,20642,0.182,0.367,0.100
fortitude,abrams,against,167450,0.322,0.162,0.277
frenzy,abrams,against,34819,-0.025,0.303,-0.016
fury_trance,abrams,against,17678,-0.845,0.391,-0.437
glass_cannon,abrams,against,52162,-0.703,0.264,-0.493
golden_goose_egg,abrams,against,42798,-0.405,0.308,-0.256
greater_expansion,abrams,against,437455,0.058,0.105,0.055
grit,abrams,against,243828,-0.197,0.142,-0.175
guardian_ward,abrams,against,74747,-0.432,0.227,-0.329
headhunter,abrams,against,132030,0.143,0.190,0.117
headshot_booster,abrams,against,160714,-0.001,0.173,-0.001
healbane,abrams,against,371141,0.426,0.117,0.393
healing_booster,abrams,against,313809,-0.498,0.125,-0.455
healing_nova,abrams,against,27511,-1.001,0.331,-0.599
healing_rite,abrams,against,99864,0.134,0.210,0.106
healing_tempo,abrams,against,92271,-0.677,0.212,-0.531
heroic_aura,abrams,against,60207,-0.052,0.251,-0.038
high_velocity_rounds,abrams,against,302020,0.222,0.128,0.202
hollow_point,abrams,against,66506,0.052,0.246,0.038
hunters_aura,abrams,against,136333,0.053,0.182,0.044
improved_spirit,abrams,against,702237,0.129,0.085,0.123
indomitable,abrams,against,132483,-0.182,0.188,-0.150
infuser,abrams,against,82499,0.652,0.223,0.501
inhibitor,abrams,against,65812,0.008,0.245,0.006
intensifying_magazine,abrams,against,64572,-0.341,0.257,-0.243
juggernaut,abrams,against,112913,0.686,0.188,0.564
kinetic_dash,abrams,against,68246,-0.763,0.246,-0.558
knockdown,abrams,against,67930,-1.238,0.255,-0.887
leech,abrams,against,98464,-0.126,0.212,-0.099
lifestrike,abrams,against,140194,-0.014,0.177,-0.011
lightning_scroll,abrams,against,44161,0.793,0.289,0.525
long_range,abrams,against,78520,-0.095,0.229,-0.072
lucky_shot,abrams,against,59366,-0.494,0.248,-0.359
magic_carpet,abrams,against,18997,-0.125,0.376,-0.067
majestic_leap,abrams,against,40869,0.036,0.295,0.023
melee_charge,abrams,against,85175,-0.237,0.219,-0.183
melee_lifesteal,abrams,against,225123,0.246,0.144,0.219
mercurial_magnum,abrams,against,160733,-0.621,0.175,-0.523
metal_skin,abrams,against,57858,0.106,0.261,0.075
monster_rounds,abrams,against,272289,0.305,0.135,0.275
mystic_burst,abrams,against,544875,0.096,0.096,0.090
mystic_expansion,abrams,against,527232,0.160,0.098,0.151
mystic_regeneration,abrams,against,223929,0.392,0.148,0.346
mystic_reverb,abrams,against,170334,-0.174,0.165,-0.149
mystic_shot,abrams,against,167255,0.249,0.170,0.212
mystic_slow,abrams,against,65329,0.352,0.257,0.251
mystic_vulnerability,abrams,against,362663,0.263,0.119,0.243
opening_rounds,abrams,against,226118,0.215,0.147,0.190
phantom_strike,abrams,against,29512,0.270,0.330,0.163
plated_armor,abrams,against,88455,0.441,0.217,0.343
point_blank,abrams,against,131966,0.216,0.185,0.179
quicksilver_reload,abrams,against,302594,0.138,0.130,0.125
radiant_regeneration,abrams,against,217891,0.108,0.149,0.095
rapid_recharge,abrams,against,427707,-0.159,0.109,-0.148
rapid_rounds,abrams,against,296219,-0.349,0.129,-0.317
reactive_barrier,abrams,against,149694,-0.511,0.182,-0.425
rebuttal,abrams,against,81489,0.379,0.234,0.284
recharging_rush,abrams,against,142651,-0.250,0.179,-0.209
refresher,abrams,against,108318,-0.297,0.200,-0.239
rescue_beam,abrams,against,39651,0.560,0.302,0.360
restorative_locket,abrams,against,77125,-0.234,0.241,-0.173
restorative_shot,abrams,against,233398,-0.026,0.146,-0.023
return_fire,abrams,against,11824,0.545,0.446,0.246
ricochet,abrams,against,192467,-0.521,0.159,-0.451
rusted_barrel,abrams,against,32795,-0.471,0.328,-0.285
scourge,abrams,against,69965,0.531,0.239,0.394
shadow_weave,abrams,against,27811,0.012,0.349,0.007
sharpshooter,abrams,against,90936,-0.017,0.216,-0.013
silence_wave,abrams,against,14158,0.300,0.421,0.144
silencer,abrams,against,100669,0.080,0.201,0.064
siphon_bullets,abrams,against,92567,-0.533,0.213,-0.417
slowing_bullets,abrams,against,66116,-0.629,0.248,-0.458
slowing_hex,abrams,against,178017,-0.033,0.168,-0.028
spellbreaker,abrams,against,70718,0.517,0.232,0.389
spellslinger,abrams,against,47229,0.020,0.270,0.014
spirit_burn,abrams,against,310293,0.177,0.121,0.162
spirit_lifesteal,abrams,against,340826,0.198,0.125,0.181
spirit_rend,abrams,against,70947,-0.013,0.239,-0.009
spirit_resilience,abrams,against,301476,0.060,0.125,0.055
spirit_sap,abrams,against,38015,-0.866,0.299,-0.560
spirit_shielding,abrams,against,136480,0.346,0.185,0.286
spirit_shredder_bullets,abrams,against,87103,-0.052,0.225,-0.040
spirit_snatch,abrams,against,225532,0.030,0.148,0.026
spirit_strike,abrams,against,228456,0.311,0.147,0.275
spiritual_overflow,abrams,against,183143,-0.117,0.164,-0.100
split_shot,abrams,against,36938,-0.472,0.313,-0.295
sprint_boots,abrams,against,491818,-0.090,0.103,-0.085
stalker,abrams,against,200244,-0.051,0.152,-0.045
stamina_mastery,abrams,against,281768,-0.239,0.127,-0.218
superior_cooldown,abrams,against,554911,0.119,0.095,0.112
superior_duration,abrams,against,344196,-0.138,0.120,-0.127
suppressor,abrams,against,74392,0.242,0.236,0.181
surge_of_power,abrams,against,179000,-0.345,0.168,-0.294
swift_striker,abrams,against,299097,-0.254,0.128,-0.231
tankbuster,abrams,against,518366,-0.004,0.098,-0.003
tesla_bullets,abrams,against,102620,-0.168,0.212,-0.132
titanic_magazine,abrams,against,210221,-0.052,0.153,-0.046
torment_pulse,abrams,against,213215,0.612,0.149,0.539
toxic_bullets,abrams,against,144503,-0.368,0.178,-0.309
transcendent_cooldown,abrams,against,338588,0.337,0.115,0.312
trophy_collector,abrams,against,381427,0.167,0.117,0.154
unstoppable,abrams,against,134982,-0.276,0.189,-0.226
vampiric_burst,abrams,against,91439,-0.060,0.218,-0.047
veil_walker,abrams,against,97874,0.007,0.228,0.005
vortex_web,abrams,against,43138,-0.397,0.289,-0.263
warp_stone,abrams,against,122941,0.302,0.190,0.247
weakening_headshot,abrams,against,108773,0.115,0.212,0.091
weapon_shielding,abrams,against,30595,0.369,0.333,0.220
weighted_shots,abrams,against,84538,-0.215,0.226,-0.164
witchmail,abrams,against,92369,0.769,0.208,0.609
active_reload,apollo,against,56660,-0.561,0.261,-0.396
alchemical_fire,apollo,against,23254,-0.092,0.361,-0.051
arcane_surge,apollo,against,119482,0.268,0.192,0.219
arctic_blast,apollo,against,77357,-1.079,0.231,-0.814
armor_piercing_rounds,apollo,against,14618,0.284,0.397,0.145
ballistic_enchantment,apollo,against,54385,-0.626,0.277,-0.426
battle_vest,apollo,against,113302,0.113,0.205,0.090
berserker,apollo,against,88540,0.618,0.221,0.476
blood_tribute,apollo,against,14896,-0.362,0.426,-0.172
boundless_spirit,apollo,against,414584,-0.250,0.106,-0.234
bullet_lifesteal,apollo,against,153306,-0.364,0.179,-0.305
bullet_resilience,apollo,against,35560,0.210,0.306,0.134
bullet_resist_shredder,apollo,against,131768,0.192,0.185,0.158
burst_fire,apollo,against,143230,-0.662,0.178,-0.555
capacitor,apollo,against,54273,-0.170,0.266,-0.119
cheat_death,apollo,against,31437,0.665,0.321,0.408
close_quarters,apollo,against,212345,0.353,0.148,0.311
cold_front,apollo,against,133025,-0.710,0.184,-0.588
colossus,apollo,against,32878,1.306,0.298,0.846
compress_cooldown,apollo,against,387023,-0.317,0.115,-0.293
counterspell,apollo,against,112185,0.099,0.202,0.079
crippling_headshot,apollo,against,70761,-0.090,0.238,-0.067
crushing_fists,apollo,against,69136,0.169,0.234,0.127
cultist_sacrifice,apollo,against,85522,-0.290,0.219,-0.225
cursed_relic,apollo,against,51107,1.243,0.276,0.849
debuff_reducer,apollo,against,113400,0.601,0.201,0.482
decay,apollo,against,23131,1.479,0.359,0.829
disarming_hex,apollo,against,26368,-0.857,0.353,-0.487
dispel_magic,apollo,against,185557,0.090,0.164,0.077
divine_barrier,apollo,against,40869,0.633,0.275,0.433
diviners_kevlar,apollo,against,53004,1.063,0.269,0.737
duration_extender,apollo,against,239756,0.208,0.143,0.185
echo_shard,apollo,against,66193,0.108,0.245,0.079
enchanters_emblem,apollo,against,186489,0.137,0.157,0.119
enduring_speed,apollo,against,279411,-0.211,0.129,-0.192
escalating_exposure,apollo,against,260453,-0.202,0.134,-0.182
escalating_resilience,apollo,against,31365,0.156,0.334,0.093
ethereal_shift,apollo,against,34225,0.455,0.306,0.289
express_shot,apollo,against,63296,-0.094,0.253,-0.067
extended_magazine,apollo,against,160578,0.161,0.172,0.137
extra_charge,apollo,against,417970,0.115,0.110,0.107
extra_health,apollo,against,199183,0.026,0.151,0.023
extra_regen,apollo,against,372421,0.350,0.115,0.324
extra_spirit,apollo,against,597873,-0.162,0.092,-0.154
extra_stamina,apollo,against,322705,-0.017,0.121,-0.015
fleetfoot,apollo,against,97069,0.139,0.208,0.110
focus_lens,apollo,against,19144,-0.780,0.375,-0.419
fortitude,apollo,against,141974,-0.025,0.173,-0.021
frenzy,apollo,against,28676,1.302,0.322,0.798
fury_trance,apollo,against,14432,0.459,0.412,0.225
glass_cannon,apollo,against,45675,0.018,0.273,0.012
golden_goose_egg,apollo,against,36314,0.108,0.324,0.065
greater_expansion,apollo,against,341523,-0.122,0.118,-0.112
grit,apollo,against,187762,0.711,0.159,0.616
guardian_ward,apollo,against,58300,0.885,0.249,0.642
headhunter,apollo,against,104886,-0.215,0.208,-0.170
headshot_booster,apollo,against,128832,-0.434,0.189,-0.356
healbane,apollo,against,277602,-0.176,0.134,-0.159
healing_booster,apollo,against,245425,0.531,0.139,0.474
healing_nova,apollo,against,23746,0.738,0.347,0.425
healing_rite,apollo,against,83516,-0.786,0.224,-0.602
healing_tempo,apollo,against,79779,0.675,0.223,0.518
heroic_aura,apollo,against,47751,1.171,0.271,0.808
high_velocity_rounds,apollo,against,242216,0.192,0.141,0.171
hollow_point,apollo,against,57226,-0.251,0.258,-0.179
hunters_aura,apollo,against,126664,0.229,0.186,0.190
improved_spirit,apollo,against,562129,0.007,0.095,0.006
indomitable,apollo,against,101045,0.254,0.209,0.201
infuser,apollo,against,61325,-0.212,0.248,-0.154
inhibitor,apollo,against,54377,0.507,0.260,0.358
intensifying_magazine,apollo,against,55482,0.211,0.270,0.146
juggernaut,apollo,against,89199,0.378,0.206,0.301
kinetic_dash,apollo,against,59774,0.191,0.256,0.136
knockdown,apollo,against,50544,-0.212,0.285,-0.142
leech,apollo,against,87234,-0.333,0.219,-0.257
lifestrike,apollo,against,123861,0.700,0.187,0.577
lightning_scroll,apollo,against,37314,0.094,0.304,0.060
long_range,apollo,against,65106,0.243,0.247,0.177
lucky_shot,apollo,against,50927,-0.019,0.261,-0.013
magic_carpet,apollo,against,15264,1.422,0.398,0.723
majestic_leap,apollo,against,33346,0.024,0.314,0.015
melee_charge,apollo,against,90316,1.047,0.215,0.816
melee_lifesteal,apollo,against,201962,0.451,0.152,0.396
mercurial_magnum,apollo,against,136047,-0.195,0.186,-0.161
metal_skin,apollo,against,41548,-0.242,0.297,-0.157
monster_rounds,apollo,against,224939,-0.163,0.147,-0.144
mystic_burst,apollo,against,421406,-0.209,0.109,-0.195
mystic_expansion,apollo,against,406496,-0.028,0.111,-0.026
mystic_regeneration,apollo,against,164016,0.173,0.169,0.147
mystic_reverb,apollo,against,136641,0.225,0.180,0.188
mystic_shot,apollo,against,137289,-0.215,0.183,-0.178
mystic_slow,apollo,against,54417,-0.139,0.272,-0.096
mystic_vulnerability,apollo,against,285210,0.178,0.132,0.161
opening_rounds,apollo,against,185452,0.012,0.159,0.011
phantom_strike,apollo,against,32873,0.013,0.309,0.008
plated_armor,apollo,against,60292,0.114,0.251,0.082
point_blank,apollo,against,118991,0.398,0.194,0.323
quicksilver_reload,apollo,against,246828,-0.188,0.142,-0.167
radiant_regeneration,apollo,against,158290,0.172,0.172,0.146
rapid_recharge,apollo,against,349070,0.012,0.119,0.011
rapid_rounds,apollo,against,247781,-0.393,0.138,-0.352
reactive_barrier,apollo,against,104645,0.494,0.210,0.390
rebuttal,apollo,against,36449,-0.622,0.315,-0.388
recharging_rush,apollo,against,116080,-0.495,0.194,-0.403
refresher,apollo,against,85119,-0.421,0.219,-0.325
rescue_beam,apollo,against,31958,-0.207,0.322,-0.127
restorative_locket,apollo,against,61668,0.639,0.260,0.452
restorative_shot,apollo,against,194271,0.064,0.157,0.056
return_fire,apollo,against,9079,0.305,0.484,0.126
ricochet,apollo,against,163576,-0.388,0.169,-0.331
rusted_barrel,apollo,against,24842,-0.656,0.357,-0.369
scourge,apollo,against,53658,0.258,0.262,0.181
shadow_weave,apollo,against,25340,-0.479,0.357,-0.269
sharpshooter,apollo,against,75819,-0.057,0.233,-0.042
silence_wave,apollo,against,13912,-1.245,0.424,-0.594
silencer,apollo,against,93409,0.175,0.205,0.139
siphon_bullets,apollo,against,70791,-0.028,0.235,-0.021
slowing_bullets,apollo,against,53591,0.951,0.267,0.662
slowing_hex,apollo,against,183225,-0.891,0.166,-0.763
spellbreaker,apollo,against,69283,0.282,0.232,0.213
spellslinger,apollo,against,40014,-0.347,0.282,-0.233
spirit_burn,apollo,against,249308,-0.106,0.133,-0.096
spirit_lifesteal,apollo,against,275068,-0.156,0.137,-0.140
spirit_rend,apollo,against,62726,-0.306,0.250,-0.221
spirit_resilience,apollo,against,276453,0.637,0.130,0.577
spirit_sap,apollo,against,34007,-0.046,0.313,-0.029
spirit_shielding,apollo,against,119178,0.887,0.195,0.719
spirit_shredder_bullets,apollo,against,74967,-0.287,0.236,-0.214
spirit_snatch,apollo,against,185698,0.060,0.161,0.052
spirit_strike,apollo,against,190436,0.124,0.160,0.107
spiritual_overflow,apollo,against,155717,-0.391,0.174,-0.330
split_shot,apollo,against,32245,-0.157,0.327,-0.095
sprint_boots,apollo,against,394873,-0.301,0.113,-0.279
stalker,apollo,against,179460,0.227,0.159,0.197
stamina_mastery,apollo,against,226202,0.072,0.140,0.064
superior_cooldown,apollo,against,438294,-0.300,0.106,-0.280
superior_duration,apollo,against,302428,0.039,0.126,0.035
suppressor,apollo,against,59109,0.196,0.256,0.140
surge_of_power,apollo,against,149243,-0.598,0.180,-0.499
swift_striker,apollo,against,249495,-0.477,0.138,-0.427
tankbuster,apollo,against,402818,-0.390,0.111,-0.363
tesla_bullets,apollo,against,85488,-0.528,0.227,-0.402
titanic_magazine,apollo,against,175859,0.095,0.165,0.082
torment_pulse,apollo,against,156890,-0.296,0.170,-0.251
toxic_bullets,apollo,against,122298,0.439,0.190,0.359
transcendent_cooldown,apollo,against,279937,-0.222,0.126,-0.202
trophy_collector,apollo,against,306169,-0.133,0.129,-0.121
unstoppable,apollo,against,99017,0.235,0.210,0.185
vampiric_burst,apollo,against,79794,-0.387,0.230,-0.293
veil_walker,apollo,against,79491,-0.133,0.244,-0.098
vortex_web,apollo,against,37034,0.754,0.304,0.482
warp_stone,apollo,against,98728,0.480,0.207,0.380
weakening_headshot,apollo,against,87883,-0.212,0.230,-0.160
weapon_shielding,apollo,against,21605,-0.664,0.371,-0.361
weighted_shots,apollo,against,70987,0.696,0.241,0.514
witchmail,apollo,against,83252,-0.148,0.215,-0.116
active_reload,bebop,against,104376,-0.135,0.218,-0.105
alchemical_fire,bebop,against,43354,-0.732,0.309,-0.463
arcane_surge,bebop,against,201755,-0.241,0.161,-0.208
arctic_blast,bebop,against,144366,0.685,0.188,0.563
armor_piercing_rounds,bebop,against,27807,-0.895,0.335,-0.532
ballistic_enchantment,bebop,against,91422,0.536,0.239,0.397
battle_vest,bebop,against,199823,0.356,0.170,0.303
berserker,bebop,against,154077,0.733,0.186,0.605
blood_tribute,bebop,against,27740,0.216,0.371,0.118
boundless_spirit,bebop,against,711146,-0.094,0.087,-0.090
bullet_lifesteal,bebop,against,260659,0.129,0.149,0.114
bullet_resilience,bebop,against,57594,-0.487,0.266,-0.340
bullet_resist_shredder,bebop,against,237255,0.243,0.152,0.213
burst_fire,bebop,against,242845,0.280,0.149,0.246
capacitor,bebop,against,85742,-0.108,0.233,-0.081
cheat_death,bebop,against,56645,-0.431,0.272,-0.297
close_quarters,bebop,against,367825,0.312,0.121,0.286
cold_front,bebop,against,260921,0.365,0.146,0.323
colossus,bebop,against,59263,0.404,0.250,0.292
compress_cooldown,bebop,against,677347,-0.096,0.093,-0.091
counterspell,bebop,against,199753,-0.336,0.166,-0.288
crippling_headshot,bebop,against,117648,-0.455,0.203,-0.364
crushing_fists,bebop,against,123325,0.689,0.191,0.564
cultist_sacrifice,bebop,against,154852,0.262,0.180,0.219
cursed_relic,bebop,against,82581,-0.162,0.242,-0.120
debuff_reducer,bebop,against,203689,-0.363,0.166,-0.311
decay,bebop,against,40810,0.396,0.308,0.251
disarming_hex,bebop,against,46591,0.578,0.310,0.365
dispel_magic,bebop,against,444221,-0.134,0.119,-0.124
divine_barrier,bebop,against,78491,0.492,0.224,0.377
diviners_kevlar,bebop,against,95608,-0.054,0.225,-0.041
duration_extender,bebop,against,428020,-0.227,0.116,-0.210
echo_shard,bebop,against,84747,0.009,0.231,0.006
enchanters_emblem,bebop,against,310456,-0.133,0.133,-0.120
enduring_speed,bebop,against,436365,0.174,0.111,0.162
escalating_exposure,bebop,against,450112,-0.072,0.109,-0.067
escalating_resilience,bebop,against,54982,-0.265,0.288,-0.176
ethereal_shift,bebop,against,65634,-0.288,0.253,-0.207
express_shot,bebop,against,113846,0.443,0.211,0.349
extended_magazine,bebop,against,273057,-0.120,0.143,-0.106
extra_charge,bebop,against,736867,-0.153,0.089,-0.146
extra_health,bebop,against,338893,0.099,0.126,0.090
extra_regen,bebop,against,630812,-0.002,0.096,-0.002
extra_spirit,bebop,against,1045782,-0.294,0.075,-0.284
extra_stamina,bebop,against,574344,-0.180,0.099,-0.170
fleetfoot,bebop,against,158327,0.146,0.179,0.122
focus_lens,bebop,against,29028,0.882,0.342,0.514
fortitude,bebop,against,235085,0.266,0.146,0.235
frenzy,bebop,against,47868,0.314,0.279,0.213
fury_trance,bebop,against,26050,1.019,0.357,0.573
glass_cannon,bebop,against,78031,0.186,0.230,0.140
golden_goose_egg,bebop,against,61922,-0.876,0.280,-0.592
greater_expansion,bebop,against,605441,-0.097,0.095,-0.092
grit,bebop,against,354399,0.159,0.127,0.145
guardian_ward,bebop,against,108553,0.331,0.205,0.263
headhunter,bebop,against,170609,0.168,0.178,0.141
headshot_booster,bebop,against,213022,0.009,0.161,0.008
healbane,bebop,against,487680,0.292,0.109,0.272
healing_booster,bebop,against,428358,-0.050,0.114,-0.047
healing_nova,bebop,against,38649,0.608,0.307,0.386
healing_rite,bebop,against,142437,0.217,0.190,0.178
healing_tempo,bebop,against,132886,-0.127,0.188,-0.104
heroic_aura,bebop,against,83909,-0.340,0.230,-0.257
high_velocity_rounds,bebop,against,434100,0.210,0.114,0.194
hollow_point,bebop,against,98708,0.229,0.220,0.177
hunters_aura,bebop,against,216457,0.562,0.155,0.490
improved_spirit,bebop,against,966537,-0.239,0.077,-0.230
indomitable,bebop,against,187852,-0.974,0.169,-0.830
infuser,bebop,against,103547,-0.153,0.211,-0.120
inhibitor,bebop,against,91553,-0.016,0.224,-0.012
intensifying_magazine,bebop,against,93410,0.534,0.232,0.402
juggernaut,bebop,against,138535,0.097,0.178,0.081
kinetic_dash,bebop,against,99628,0.525,0.223,0.402
knockdown,bebop,against,95975,-0.530,0.234,-0.397
leech,bebop,against,138454,-0.068,0.189,-0.056
lifestrike,bebop,against,206865,0.548,0.156,0.477
lightning_scroll,bebop,against,61263,-0.745,0.266,-0.521
long_range,bebop,against,120224,0.105,0.203,0.084
lucky_shot,bebop,against,86662,0.211,0.218,0.164
magic_carpet,bebop,against,27677,-0.963,0.345,-0.558
majestic_leap,bebop,against,59618,0.175,0.267,0.122
melee_charge,bebop,against,171991,0.037,0.171,0.031
melee_lifesteal,bebop,against,345622,0.303,0.125,0.277
mercurial_magnum,bebop,against,232550,0.364,0.154,0.318
metal_skin,bebop,against,69529,-0.007,0.261,-0.005
monster_rounds,bebop,against,396534,0.271,0.120,0.250
mystic_burst,bebop,against,727716,0.004,0.089,0.004
mystic_expansion,bebop,against,730133,-0.138,0.089,-0.131
mystic_regeneration,bebop,against,280920,0.060,0.141,0.054
mystic_reverb,bebop,against,220530,-0.435,0.153,-0.380
mystic_shot,bebop,against,248138,-0.051,0.151,-0.044
mystic_slow,bebop,against,90508,-0.238,0.235,-0.178
mystic_vulnerability,bebop,against,503139,-0.321,0.107,-0.300
opening_rounds,bebop,against,326606,0.325,0.131,0.294
phantom_strike,bebop,against,64255,0.451,0.255,0.323
plated_armor,bebop,against,110582,0.065,0.205,0.052
point_blank,bebop,against,202036,0.307,0.161,0.265
quicksilver_reload,bebop,against,437221,-0.085,0.116,-0.079
radiant_regeneration,bebop,against,269013,0.252,0.143,0.224
rapid_recharge,bebop,against,606422,-0.196,0.097,-0.185
rapid_rounds,bebop,against,423232,0.280,0.115,0.259
reactive_barrier,bebop,against,213411,-0.243,0.164,-0.208
rebuttal,bebop,against,61931,-0.313,0.276,-0.213
recharging_rush,bebop,against,207074,0.069,0.160,0.060
refresher,bebop,against,154335,-0.862,0.179,-0.721
rescue_beam,bebop,against,60638,-0.155,0.271,-0.107
restorative_locket,bebop,against,116906,-0.048,0.215,-0.038
restorative_shot,bebop,against,331554,0.016,0.130,0.014
return_fire,bebop,against,17645,0.318,0.411,0.157
ricochet,bebop,against,286712,0.453,0.139,0.406
rusted_barrel,bebop,against,45407,0.435,0.312,0.273
scourge,bebop,against,105367,-0.060,0.210,-0.048
shadow_weave,bebop,against,42081,0.790,0.316,0.490
sharpshooter,bebop,against,138132,-0.191,0.192,-0.156
silence_wave,bebop,against,20800,0.620,0.389,0.322
silencer,bebop,against,153945,0.103,0.174,0.087
siphon_bullets,bebop,against,119197,0.771,0.197,0.623
slowing_bullets,bebop,against,87440,-0.543,0.232,-0.409
slowing_hex,bebop,against,213804,0.521,0.165,0.447
spellbreaker,bebop,against,116293,-1.038,0.197,-0.839
spellslinger,bebop,against,67853,0.779,0.241,0.575
spirit_burn,bebop,against,439904,0.043,0.107,0.040
spirit_lifesteal,bebop,against,461534,-0.056,0.114,-0.052
spirit_rend,bebop,against,100097,-0.792,0.218,-0.613
spirit_resilience,bebop,against,444977,0.094,0.110,0.088
spirit_sap,bebop,against,53944,0.183,0.278,0.125
spirit_shielding,bebop,against,202678,0.117,0.164,0.100
spirit_shredder_bullets,bebop,against,125464,-0.268,0.203,-0.215
spirit_snatch,bebop,against,300784,0.074,0.137,0.067
spirit_strike,bebop,against,291433,0.061,0.138,0.055
spiritual_overflow,bebop,against,263852,0.497,0.144,0.441
split_shot,bebop,against,54957,-0.458,0.284,-0.307
sprint_boots,bebop,against,654209,0.003,0.094,0.003
stalker,bebop,against,304068,0.221,0.133,0.199
stamina_mastery,bebop,against,412252,-0.424,0.113,-0.393
superior_cooldown,bebop,against,774044,-0.119,0.086,-0.114
superior_duration,bebop,against,538947,-0.017,0.102,-0.016
suppressor,bebop,against,102801,-0.246,0.218,-0.191
surge_of_power,bebop,against,243197,0.056,0.154,0.049
swift_striker,bebop,against,431872,0.127,0.114,0.118
tankbuster,bebop,against,706117,0.020,0.090,0.019
tesla_bullets,bebop,against,137749,-0.137,0.197,-0.111
titanic_magazine,bebop,against,292827,-0.024,0.138,-0.022
torment_pulse,bebop,against,292948,-0.449,0.136,-0.403
toxic_bullets,bebop,against,200359,-0.335,0.162,-0.288
transcendent_cooldown,bebop,against,468193,-0.019,0.103,-0.018
trophy_collector,bebop,against,503914,-0.132,0.109,-0.123
unstoppable,bebop,against,180289,-0.094,0.171,-0.079
vampiric_burst,bebop,against,138277,0.176,0.192,0.144
veil_walker,bebop,against,107615,-0.195,0.227,-0.148
vortex_web,bebop,against,60456,0.022,0.267,0.015
warp_stone,bebop,against,179016,0.100,0.171,0.085
weakening_headshot,bebop,against,151848,0.226,0.192,0.184
weapon_shielding,bebop,against,36087,0.909,0.326,0.551
weighted_shots,bebop,against,113857,-0.052,0.208,-0.041
witchmail,bebop,against,128105,-0.154,0.187,-0.127
active_reload,billy,against,78760,-0.560,0.235,-0.419
alchemical_fire,billy,against,30572,0.087,0.335,0.052
arcane_surge,billy,against,155529,0.079,0.174,0.067
arctic_blast,billy,against,94320,-0.589,0.217,-0.457
armor_piercing_rounds,billy,against,21130,0.253,0.356,0.143
ballistic_enchantment,billy,against,70638,0.110,0.252,0.079
battle_vest,billy,against,148228,0.113,0.188,0.093
berserker,billy,against,112348,0.139,0.205,0.111
blood_tribute,billy,against,19156,-0.587,0.403,-0.294
boundless_spirit,billy,against,539704,-0.174,0.095,-0.165
bullet_lifesteal,billy,against,197253,0.018,0.163,0.015
bullet_resilience,billy,against,60560,0.667,0.254,0.479
bullet_resist_shredder,billy,against,162152,-0.479,0.174,-0.405
burst_fire,billy,against,176378,-0.332,0.166,-0.284
capacitor,billy,against,71095,-0.855,0.241,-0.630
cheat_death,billy,against,40533,0.399,0.296,0.260
close_quarters,billy,against,247387,0.257,0.141,0.229
cold_front,billy,against,172297,-0.144,0.169,-0.123
colossus,billy,against,33057,-0.198,0.304,-0.126
compress_cooldown,billy,against,511469,0.162,0.102,0.153
counterspell,billy,against,130890,-0.191,0.192,-0.156
crippling_headshot,billy,against,85943,-0.002,0.221,-0.001
crushing_fists,billy,against,69596,0.065,0.235,0.049
cultist_sacrifice,billy,against,92908,0.744,0.214,0.581
cursed_relic,billy,against,60084,0.275,0.264,0.193
debuff_reducer,billy,against,145846,0.087,0.185,0.072
decay,billy,against,31852,0.284,0.324,0.173
disarming_hex,billy,against,34790,0.365,0.332,0.218
dispel_magic,billy,against,246079,-0.594,0.148,-0.524
divine_barrier,billy,against,53514,0.390,0.255,0.279
diviners_kevlar,billy,against,69088,-0.217,0.249,-0.158
duration_extender,billy,against,313324,0.217,0.128,0.197
echo_shard,billy,against,81778,0.176,0.229,0.133
enchanters_emblem,billy,against,223114,-0.009,0.148,-0.008
enduring_speed,billy,against,364717,0.082,0.116,0.076
escalating_exposure,billy,against,350956,0.014,0.118,0.013
escalating_resilience,billy,against,35263,-0.093,0.329,-0.056
ethereal_shift,billy,against,48706,0.557,0.273,0.383
express_shot,billy,against,84543,-0.173,0.231,-0.130
extended_magazine,billy,against,205429,-0.180,0.158,-0.156
extra_charge,billy,against,513175,0.190,0.102,0.178
extra_health,billy,against,247412,-0.343,0.139,-0.307
extra_regen,billy,against,503840,0.053,0.102,0.050
extra_spirit,billy,against,782799,0.029,0.082,0.027
extra_stamina,billy,against,408939,0.065,0.111,0.061
fleetfoot,billy,against,126131,-0.379,0.191,-0.310
focus_lens,billy,against,21393,-0.475,0.367,-0.261
fortitude,billy,against,180636,-0.498,0.158,-0.433
frenzy,billy,against,35992,-0.176,0.301,-0.114
fury_trance,billy,against,21016,-0.404,0.374,-0.218
glass_cannon,billy,against,55523,-0.299,0.259,-0.212
golden_goose_egg,billy,against,45111,1.062,0.306,0.676
greater_expansion,billy,against,448083,0.104,0.105,0.098
grit,billy,against,215676,0.079,0.153,0.069
guardian_ward,billy,against,75251,0.193,0.231,0.146
headhunter,billy,against,132239,-0.225,0.192,-0.184
headshot_booster,billy,against,161626,-0.342,0.176,-0.288
healbane,billy,against,367153,-0.090,0.120,-0.083
healing_booster,billy,against,346526,0.161,0.121,0.147
healing_nova,billy,against,28816,1.083,0.333,0.646
healing_rite,billy,against,105010,0.667,0.208,0.528
healing_tempo,billy,against,104080,0.402,0.203,0.321
heroic_aura,billy,against,61558,-0.194,0.250,-0.141
high_velocity_rounds,billy,against,307195,0.005,0.129,0.005
hollow_point,billy,against,71506,-0.167,0.242,-0.123
hunters_aura,billy,against,159916,0.155,0.173,0.131
improved_spirit,billy,against,731576,0.119,0.085,0.114
indomitable,billy,against,124674,0.739,0.194,0.601
infuser,billy,against,93366,0.116,0.212,0.091
inhibitor,billy,against,68712,0.546,0.241,0.403
intensifying_magazine,billy,against,72717,0.719,0.246,0.525
juggernaut,billy,against,119785,0.221,0.183,0.184
kinetic_dash,billy,against,70462,-0.019,0.245,-0.014
knockdown,billy,against,70600,0.226,0.256,0.161
leech,billy,against,110837,0.118,0.201,0.095
lifestrike,billy,against,133969,0.272,0.182,0.226
lightning_scroll,billy,against,49007,1.024,0.276,0.699
long_range,billy,against,76670,-0.210,0.237,-0.157
lucky_shot,billy,against,63319,-0.258,0.242,-0.190
magic_carpet,billy,against,20060,-0.173,0.370,-0.094
majestic_leap,billy,against,40330,0.389,0.298,0.253
melee_charge,billy,against,104434,0.186,0.206,0.147
melee_lifesteal,billy,against,216119,0.091,0.149,0.080
mercurial_magnum,billy,against,176065,-0.201,0.168,-0.172
metal_skin,billy,against,54908,0.376,0.275,0.257
monster_rounds,billy,against,269467,0.242,0.137,0.217
mystic_burst,billy,against,544358,-0.220,0.098,-0.208
mystic_expansion,billy,against,544004,0.058,0.098,0.055
mystic_regeneration,billy,against,233056,-0.185,0.147,-0.163
mystic_reverb,billy,against,177941,-0.133,0.162,-0.115
mystic_shot,billy,against,167759,0.034,0.172,0.029
mystic_slow,billy,against,70532,0.139,0.249,0.101
mystic_vulnerability,billy,against,384240,0.186,0.116,0.172
opening_rounds,billy,against,233510,-0.140,0.147,-0.124
phantom_strike,billy,against,49617,-0.094,0.270,-0.065
plated_armor,billy,against,90278,-0.104,0.217,-0.080
point_blank,billy,against,132318,0.342,0.185,0.283
quicksilver_reload,billy,against,315959,-0.004,0.129,-0.003
radiant_regeneration,billy,against,228106,-0.189,0.148,-0.166
rapid_recharge,billy,against,416919,0.093,0.111,0.086
rapid_rounds,billy,against,309580,-0.296,0.128,-0.269
reactive_barrier,billy,against,130787,0.505,0.195,0.410
rebuttal,billy,against,80368,0.202,0.241,0.149
recharging_rush,billy,against,146445,-0.112,0.179,-0.094
refresher,billy,against,115567,0.239,0.195,0.194
rescue_beam,billy,against,40964,0.673,0.303,0.432
restorative_locket,billy,against,84236,-0.362,0.236,-0.270
restorative_shot,billy,against,255611,0.615,0.142,0.548
return_fire,billy,against,13674,-0.266,0.434,-0.123
ricochet,billy,against,213505,-0.387,0.152,-0.339
rusted_barrel,billy,against,32458,0.567,0.336,0.336
scourge,billy,against,65127,-0.311,0.246,-0.227
shadow_weave,billy,against,27990,-0.667,0.344,-0.388
sharpshooter,billy,against,89960,-0.311,0.222,-0.239
silence_wave,billy,against,15495,-0.556,0.411,-0.274
silencer,billy,against,111544,-0.196,0.192,-0.160
siphon_bullets,billy,against,94771,-0.485,0.212,-0.381
slowing_bullets,billy,against,65292,0.295,0.252,0.213
slowing_hex,billy,against,171033,-0.621,0.174,-0.524
spellbreaker,billy,against,80034,0.352,0.223,0.270
spellslinger,billy,against,51205,-0.887,0.261,-0.626
spirit_burn,billy,against,318814,-0.098,0.120,-0.090
spirit_lifesteal,billy,against,371485,-0.080,0.121,-0.073
spirit_rend,billy,against,76697,-0.015,0.234,-0.011
spirit_resilience,billy,against,327518,0.256,0.123,0.234
spirit_sap,billy,against,38080,-0.121,0.305,-0.077
spirit_shielding,billy,against,123174,-0.249,0.197,-0.201
spirit_shredder_bullets,billy,against,90851,-0.204,0.223,-0.157
spirit_snatch,billy,against,194390,-0.381,0.159,-0.330
spirit_strike,billy,against,207592,-0.547,0.155,-0.477
spiritual_overflow,billy,against,199126,-0.075,0.157,-0.066
split_shot,billy,against,40944,-0.216,0.303,-0.138
sprint_boots,billy,against,500357,-0.319,0.103,-0.300
stalker,billy,against,185709,-0.114,0.160,-0.099
stamina_mastery,billy,against,291275,-0.069,0.127,-0.063
superior_cooldown,billy,against,581440,-0.013,0.094,-0.012
superior_duration,billy,against,394905,0.165,0.113,0.153
suppressor,billy,against,78562,0.024,0.235,0.018
surge_of_power,billy,against,192716,-0.097,0.164,-0.083
swift_striker,billy,against,314424,-0.149,0.127,-0.136
tankbuster,billy,against,519393,0.084,0.100,0.079
tesla_bullets,billy,against,112491,-0.452,0.205,-0.360
titanic_magazine,billy,against,228241,-0.145,0.149,-0.128
torment_pulse,billy,against,225451,-0.231,0.146,-0.204
toxic_bullets,billy,against,150705,0.422,0.176,0.355
transcendent_cooldown,billy,against,366742,0.187,0.112,0.173
trophy_collector,billy,against,378978,-0.013,0.119,-0.012
unstoppable,billy,against,129143,0.705,0.190,0.577
vampiric_burst,billy,against,101257,0.037,0.210,0.029
veil_walker,billy,against,97123,-0.756,0.232,-0.570
vortex_web,billy,against,44051,-0.420,0.290,-0.278
warp_stone,billy,against,142499,0.104,0.180,0.087
weakening_headshot,billy,against,107189,-0.298,0.214,-0.233
weapon_shielding,billy,against,32918,0.353,0.327,0.213
weighted_shots,billy,against,82689,-0.028,0.231,-0.021
witchmail,billy,against,103045,-0.087,0.199,-0.070
active_reload,calico,against,57150,-0.075,0.271,-0.052
alchemical_fire,calico,against,24520,-0.509,0.365,-0.281
arcane_surge,calico,against,116759,-0.401,0.203,-0.320
arctic_blast,calico,against,54070,-0.171,0.273,-0.118
armor_piercing_rounds,calico,against,13581,0.293,0.415,0.143
ballistic_enchantment,calico,against,50192,0.227,0.296,0.148
battle_vest,calico,against,115813,0.018,0.213,0.014
berserker,calico,against,90639,-0.211,0.227,-0.160
blood_tribute,calico,against,16395,-0.095,0.423,-0.046
boundless_spirit,calico,against,395048,0.073,0.113,0.068
bullet_lifesteal,calico,against,143350,0.105,0.193,0.086
bullet_resilience,calico,against,35112,0.268,0.316,0.167
bullet_resist_shredder,calico,against,139247,-0.080,0.189,-0.065
burst_fire,calico,against,142010,-0.494,0.186,-0.408
capacitor,calico,against,52864,0.067,0.276,0.046
cheat_death,calico,against,31398,0.647,0.329,0.389
close_quarters,calico,against,207711,0.415,0.155,0.362
cold_front,calico,against,116719,0.067,0.203,0.054
colossus,calico,against,30889,0.580,0.311,0.365
compress_cooldown,calico,against,378953,0.185,0.121,0.170
counterspell,calico,against,108836,-0.505,0.214,-0.395
crippling_headshot,calico,against,66631,-0.213,0.252,-0.153
crushing_fists,calico,against,61754,0.672,0.248,0.488
cultist_sacrifice,calico,against,86093,-0.075,0.227,-0.057
cursed_relic,calico,against,53945,0.307,0.280,0.208
debuff_reducer,calico,against,120022,0.037,0.207,0.029
decay,calico,against,24559,-1.157,0.362,-0.642
disarming_hex,calico,against,27053,-0.089,0.362,-0.049
dispel_magic,calico,against,211399,0.100,0.163,0.086
divine_barrier,calico,against,41735,-0.177,0.282,-0.119
diviners_kevlar,calico,against,52728,-0.446,0.281,-0.300
duration_extender,calico,against,234371,-0.171,0.151,-0.150
echo_shard,calico,against,65196,-0.053,0.255,-0.038
enchanters_emblem,calico,against,185909,-0.238,0.166,-0.204
enduring_speed,calico,against,265111,-0.249,0.139,-0.223
escalating_exposure,calico,against,242678,-0.774,0.144,-0.687
escalating_resilience,calico,against,28405,-0.644,0.356,-0.363
ethereal_shift,calico,against,38841,-0.079,0.302,-0.051
express_shot,calico,against,69375,0.212,0.255,0.152
extended_magazine,calico,against,152159,-0.178,0.184,-0.148
extra_charge,calico,against,406863,-0.146,0.117,-0.134
extra_health,calico,against,195859,0.084,0.158,0.073
extra_regen,calico,against,387398,-0.165,0.119,-0.152
extra_spirit,calico,against,595002,-0.065,0.097,-0.062
extra_stamina,calico,against,329617,0.149,0.127,0.136
fleetfoot,calico,against,101684,0.029,0.213,0.023
focus_lens,calico,against,15050,1.193,0.417,0.579
fortitude,calico,against,136625,0.195,0.182,0.162
frenzy,calico,against,27183,0.421,0.332,0.251
fury_trance,calico,against,14537,-0.250,0.420,-0.121
glass_cannon,calico,against,42050,0.080,0.288,0.053
golden_goose_egg,calico,against,32642,-0.022,0.343,-0.013
greater_expansion,calico,against,338210,0.162,0.123,0.148
grit,calico,against,192188,0.406,0.165,0.348
guardian_ward,calico,against,59594,0.124,0.257,0.089
headhunter,calico,against,107111,0.352,0.216,0.273
headshot_booster,calico,against,130797,0.291,0.198,0.234
healbane,calico,against,284620,-0.052,0.138,-0.046
healing_booster,calico,against,262873,0.245,0.141,0.218
healing_nova,calico,against,21747,0.490,0.368,0.269
healing_rite,calico,against,78371,0.812,0.241,0.599
healing_tempo,calico,against,73964,0.689,0.235,0.515
heroic_aura,calico,against,48805,-0.126,0.280,-0.085
high_velocity_rounds,calico,against,246893,-0.193,0.147,-0.170
hollow_point,calico,against,54638,-0.261,0.273,-0.179
hunters_aura,calico,against,122703,-0.345,0.196,-0.279
improved_spirit,calico,against,546006,0.102,0.101,0.096
indomitable,calico,against,95475,0.628,0.221,0.484
infuser,calico,against,59582,0.029,0.260,0.020
inhibitor,calico,against,50814,0.595,0.275,0.407
intensifying_magazine,calico,against,51030,-0.283,0.289,-0.187
juggernaut,calico,against,80780,0.169,0.221,0.130
kinetic_dash,calico,against,59335,0.397,0.268,0.275
knockdown,calico,against,44818,0.040,0.305,0.026
leech,calico,against,77080,0.059,0.238,0.044
lifestrike,calico,against,115668,0.631,0.198,0.509
lightning_scroll,calico,against,34801,-0.983,0.320,-0.605
long_range,calico,against,68696,-0.634,0.252,-0.456
lucky_shot,calico,against,49004,0.048,0.269,0.034
magic_carpet,calico,against,15062,-0.913,0.412,-0.448
majestic_leap,calico,against,35645,-0.402,0.316,-0.250
melee_charge,calico,against,89303,0.302,0.222,0.232
melee_lifesteal,calico,against,175453,0.064,0.167,0.055
mercurial_magnum,calico,against,128708,0.040,0.197,0.032
metal_skin,calico,against,44389,-0.911,0.299,-0.589
monster_rounds,calico,against,220110,-0.052,0.155,-0.045
mystic_burst,calico,against,445612,0.332,0.111,0.309
mystic_expansion,calico,against,413504,-0.039,0.115,-0.036
mystic_regeneration,calico,against,177943,-0.483,0.170,-0.411
mystic_reverb,calico,against,137628,-0.346,0.187,-0.285
mystic_shot,calico,against,134066,-0.070,0.195,-0.057
mystic_slow,calico,against,50905,-0.850,0.290,-0.562
mystic_vulnerability,calico,against,270157,-0.627,0.141,-0.559
opening_rounds,calico,against,182482,0.211,0.169,0.180
phantom_strike,calico,against,31445,0.049,0.324,0.030
plated_armor,calico,against,67798,0.736,0.248,0.535
point_blank,calico,against,109435,0.430,0.206,0.341
quicksilver_reload,calico,against,238865,0.636,0.151,0.559
radiant_regeneration,calico,against,172836,-0.277,0.172,-0.235
rapid_recharge,calico,against,330949,-0.013,0.128,-0.012
rapid_rounds,calico,against,247927,-0.083,0.145,-0.073
reactive_barrier,calico,against,105999,0.918,0.218,0.712
rebuttal,calico,against,49498,0.570,0.299,0.369
recharging_rush,calico,against,116125,-0.212,0.202,-0.170
refresher,calico,against,83484,-0.499,0.229,-0.378
rescue_beam,calico,against,31848,0.602,0.336,0.356
restorative_locket,calico,against,69792,0.279,0.260,0.198
restorative_shot,calico,against,198593,-0.271,0.163,-0.233
return_fire,calico,against,10256,-0.964,0.473,-0.407
ricochet,calico,against,156371,-0.530,0.179,-0.443
rusted_barrel,calico,against,26477,0.273,0.365,0.151
scourge,calico,against,45016,1.389,0.286,0.926
shadow_weave,calico,against,25491,0.317,0.364,0.175
sharpshooter,calico,against,78021,-0.472,0.241,-0.349
silence_wave,calico,against,12127,0.390,0.451,0.174
silencer,calico,against,88633,-0.004,0.216,-0.003
siphon_bullets,calico,against,70894,0.099,0.242,0.073
slowing_bullets,calico,against,51905,1.153,0.281,0.778
slowing_hex,calico,against,157044,-0.507,0.186,-0.419
spellbreaker,calico,against,66400,0.890,0.245,0.651
spellslinger,calico,against,39940,-0.271,0.292,-0.178
spirit_burn,calico,against,245028,0.152,0.139,0.136
spirit_lifesteal,calico,against,265757,0.210,0.146,0.186
spirit_rend,calico,against,54217,0.511,0.274,0.350
spirit_resilience,calico,against,280965,-0.191,0.135,-0.172
spirit_sap,calico,against,30516,1.043,0.337,0.615
spirit_shielding,calico,against,121881,0.247,0.203,0.197
spirit_shredder_bullets,calico,against,64168,0.251,0.262,0.177
spirit_snatch,calico,against,174107,0.065,0.173,0.055
spirit_strike,calico,against,178931,-0.054,0.172,-0.046
spiritual_overflow,calico,against,146968,-0.449,0.186,-0.371
split_shot,calico,against,30513,-0.042,0.342,-0.024
sprint_boots,calico,against,376648,-0.239,0.121,-0.220
stalker,calico,against,156783,-0.020,0.175,-0.017
stamina_mastery,calico,against,233750,0.315,0.145,0.280
superior_cooldown,calico,against,428339,0.278,0.112,0.258
superior_duration,calico,against,296160,-0.251,0.133,-0.227
suppressor,calico,against,59828,-0.695,0.267,-0.484
surge_of_power,calico,against,142515,-0.241,0.193,-0.196
swift_striker,calico,against,248503,-0.086,0.145,-0.076
tankbuster,calico,against,417027,0.157,0.114,0.145
tesla_bullets,calico,against,83860,-0.149,0.238,-0.111
titanic_magazine,calico,against,164060,-0.029,0.177,-0.024
torment_pulse,calico,against,148240,0.174,0.181,0.145
toxic_bullets,calico,against,110914,0.279,0.206,0.221
transcendent_cooldown,calico,against,253382,0.382,0.136,0.344
trophy_collector,calico,against,286464,-0.113,0.140,-0.101
unstoppable,calico,against,103723,-0.667,0.216,-0.519
vampiric_burst,calico,against,74819,-0.169,0.243,-0.124
veil_walker,calico,against,83474,-0.527,0.250,-0.381
vortex_web,calico,against,34357,-0.643,0.321,-0.395
warp_stone,calico,against,105449,-0.566,0.212,-0.444
weakening_headshot,calico,against,86856,0.005,0.240,0.003
weapon_shielding,calico,against,22651,0.218,0.378,0.116
weighted_shots,calico,against,67212,0.639,0.255,0.457
witchmail,calico,against,82067,-0.079,0.224,-0.060
active_reload,celeste,against,64185,0.126,0.248,0.092
alchemical_fire,celeste,against,24731,0.249,0.352,0.142
arcane_surge,celeste,against,125676,-0.502,0.185,-0.415
arctic_blast,celeste,against,82747,-0.542,0.221,-0.417
armor_piercing_rounds,celeste,against,17598,0.921,0.373,0.498
ballistic_enchantment,celeste,against,58787,0.216,0.264,0.151
battle_vest,celeste,against,120914,-0.654,0.197,-0.528
berserker,celeste,against,96416,-0.043,0.211,-0.034
blood_tribute,celeste,against,15741,0.711,0.417,0.344
boundless_spirit,celeste,against,473153,-0.152,0.098,-0.143
bullet_lifesteal,celeste,against,170554,0.430,0.168,0.367
bullet_resilience,celeste,against,38664,0.380,0.293,0.249
bullet_resist_shredder,celeste,against,142692,-0.026,0.177,-0.022
burst_fire,celeste,against,157724,0.463,0.169,0.394
capacitor,celeste,against,60038,-0.428,0.251,-0.309
cheat_death,celeste,against,35084,-0.574,0.305,-0.366
close_quarters,celeste,against,230091,-0.002,0.140,-0.002
cold_front,celeste,against,145007,-0.250,0.175,-0.210
colossus,celeste,against,36670,-1.032,0.286,-0.688
compress_cooldown,celeste,against,426656,-0.181,0.108,-0.169
counterspell,celeste,against,97717,-0.331,0.209,-0.261
crippling_headshot,celeste,against,78759,0.697,0.224,0.534
crushing_fists,celeste,against,77036,-0.507,0.220,-0.391
cultist_sacrifice,celeste,against,91334,-1.397,0.210,-1.101
cursed_relic,celeste,against,51524,-0.242,0.271,-0.167
debuff_reducer,celeste,against,115017,0.030,0.197,0.024
decay,celeste,against,25978,-0.703,0.341,-0.411
disarming_hex,celeste,against,27015,-0.084,0.347,-0.048
dispel_magic,celeste,against,210067,-0.167,0.152,-0.147
divine_barrier,celeste,against,44319,-0.756,0.263,-0.531
diviners_kevlar,celeste,against,58146,-0.189,0.257,-0.135
duration_extender,celeste,against,259382,-0.073,0.135,-0.066
echo_shard,celeste,against,71232,0.248,0.235,0.186
enchanters_emblem,celeste,against,200284,0.030,0.151,0.026
enduring_speed,celeste,against,300738,0.059,0.123,0.054
escalating_exposure,celeste,against,274406,0.281,0.129,0.255
escalating_resilience,celeste,against,35310,0.280,0.318,0.173
ethereal_shift,celeste,against,37549,-0.789,0.291,-0.520
express_shot,celeste,against,67118,-1.185,0.245,-0.867
extended_magazine,celeste,against,175663,0.323,0.163,0.278
extra_charge,celeste,against,443269,0.270,0.105,0.253
extra_health,celeste,against,217367,-0.249,0.142,-0.221
extra_regen,celeste,against,389310,0.116,0.111,0.108
extra_spirit,celeste,against,664414,0.172,0.086,0.165
extra_stamina,celeste,against,348216,-0.041,0.116,-0.038
fleetfoot,celeste,against,102494,-0.762,0.201,-0.611
focus_lens,celeste,against,20978,0.107,0.362,0.059
fortitude,celeste,against,153619,-0.035,0.164,-0.030
frenzy,celeste,against,32400,-0.081,0.306,-0.052
fury_trance,celeste,against,16604,0.470,0.394,0.241
glass_cannon,celeste,against,51089,0.281,0.260,0.199
golden_goose_egg,celeste,against,39294,-0.038,0.315,-0.023
greater_expansion,celeste,against,364319,0.094,0.112,0.087
grit,celeste,against,190736,-0.571,0.156,-0.497
guardian_ward,celeste,against,62756,-0.202,0.239,-0.150
headhunter,celeste,against,109501,-0.216,0.201,-0.173
headshot_booster,celeste,against,135024,-0.241,0.183,-0.200
healbane,celeste,against,306388,-0.090,0.126,-0.082
healing_booster,celeste,against,256574,0.019,0.135,0.017
healing_nova,celeste,against,26310,-0.334,0.336,-0.198
healing_rite,celeste,against,91504,-0.778,0.213,-0.609
healing_tempo,celeste,against,86708,0.168,0.213,0.132
heroic_aura,celeste,against,51851,0.130,0.260,0.092
high_velocity_rounds,celeste,against,226909,0.114,0.144,0.101
hollow_point,celeste,against,60909,0.384,0.247,0.279
hunters_aura,celeste,against,134233,-0.540,0.178,-0.452
improved_spirit,celeste,against,626800,0.101,0.089,0.097
indomitable,celeste,against,109848,-0.018,0.197,-0.014
infuser,celeste,against,69035,0.296,0.235,0.221
inhibitor,celeste,against,61260,0.517,0.246,0.377
intensifying_magazine,celeste,against,61061,0.323,0.257,0.230
juggernaut,celeste,against,99125,0.461,0.195,0.374
kinetic_dash,celeste,against,58844,0.217,0.259,0.154
knockdown,celeste,against,55941,0.763,0.270,0.528
leech,celeste,against,100392,-0.035,0.206,-0.028
lifestrike,celeste,against,134923,-0.374,0.176,-0.315
lightning_scroll,celeste,against,40394,0.797,0.294,0.522
long_range,celeste,against,68586,0.072,0.239,0.054
lucky_shot,celeste,against,57693,0.968,0.243,0.712
magic_carpet,celeste,against,16470,-1.481,0.391,-0.766
majestic_leap,celeste,against,34900,-0.155,0.305,-0.099
melee_charge,celeste,against,103004,-0.415,0.200,-0.334
melee_lifesteal,celeste,against,216041,-0.008,0.144,-0.007
mercurial_magnum,celeste,against,149370,0.181,0.175,0.152
metal_skin,celeste,against,40016,-0.719,0.297,-0.467
monster_rounds,celeste,against,242976,-0.513,0.139,-0.458
mystic_burst,celeste,against,469261,0.100,0.102,0.094
mystic_expansion,celeste,against,442513,-0.020,0.104,-0.019
mystic_regeneration,celeste,against,161409,0.261,0.170,0.222
mystic_reverb,celeste,against,155321,0.402,0.167,0.343
mystic_shot,celeste,against,146774,-0.231,0.175,-0.195
mystic_slow,celeste,against,58495,0.295,0.264,0.207
mystic_vulnerability,celeste,against,305108,0.321,0.126,0.292
opening_rounds,celeste,against,175062,0.354,0.163,0.304
phantom_strike,celeste,against,36019,-0.352,0.296,-0.230
plated_armor,celeste,against,62106,0.595,0.243,0.438
point_blank,celeste,against,131138,0.459,0.182,0.382
quicksilver_reload,celeste,against,267373,0.218,0.135,0.196
radiant_regeneration,celeste,against,153892,0.058,0.173,0.049
rapid_recharge,celeste,against,371830,0.329,0.114,0.305
rapid_rounds,celeste,against,266180,0.545,0.132,0.492
reactive_barrier,celeste,against,110324,-0.376,0.202,-0.301
rebuttal,celeste,against,38929,-1.318,0.309,-0.833
recharging_rush,celeste,against,123794,-0.166,0.186,-0.137
refresher,celeste,against,89636,-0.434,0.213,-0.340
rescue_beam,celeste,against,34459,-0.573,0.313,-0.359
restorative_locket,celeste,against,56635,-0.342,0.274,-0.234
restorative_shot,celeste,against,208157,-0.379,0.149,-0.333
return_fire,celeste,against,9379,-0.202,0.473,-0.085
ricochet,celeste,against,183082,-0.013,0.158,-0.011
rusted_barrel,celeste,against,25619,-0.738,0.350,-0.422
scourge,celeste,against,58124,-0.610,0.251,-0.441
shadow_weave,celeste,against,25871,-0.785,0.349,-0.450
sharpshooter,celeste,against,80504,0.382,0.224,0.292
silence_wave,celeste,against,13517,-0.558,0.424,-0.266
silencer,celeste,against,102312,-0.284,0.194,-0.231
siphon_bullets,celeste,against,78746,-0.939,0.222,-0.721
slowing_bullets,celeste,against,58155,-0.097,0.259,-0.069
slowing_hex,celeste,against,145779,0.013,0.181,0.011
spellbreaker,celeste,against,74575,1.125,0.221,0.867
spellslinger,celeste,against,35567,-1.095,0.293,-0.718
spirit_burn,celeste,against,285819,-0.106,0.122,-0.097
spirit_lifesteal,celeste,against,295832,0.273,0.131,0.247
spirit_rend,celeste,against,71717,0.678,0.234,0.508
spirit_resilience,celeste,against,301917,-0.075,0.123,-0.069
spirit_sap,celeste,against,37464,0.348,0.300,0.224
spirit_shielding,celeste,against,115804,-1.096,0.195,-0.889
spirit_shredder_bullets,celeste,against,84137,0.489,0.224,0.375
spirit_snatch,celeste,against,206713,-0.147,0.150,-0.129
spirit_strike,celeste,against,208502,-0.113,0.150,-0.099
spiritual_overflow,celeste,against,162690,0.049,0.169,0.042
split_shot,celeste,against,34996,-0.658,0.316,-0.409
sprint_boots,celeste,against,418138,0.082,0.108,0.076
stalker,celeste,against,187596,-0.282,0.153,-0.247
stamina_mastery,celeste,against,246152,-0.081,0.133,-0.073
superior_cooldown,celeste,against,483864,0.001,0.100,0.001
superior_duration,celeste,against,326521,-0.096,0.120,-0.088
suppressor,celeste,against,49649,-0.305,0.277,-0.208
surge_of_power,celeste,against,165330,0.253,0.171,0.215
swift_striker,celeste,against,267237,0.385,0.132,0.348
tankbuster,celeste,against,450621,0.060,0.103,0.056
tesla_bullets,celeste,against,93964,-0.242,0.216,-0.189
titanic_magazine,celeste,against,192757,0.398,0.157,0.346
torment_pulse,celeste,against,153318,0.637,0.170,0.542
toxic_bullets,celeste,against,136210,0.291,0.180,0.243
transcendent_cooldown,celeste,against,312272,0.038,0.117,0.035
trophy_collector,celeste,against,321762,-0.004,0.124,-0.003
unstoppable,celeste,against,100439,-0.255,0.205,-0.203
vampiric_burst,celeste,against,88558,0.148,0.216,0.115
veil_walker,celeste,against,82289,0.047,0.239,0.035
vortex_web,celeste,against,35477,0.489,0.305,0.312
warp_stone,celeste,against,106052,-0.528,0.199,-0.425
weakening_headshot,celeste,against,94891,0.501,0.218,0.388
weapon_shielding,celeste,against,21945,-1.028,0.366,-0.566
weighted_shots,celeste,against,76464,0.083,0.234,0.063
witchmail,celeste,against,80908,0.288,0.215,0.225
active_reload,doorman,against,44614,0.232,0.288,0.154
alchemical_fire,doorman,against,17657,0.212,0.397,0.108
arcane_surge,doorman,against,87999,-0.195,0.219,-0.151
arctic_blast,doorman,against,54430,-0.093,0.265,-0.065
armor_piercing_rounds,doorman,against,12536,-2.057,0.421,-0.989
ballistic_enchantment,doorman,against,36378,0.072,0.319,0.045
battle_vest,doorman,against,78430,0.403,0.241,0.298
berserker,doorman,against,63262,0.338,0.253,0.243
blood_tribute,doorman,against,11093,0.295,0.457,0.129
boundless_spirit,doorman,against,309390,0.525,0.123,0.481
bullet_lifesteal,doorman,against,108264,0.286,0.208,0.226
bullet_resilience,doorman,against,27025,-0.795,0.335,-0.471
bullet_resist_shredder,doorman,against,97609,0.289,0.211,0.227
burst_fire,doorman,against,104788,-0.206,0.205,-0.164
capacitor,doorman,against,41687,0.685,0.295,0.447
cheat_death,doorman,against,20174,-1.752,0.369,-0.955
close_quarters,doorman,against,149128,-0.164,0.174,-0.138
cold_front,doorman,against,94500,-0.091,0.216,-0.071
colossus,doorman,against,25758,-0.750,0.329,-0.452
compress_cooldown,doorman,against,280177,0.000,0.134,0.000
counterspell,doorman,against,75789,-0.820,0.238,-0.609
crippling_headshot,doorman,against,54653,-0.770,0.265,-0.539
crushing_fists,doorman,against,52948,0.142,0.258,0.101
cultist_sacrifice,doorman,against,60833,0.698,0.254,0.501
cursed_relic,doorman,against,42013,-1.047,0.300,-0.675
debuff_reducer,doorman,against,85315,-0.285,0.229,-0.216
decay,doorman,against,18172,0.731,0.386,0.383
disarming_hex,doorman,against,20051,0.171,0.388,0.089
dispel_magic,doorman,against,147979,0.056,0.184,0.046
divine_barrier,doorman,against,32936,0.144,0.300,0.093
diviners_kevlar,doorman,against,41323,-0.498,0.300,-0.321
duration_extender,doorman,against,177005,-0.675,0.163,-0.581
echo_shard,doorman,against,49364,1.065,0.274,0.730
enchanters_emblem,doorman,against,134079,-0.356,0.184,-0.295
enduring_speed,doorman,against,197289,0.182,0.152,0.159
escalating_exposure,doorman,against,192966,0.273,0.154,0.238
escalating_resilience,doorman,against,23161,-1.152,0.367,-0.633
ethereal_shift,doorman,against,29084,-0.927,0.324,-0.564
express_shot,doorman,against,44948,-0.183,0.289,-0.121
extended_magazine,doorman,against,116504,-0.140,0.198,-0.113
extra_charge,doorman,against,291395,0.303,0.131,0.275
extra_health,doorman,against,138624,-0.395,0.179,-0.330
extra_regen,doorman,against,274340,0.325,0.134,0.293
extra_spirit,doorman,against,435310,0.109,0.108,0.102
extra_stamina,doorman,against,232684,-0.026,0.143,-0.023
fleetfoot,doorman,against,68894,-0.119,0.242,-0.088
focus_lens,doorman,against,13838,1.208,0.414,0.590
fortitude,doorman,against,96666,-0.137,0.206,-0.109
frenzy,doorman,against,21724,-1.275,0.355,-0.721
fury_trance,doorman,against,11571,0.662,0.443,0.301
glass_cannon,doorman,against,32780,-0.537,0.308,-0.340
golden_goose_egg,doorman,against,25913,-0.353,0.361,-0.197
greater_expansion,doorman,against,252399,-0.098,0.136,-0.088
grit,doorman,against,140746,-0.039,0.182,-0.032
guardian_ward,doorman,against,44568,-0.699,0.279,-0.474
headhunter,doorman,against,73127,0.913,0.240,0.675
headshot_booster,doorman,against,90140,0.598,0.221,0.461
healbane,doorman,against,201827,-0.053,0.156,-0.046
healing_booster,doorman,against,185364,0.494,0.160,0.428
healing_nova,doorman,against,18697,0.193,0.378,0.103
healing_rite,doorman,against,61948,-1.129,0.254,-0.809
healing_tempo,doorman,against,62562,-0.297,0.248,-0.216
heroic_aura,doorman,against,33934,0.397,0.310,0.251
high_velocity_rounds,doorman,against,167969,0.128,0.167,0.110
hollow_point,doorman,against,37912,0.152,0.302,0.098
hunters_aura,doorman,against,86088,-0.305,0.220,-0.235
improved_spirit,doorman,against,403791,0.126,0.112,0.117
indomitable,doorman,against,98299,-0.210,0.216,-0.163
infuser,doorman,against,46414,1.211,0.275,0.829
inhibitor,doorman,against,42642,-0.219,0.287,-0.146
intensifying_magazine,doorman,against,37538,-0.184,0.310,-0.116
juggernaut,doorman,against,67738,-0.070,0.232,-0.053
kinetic_dash,doorman,against,38336,-0.100,0.308,-0.063
knockdown,doorman,against,33714,-0.875,0.328,-0.527
leech,doorman,against,63549,1.128,0.248,0.821
lifestrike,doorman,against,88506,-0.093,0.214,-0.072
lightning_scroll,doorman,against,29057,-0.666,0.335,-0.395
long_range,doorman,against,45589,0.314,0.284,0.210
lucky_shot,doorman,against,37743,-0.708,0.290,-0.468
magic_carpet,doorman,against,12035,0.772,0.427,0.365
majestic_leap,doorman,against,23968,0.116,0.354,0.066
melee_charge,doorman,against,68766,-0.399,0.238,-0.296
melee_lifesteal,doorman,against,138355,-0.142,0.180,-0.119
mercurial_magnum,doorman,against,101647,0.436,0.211,0.343
metal_skin,doorman,against,27632,-0.343,0.346,-0.198
monster_rounds,doorman,against,159667,0.619,0.172,0.524
mystic_burst,doorman,against,299042,-0.164,0.129,-0.149
mystic_expansion,doorman,against,296847,-0.040,0.129,-0.036
mystic_regeneration,doorman,against,116741,0.227,0.196,0.184
mystic_reverb,doorman,against,101180,0.515,0.204,0.411
mystic_shot,doorman,against,93967,0.719,0.216,0.559
mystic_slow,doorman,against,39577,-0.040,0.306,-0.025
mystic_vulnerability,doorman,against,206627,-0.152,0.152,-0.133
opening_rounds,doorman,against,126323,0.265,0.190,0.217
phantom_strike,doorman,against,24043,-0.267,0.343,-0.155
plated_armor,doorman,against,46900,-0.706,0.278,-0.480
point_blank,doorman,against,83491,-0.265,0.225,-0.203
quicksilver_reload,doorman,against,176282,0.096,0.166,0.082
radiant_regeneration,doorman,against,113321,0.791,0.199,0.637
rapid_recharge,doorman,against,244178,0.363,0.141,0.324
rapid_rounds,doorman,against,176972,-0.204,0.163,-0.176
reactive_barrier,doorman,against,88827,0.146,0.228,0.111
rebuttal,doorman,against,25514,0.118,0.357,0.066
recharging_rush,doorman,against,77618,0.053,0.231,0.040
refresher,doorman,against,65784,-0.724,0.244,-0.531
rescue_beam,doorman,against,25601,-1.816,0.350,-1.039
restorative_locket,doorman,against,46263,0.555,0.290,0.367
restorative_shot,doorman,against,131060,0.335,0.188,0.275
return_fire,doorman,against,6419,-1.452,0.537,-0.526
ricochet,doorman,against,121467,1.186,0.192,0.968
rusted_barrel,doorman,against,18168,0.154,0.396,0.079
scourge,doorman,against,42868,0.351,0.284,0.235
shadow_weave,doorman,against,16525,0.626,0.401,0.316
sharpshooter,doorman,against,53123,0.481,0.268,0.334
silence_wave,doorman,against,10302,0.205,0.465,0.088
silencer,doorman,against,70839,-0.794,0.231,-0.598
siphon_bullets,doorman,against,54430,-0.137,0.260,-0.097
slowing_bullets,doorman,against,37205,-0.416,0.310,-0.262
slowing_hex,doorman,against,94450,-0.325,0.222,-0.250
spellbreaker,doorman,against,52800,-1.396,0.261,-0.986
spellslinger,doorman,against,29251,0.364,0.316,0.226
spirit_burn,doorman,against,188791,-0.135,0.151,-0.119
spirit_lifesteal,doorman,against,196619,0.682,0.160,0.590
spirit_rend,doorman,against,43764,-1.420,0.289,-0.940
spirit_resilience,doorman,against,198568,-0.400,0.153,-0.350
spirit_sap,doorman,against,22691,0.020,0.361,0.011
spirit_shielding,doorman,against,81803,-0.019,0.230,-0.014
spirit_shredder_bullets,doorman,against,51008,-0.962,0.276,-0.656
spirit_snatch,doorman,against,132678,0.034,0.186,0.028
spirit_strike,doorman,against,132437,-0.277,0.188,-0.228
spiritual_overflow,doorman,against,116171,0.224,0.198,0.181
split_shot,doorman,against,22659,-0.381,0.365,-0.210
sprint_boots,doorman,against,276733,-0.466,0.134,-0.419
stalker,doorman,against,120564,0.100,0.191,0.082
stamina_mastery,doorman,against,167861,0.621,0.161,0.536
superior_cooldown,doorman,against,322562,-0.025,0.123,-0.023
superior_duration,doorman,against,225737,-0.490,0.144,-0.435
suppressor,doorman,against,40928,0.372,0.295,0.243
surge_of_power,doorman,against,110502,-0.263,0.207,-0.208
swift_striker,doorman,against,179157,-0.139,0.162,-0.120
tankbuster,doorman,against,288246,0.138,0.131,0.125
tesla_bullets,doorman,against,64075,0.534,0.255,0.382
titanic_magazine,doorman,against,126304,-0.071,0.191,-0.058
torment_pulse,doorman,against,116295,0.544,0.193,0.443
toxic_bullets,doorman,against,85626,-0.199,0.221,-0.154
transcendent_cooldown,doorman,against,211442,-0.133,0.144,-0.118
trophy_collector,doorman,against,214784,-0.498,0.153,-0.436
unstoppable,doorman,against,79605,-0.892,0.233,-0.669
vampiric_burst,doorman,against,57137,0.543,0.263,0.382
veil_walker,doorman,against,54289,-0.074,0.285,-0.050
vortex_web,doorman,against,20199,-0.563,0.371,-0.306
warp_stone,doorman,against,74843,-0.264,0.234,-0.198
weakening_headshot,doorman,against,62652,0.192,0.262,0.136
weapon_shielding,doorman,against,15567,-0.528,0.413,-0.258
weighted_shots,doorman,against,48570,-0.317,0.282,-0.214
witchmail,doorman,against,62900,-0.414,0.241,-0.306
active_reload,drifter,against,106934,-0.768,0.206,-0.610
alchemical_fire,drifter,against,40864,-0.120,0.301,-0.077
arcane_surge,drifter,against,205421,0.362,0.151,0.318
arctic_blast,drifter,against,127018,-0.677,0.190,-0.555
armor_piercing_rounds,drifter,against,26065,0.542,0.332,0.323
ballistic_enchantment,drifter,against,94947,-0.371,0.223,-0.285
battle_vest,drifter,against,211084,-0.109,0.157,-0.095
berserker,drifter,against,162972,-0.008,0.171,-0.007
blood_tribute,drifter,against,25182,0.491,0.370,0.267
boundless_spirit,drifter,against,731999,-0.006,0.081,-0.006
bullet_lifesteal,drifter,against,256952,-0.361,0.143,-0.321
bullet_resilience,drifter,against,80173,-0.586,0.225,-0.448
bullet_resist_shredder,drifter,against,236401,-0.051,0.145,-0.045
burst_fire,drifter,against,219325,-0.126,0.149,-0.111
capacitor,drifter,against,96704,-0.603,0.211,-0.474
cheat_death,drifter,against,55617,0.351,0.260,0.248
close_quarters,drifter,against,332317,0.156,0.120,0.143
cold_front,drifter,against,229042,-0.067,0.146,-0.059
colossus,drifter,against,52438,0.214,0.254,0.154
compress_cooldown,drifter,against,685865,0.116,0.087,0.110
counterspell,drifter,against,184283,0.179,0.162,0.154
crippling_headshot,drifter,against,110974,0.174,0.197,0.141
crushing_fists,drifter,against,107530,0.166,0.195,0.135
cultist_sacrifice,drifter,against,151491,-0.065,0.171,-0.056
cursed_relic,drifter,against,80472,-0.277,0.230,-0.209
debuff_reducer,drifter,against,203173,0.541,0.157,0.470
decay,drifter,against,43315,0.300,0.292,0.197
disarming_hex,drifter,against,52603,0.107,0.281,0.072
dispel_magic,drifter,against,395581,-0.017,0.117,-0.015
divine_barrier,drifter,against,73387,-0.577,0.219,-0.446
diviners_kevlar,drifter,against,92974,0.707,0.216,0.550
duration_extender,drifter,against,394542,-0.163,0.113,-0.151
echo_shard,drifter,against,110266,0.239,0.199,0.192
enchanters_emblem,drifter,against,313217,-0.186,0.125,-0.170
enduring_speed,drifter,against,476764,-0.133,0.101,-0.126
escalating_exposure,drifter,against,462686,0.018,0.102,0.017
escalating_resilience,drifter,against,57172,0.161,0.273,0.111
ethereal_shift,drifter,against,66207,0.236,0.239,0.175
express_shot,drifter,against,114477,0.490,0.200,0.394
extended_magazine,drifter,against,284508,0.040,0.133,0.036
extra_charge,drifter,against,727771,0.010,0.084,0.010
extra_health,drifter,against,315127,-0.040,0.123,-0.036
extra_regen,drifter,against,680166,-0.164,0.087,-0.157
extra_spirit,drifter,against,1056858,-0.030,0.070,-0.029
extra_stamina,drifter,against,547468,0.120,0.095,0.113
fleetfoot,drifter,against,169934,0.434,0.165,0.372
focus_lens,drifter,against,29243,0.166,0.326,0.101
fortitude,drifter,against,208145,-0.397,0.147,-0.351
frenzy,drifter,against,43433,0.065,0.276,0.044
fury_trance,drifter,against,26847,-1.057,0.344,-0.614
glass_cannon,drifter,against,67663,-0.285,0.243,-0.210
golden_goose_egg,drifter,against,62636,-0.088,0.269,-0.061
greater_expansion,drifter,against,609560,-0.140,0.089,-0.133
grit,drifter,against,331497,0.206,0.123,0.188
guardian_ward,drifter,against,102922,-0.321,0.199,-0.259
headhunter,drifter,against,173319,0.196,0.168,0.168
headshot_booster,drifter,against,212340,0.202,0.153,0.177
healbane,drifter,against,486668,0.171,0.103,0.160
healing_booster,drifter,against,471816,-0.303,0.103,-0.284
healing_nova,drifter,against,40814,0.465,0.290,0.307
healing_rite,drifter,against,142135,0.108,0.179,0.090
healing_tempo,drifter,against,139475,-0.139,0.175,-0.117
heroic_aura,drifter,against,86456,0.358,0.215,0.279
high_velocity_rounds,drifter,against,425237,-0.237,0.109,-0.221
hollow_point,drifter,against,85767,-0.260,0.225,-0.199
hunters_aura,drifter,against,184223,0.266,0.161,0.230
improved_spirit,drifter,against,999217,0.047,0.072,0.045
indomitable,drifter,against,179858,-0.047,0.163,-0.041
infuser,drifter,against,116513,-0.397,0.191,-0.325
inhibitor,drifter,against,86580,-0.116,0.216,-0.090
intensifying_magazine,drifter,against,98302,0.143,0.217,0.111
juggernaut,drifter,against,148337,-0.097,0.165,-0.083
kinetic_dash,drifter,against,72450,-0.617,0.245,-0.451
knockdown,drifter,against,80360,-0.220,0.238,-0.163
leech,drifter,against,141222,-0.349,0.180,-0.291
lifestrike,drifter,against,192834,0.212,0.153,0.186
lightning_scroll,drifter,against,65736,0.068,0.249,0.049
long_range,drifter,against,113332,-0.350,0.197,-0.283
lucky_shot,drifter,against,73494,-0.433,0.226,-0.330
magic_carpet,drifter,against,25765,-0.296,0.339,-0.174
majestic_leap,drifter,against,58142,-0.065,0.256,-0.046
melee_charge,drifter,against,147456,-0.113,0.175,-0.095
melee_lifesteal,drifter,against,293857,0.164,0.128,0.149
mercurial_magnum,drifter,against,235110,0.485,0.145,0.430
metal_skin,drifter,against,82442,-0.023,0.227,-0.017
monster_rounds,drifter,against,395322,0.119,0.113,0.111
mystic_burst,drifter,against,707447,0.002,0.085,0.002
mystic_expansion,drifter,against,741221,-0.190,0.083,-0.182
mystic_regeneration,drifter,against,320370,-0.295,0.124,-0.270
mystic_reverb,drifter,against,237597,0.070,0.141,0.063
mystic_shot,drifter,against,233156,0.359,0.145,0.318
mystic_slow,drifter,against,96414,-0.183,0.220,-0.141
mystic_vulnerability,drifter,against,523832,-0.091,0.099,-0.086
opening_rounds,drifter,against,318936,-0.327,0.124,-0.299
phantom_strike,drifter,against,52037,0.381,0.260,0.269
plated_armor,drifter,against,126603,0.124,0.185,0.103
point_blank,drifter,against,166574,-0.206,0.166,-0.176
quicksilver_reload,drifter,against,421163,0.023,0.111,0.022
radiant_regeneration,drifter,against,310857,-0.383,0.126,-0.349
rapid_recharge,drifter,against,602217,0.045,0.092,0.043
rapid_rounds,drifter,against,415841,0.120,0.110,0.111
reactive_barrier,drifter,against,194601,0.017,0.161,0.014
rebuttal,drifter,against,69372,0.061,0.254,0.044
recharging_rush,drifter,against,206194,0.172,0.151,0.151
refresher,drifter,against,150809,0.131,0.171,0.111
rescue_beam,drifter,against,56548,-0.161,0.266,-0.112
restorative_locket,drifter,against,118670,0.106,0.200,0.085
restorative_shot,drifter,against,344851,0.234,0.121,0.215
return_fire,drifter,against,17267,0.198,0.404,0.099
ricochet,drifter,against,290713,-0.326,0.131,-0.296
rusted_barrel,drifter,against,45009,0.250,0.293,0.164
scourge,drifter,against,90773,0.034,0.212,0.026
shadow_weave,drifter,against,22935,-0.107,0.364,-0.059
sharpshooter,drifter,against,129705,-0.364,0.186,-0.300
silence_wave,drifter,against,20293,0.140,0.376,0.075
silencer,drifter,against,137066,0.018,0.175,0.015
siphon_bullets,drifter,against,124427,0.101,0.186,0.084
slowing_bullets,drifter,against,83418,-0.007,0.225,-0.005
slowing_hex,drifter,against,225689,-0.013,0.150,-0.011
spellbreaker,drifter,against,106420,0.089,0.193,0.073
spellslinger,drifter,against,72729,-0.415,0.223,-0.318
spirit_burn,drifter,against,426527,0.087,0.103,0.081
spirit_lifesteal,drifter,against,493768,-0.088,0.104,-0.082
spirit_rend,drifter,against,105513,-0.113,0.203,-0.090
spirit_resilience,drifter,against,433334,0.156,0.106,0.146
spirit_sap,drifter,against,55043,0.907,0.263,0.638
spirit_shielding,drifter,against,190785,0.353,0.159,0.305
spirit_shredder_bullets,drifter,against,131194,0.175,0.188,0.144
spirit_snatch,drifter,against,286116,-0.121,0.132,-0.109
spirit_strike,drifter,against,295627,-0.083,0.131,-0.075
spiritual_overflow,drifter,against,267916,0.204,0.136,0.183
split_shot,drifter,against,56092,0.694,0.270,0.481
sprint_boots,drifter,against,646233,0.014,0.089,0.014
stalker,drifter,against,234142,0.228,0.141,0.203
stamina_mastery,drifter,against,403069,0.189,0.107,0.177
superior_cooldown,drifter,against,779111,0.090,0.080,0.087
superior_duration,drifter,against,487660,-0.019,0.101,-0.018
suppressor,drifter,against,112994,0.452,0.200,0.363
surge_of_power,drifter,against,260181,-0.061,0.142,-0.054
swift_striker,drifter,against,431099,0.016,0.108,0.015
tankbuster,drifter,against,671248,0.103,0.086,0.098
tesla_bullets,drifter,against,153536,0.238,0.178,0.200
titanic_magazine,drifter,against,307288,-0.137,0.128,-0.124
torment_pulse,drifter,against,289239,-0.342,0.128,-0.311
toxic_bullets,drifter,against,194877,0.400,0.156,0.348
transcendent_cooldown,drifter,against,475681,0.013,0.097,0.012
trophy_collector,drifter,against,480120,0.020,0.105,0.019
unstoppable,drifter,against,177116,0.505,0.165,0.433
vampiric_burst,drifter,against,128338,-0.328,0.189,-0.269
veil_walker,drifter,against,109100,-0.093,0.224,-0.072
vortex_web,drifter,against,56666,0.007,0.259,0.005
warp_stone,drifter,against,171339,0.250,0.163,0.215
weakening_headshot,drifter,against,149002,0.274,0.184,0.227
weapon_shielding,drifter,against,46088,-0.250,0.289,-0.165
weighted_shots,drifter,against,105964,0.160,0.204,0.127
witchmail,drifter,against,133952,0.306,0.174,0.258
active_reload,dynamo,against,68869,-0.285,0.253,-0.205
alchemical_fire,dynamo,against,28057,1.068,0.351,0.609
arcane_surge,dynamo,against,130240,0.130,0.194,0.106
arctic_blast,dynamo,against,80312,-0.763,0.236,-0.570
armor_piercing_rounds,dynamo,against,17503,0.174,0.383,0.092
ballistic_enchantment,dynamo,against,62512,-0.466,0.273,-0.320
battle_vest,dynamo,against,130325,-0.390,0.202,-0.312
berserker,dynamo,against,99011,-0.427,0.220,-0.329
blood_tribute,dynamo,against,16711,-0.688,0.421,-0.330
boundless_spirit,dynamo,against,473336,0.115,0.104,0.107
bullet_lifesteal,dynamo,against,175487,-0.236,0.176,-0.199
bullet_resilience,dynamo,against,41259,0.213,0.297,0.138
bullet_resist_shredder,dynamo,against,150999,-0.454,0.184,-0.377
burst_fire,dynamo,against,163235,-0.599,0.177,-0.503
capacitor,dynamo,against,64918,0.085,0.255,0.061
cheat_death,dynamo,against,37231,0.096,0.310,0.060
close_quarters,dynamo,against,240173,-0.314,0.146,-0.278
cold_front,dynamo,against,149197,-0.728,0.183,-0.604
colossus,dynamo,against,37258,-0.496,0.297,-0.322
compress_cooldown,dynamo,against,435390,0.167,0.114,0.155
counterspell,dynamo,against,107772,-0.148,0.214,-0.116
crippling_headshot,dynamo,against,76477,0.138,0.239,0.102
crushing_fists,dynamo,against,81202,-0.404,0.228,-0.306
cultist_sacrifice,dynamo,against,100557,-0.254,0.214,-0.198
cursed_relic,dynamo,against,63283,-0.581,0.264,-0.408
debuff_reducer,dynamo,against,140377,0.398,0.195,0.323
decay,dynamo,against,27436,0.900,0.348,0.517
disarming_hex,dynamo,against,31475,-0.298,0.345,-0.173
dispel_magic,dynamo,against,219551,-0.366,0.161,-0.316
divine_barrier,dynamo,against,53182,-0.408,0.260,-0.289
diviners_kevlar,dynamo,against,56365,0.432,0.274,0.296
duration_extender,dynamo,against,273509,0.161,0.141,0.144
echo_shard,dynamo,against,74205,0.086,0.243,0.064
enchanters_emblem,dynamo,against,206734,0.153,0.160,0.132
enduring_speed,dynamo,against,310999,-0.192,0.129,-0.174
escalating_exposure,dynamo,against,311003,0.275,0.129,0.250
escalating_resilience,dynamo,against,37366,-0.434,0.325,-0.264
ethereal_shift,dynamo,against,38911,-0.100,0.303,-0.064
express_shot,dynamo,against,70106,-0.200,0.252,-0.144
extended_magazine,dynamo,against,195231,-0.184,0.165,-0.158
extra_charge,dynamo,against,460255,0.208,0.110,0.193
extra_health,dynamo,against,221468,-0.417,0.151,-0.366
extra_regen,dynamo,against,427928,-0.046,0.114,-0.042
extra_spirit,dynamo,against,695313,0.141,0.090,0.134
extra_stamina,dynamo,against,354309,0.185,0.122,0.169
fleetfoot,dynamo,against,110530,-0.695,0.207,-0.551
focus_lens,dynamo,against,19580,-0.050,0.383,-0.026
fortitude,dynamo,against,157731,-0.426,0.173,-0.360
frenzy,dynamo,against,30391,-0.142,0.325,-0.086
fury_trance,dynamo,against,17233,-0.583,0.401,-0.294
glass_cannon,dynamo,against,47157,-0.595,0.277,-0.405
golden_goose_egg,dynamo,against,42232,0.832,0.314,0.520
greater_expansion,dynamo,against,393623,0.676,0.115,0.625
grit,dynamo,against,225221,0.404,0.154,0.353
guardian_ward,dynamo,against,78124,0.302,0.232,0.227
headhunter,dynamo,against,96913,-0.637,0.223,-0.488
headshot_booster,dynamo,against,121347,-0.540,0.203,-0.432
healbane,dynamo,against,333678,0.577,0.129,0.524
healing_booster,dynamo,against,287122,0.101,0.137,0.091
healing_nova,dynamo,against,28604,-0.324,0.333,-0.193
healing_rite,dynamo,against,100614,0.683,0.215,0.532
healing_tempo,dynamo,against,89213,-0.114,0.219,-0.088
heroic_aura,dynamo,against,54488,-0.079,0.268,-0.055
high_velocity_rounds,dynamo,against,278051,0.056,0.139,0.050
hollow_point,dynamo,against,62948,-0.609,0.257,-0.434
hunters_aura,dynamo,against,132916,-0.845,0.191,-0.691
improved_spirit,dynamo,against,651083,0.051,0.093,0.049
indomitable,dynamo,against,112824,0.284,0.207,0.225
infuser,dynamo,against,75553,0.219,0.240,0.162
inhibitor,dynamo,against,60585,0.002,0.258,0.001
intensifying_magazine,dynamo,against,65603,-0.437,0.264,-0.307
juggernaut,dynamo,against,95408,0.197,0.206,0.156
kinetic_dash,dynamo,against,64340,-0.522,0.261,-0.369
knockdown,dynamo,against,68866,0.446,0.262,0.314
leech,dynamo,against,97660,0.300,0.216,0.234
lifestrike,dynamo,against,137722,-0.270,0.185,-0.223
lightning_scroll,dynamo,against,46331,1.372,0.290,0.906
long_range,dynamo,against,67936,-0.179,0.253,-0.129
lucky_shot,dynamo,against,53874,0.106,0.261,0.075
magic_carpet,dynamo,against,16710,0.131,0.399,0.066
majestic_leap,dynamo,against,37448,-0.429,0.312,-0.269
melee_charge,dynamo,against,110944,-0.276,0.206,-0.219
melee_lifesteal,dynamo,against,216934,-0.495,0.154,-0.433
mercurial_magnum,dynamo,against,153781,-0.345,0.183,-0.286
metal_skin,dynamo,against,47707,0.233,0.290,0.154
monster_rounds,dynamo,against,260301,-0.071,0.143,-0.063
mystic_burst,dynamo,against,472899,-0.325,0.108,-0.303
mystic_expansion,dynamo,against,473493,0.292,0.108,0.272
mystic_regeneration,dynamo,against,191537,0.945,0.165,0.810
mystic_reverb,dynamo,against,144371,0.289,0.183,0.240
mystic_shot,dynamo,against,142487,-0.423,0.189,-0.347
mystic_slow,dynamo,against,67446,0.719,0.262,0.506
mystic_vulnerability,dynamo,against,346335,0.408,0.126,0.372
opening_rounds,dynamo,against,214217,0.431,0.157,0.374
phantom_strike,dynamo,against,39852,-0.973,0.302,-0.625
plated_armor,dynamo,against,67428,-0.969,0.250,-0.702
point_blank,dynamo,against,134233,-0.614,0.190,-0.503
quicksilver_reload,dynamo,against,279515,-0.282,0.141,-0.251
radiant_regeneration,dynamo,against,183485,0.773,0.167,0.660
rapid_recharge,dynamo,against,383060,0.525,0.119,0.483
rapid_rounds,dynamo,against,287193,-0.251,0.136,-0.226
reactive_barrier,dynamo,against,123524,0.169,0.205,0.134
rebuttal,dynamo,against,37311,-0.243,0.325,-0.148
recharging_rush,dynamo,against,108947,-0.130,0.207,-0.103
refresher,dynamo,against,82906,0.926,0.230,0.699
rescue_beam,dynamo,against,42892,0.835,0.303,0.535
restorative_locket,dynamo,against,73712,0.161,0.253,0.115
restorative_shot,dynamo,against,208044,-0.571,0.159,-0.495
return_fire,dynamo,against,10904,-0.558,0.460,-0.244
ricochet,dynamo,against,196509,-0.607,0.163,-0.522
rusted_barrel,dynamo,against,29351,-0.441,0.352,-0.251
scourge,dynamo,against,61417,-0.098,0.256,-0.070
shadow_weave,dynamo,against,26059,-0.432,0.363,-0.239
sharpshooter,dynamo,against,78348,-0.328,0.240,-0.242
silence_wave,dynamo,against,15964,-0.950,0.412,-0.466
silencer,dynamo,against,103575,-0.382,0.205,-0.304
siphon_bullets,dynamo,against,81583,-0.405,0.230,-0.306
slowing_bullets,dynamo,against,59660,-0.725,0.267,-0.505
slowing_hex,dynamo,against,170378,-0.106,0.180,-0.088
spellbreaker,dynamo,against,77204,0.356,0.229,0.270
spellslinger,dynamo,against,42742,-0.214,0.284,-0.143
spirit_burn,dynamo,against,278312,0.187,0.132,0.169
spirit_lifesteal,dynamo,against,327616,0.418,0.133,0.378
spirit_rend,dynamo,against,69890,1.265,0.248,0.919
spirit_resilience,dynamo,against,309161,0.189,0.129,0.172
spirit_sap,dynamo,against,34404,-0.213,0.324,-0.130
spirit_shielding,dynamo,against,134332,-0.061,0.195,-0.050
spirit_shredder_bullets,dynamo,against,83088,0.432,0.236,0.322
spirit_snatch,dynamo,against,207714,-0.324,0.160,-0.280
spirit_strike,dynamo,against,208441,-0.230,0.160,-0.199
spiritual_overflow,dynamo,against,177930,-0.014,0.171,-0.012
split_shot,dynamo,against,36514,-0.409,0.322,-0.250
sprint_boots,dynamo,against,441185,0.077,0.113,0.071
stalker,dynamo,against,188316,-0.476,0.164,-0.409
stamina_mastery,dynamo,against,250047,0.126,0.140,0.113
superior_cooldown,dynamo,against,492628,0.225,0.105,0.211
superior_duration,dynamo,against,346007,0.164,0.124,0.150
suppressor,dynamo,against,68855,0.824,0.252,0.593
surge_of_power,dynamo,against,168579,-0.171,0.179,-0.143
swift_striker,dynamo,against,286458,-0.174,0.136,-0.156
tankbuster,dynamo,against,447640,-0.322,0.111,-0.299
tesla_bullets,dynamo,against,103374,0.243,0.218,0.188
titanic_magazine,dynamo,against,209847,-0.485,0.159,-0.420
torment_pulse,dynamo,against,186227,0.281,0.164,0.241
toxic_bullets,dynamo,against,143133,-0.152,0.187,-0.126
transcendent_cooldown,dynamo,against,303815,0.104,0.125,0.095
trophy_collector,dynamo,against,339730,0.196,0.130,0.177
unstoppable,dynamo,against,133946,-0.248,0.194,-0.202
vampiric_burst,dynamo,against,89077,-1.027,0.228,-0.780
veil_walker,dynamo,against,84486,-0.321,0.251,-0.232
vortex_web,dynamo,against,42210,0.808,0.302,0.519
warp_stone,dynamo,against,103371,-0.365,0.214,-0.285
weakening_headshot,dynamo,against,100517,-0.668,0.227,-0.508
weapon_shielding,dynamo,against,26288,-0.439,0.357,-0.247
weighted_shots,dynamo,against,77469,-0.516,0.242,-0.380
witchmail,dynamo,against,90393,0.880,0.216,0.685
active_reload,graves,against,88994,0.408,0.225,0.312
alchemical_fire,graves,against,37076,0.216,0.314,0.135
arcane_surge,graves,against,148185,0.794,0.178,0.665
arctic_blast,graves,against,116718,-0.240,0.199,-0.193
armor_piercing_rounds,graves,against,25904,1.029,0.337,0.608
ballistic_enchantment,graves,against,83896,-0.362,0.237,-0.270
battle_vest,graves,against,172170,-0.406,0.174,-0.343
berserker,graves,against,131041,-0.587,0.191,-0.480
blood_tribute,graves,against,22814,0.397,0.385,0.208
boundless_spirit,graves,against,654361,-0.354,0.088,-0.338
bullet_lifesteal,graves,against,237424,-0.202,0.150,-0.178
bullet_resilience,graves,against,59685,1.688,0.256,1.205
bullet_resist_shredder,graves,against,201155,-0.704,0.157,-0.612
burst_fire,graves,against,223963,-0.307,0.149,-0.271
capacitor,graves,against,81222,0.106,0.231,0.080
cheat_death,graves,against,51534,0.072,0.273,0.049
close_quarters,graves,against,317070,-1.170,0.124,-1.069
cold_front,graves,against,205577,0.235,0.154,0.205
colossus,graves,against,52345,-1.368,0.261,-0.965
compress_cooldown,graves,against,594542,0.118,0.095,0.112
counterspell,graves,against,134889,0.615,0.188,0.505
crippling_headshot,graves,against,113244,-0.084,0.202,-0.067
crushing_fists,graves,against,109365,-1.760,0.198,-1.420
cultist_sacrifice,graves,against,128722,0.599,0.186,0.495
cursed_relic,graves,against,75040,-0.010,0.240,-0.008
debuff_reducer,graves,against,166291,0.929,0.175,0.783
decay,graves,against,33858,-0.137,0.323,-0.083
disarming_hex,graves,against,41200,1.356,0.307,0.861
dispel_magic,graves,against,307038,0.215,0.133,0.194
divine_barrier,graves,against,68554,-0.129,0.232,-0.097
diviners_kevlar,graves,against,72194,-0.456,0.246,-0.333
duration_extender,graves,against,340856,-0.222,0.123,-0.203
echo_shard,graves,against,77357,0.036,0.237,0.027
enchanters_emblem,graves,against,264302,0.097,0.138,0.087
enduring_speed,graves,against,426126,0.542,0.109,0.505
escalating_exposure,graves,against,405001,0.161,0.112,0.150
escalating_resilience,graves,against,50358,0.652,0.287,0.434
ethereal_shift,graves,against,54069,0.488,0.264,0.343
express_shot,graves,against,91755,-1.027,0.220,-0.793
extended_magazine,graves,against,250109,0.172,0.143,0.153
extra_charge,graves,against,644804,0.055,0.091,0.052
extra_health,graves,against,302588,-0.383,0.127,-0.349
extra_regen,graves,against,584528,0.180,0.095,0.170
extra_spirit,graves,against,916686,0.255,0.076,0.246
extra_stamina,graves,against,460170,-0.054,0.104,-0.051
fleetfoot,graves,against,143672,0.327,0.179,0.274
focus_lens,graves,against,28892,-0.085,0.335,-0.050
fortitude,graves,against,215142,-0.716,0.146,-0.633
frenzy,graves,against,44772,-0.312,0.283,-0.209
fury_trance,graves,against,24927,-0.281,0.355,-0.159
glass_cannon,graves,against,70314,-0.760,0.239,-0.563
golden_goose_egg,graves,against,55181,0.002,0.283,0.001
greater_expansion,graves,against,567160,0.530,0.095,0.503
grit,graves,against,281238,0.053,0.135,0.048
guardian_ward,graves,against,95875,0.162,0.209,0.128
headhunter,graves,against,151915,0.054,0.179,0.045
headshot_booster,graves,against,188299,0.154,0.162,0.133
healbane,graves,against,431849,-0.072,0.110,-0.067
healing_booster,graves,against,396338,-0.232,0.114,-0.214
healing_nova,graves,against,38667,-0.144,0.300,-0.093
healing_rite,graves,against,132196,0.233,0.187,0.192
healing_tempo,graves,against,133997,-0.544,0.185,-0.450
heroic_aura,graves,against,52634,0.820,0.264,0.574
high_velocity_rounds,graves,against,371569,0.305,0.117,0.281
hollow_point,graves,against,84203,-0.873,0.225,-0.668
hunters_aura,graves,against,179762,-1.083,0.162,-0.932
improved_spirit,graves,against,859295,0.000,0.079,0.000
indomitable,graves,against,163185,0.155,0.174,0.131
infuser,graves,against,98205,0.652,0.211,0.512
inhibitor,graves,against,84333,0.526,0.225,0.401
intensifying_magazine,graves,against,93238,0.524,0.223,0.402
juggernaut,graves,against,143699,0.768,0.172,0.651
kinetic_dash,graves,against,86942,-0.735,0.225,-0.561
knockdown,graves,against,77843,1.003,0.245,0.735
leech,graves,against,133790,-0.237,0.189,-0.194
lifestrike,graves,against,186433,-1.372,0.157,-1.193
lightning_scroll,graves,against,64917,0.590,0.255,0.423
long_range,graves,against,96988,-0.457,0.213,-0.358
lucky_shot,graves,against,80178,-0.652,0.224,-0.499
magic_carpet,graves,against,22210,1.343,0.362,0.746
majestic_leap,graves,against,48411,0.072,0.279,0.049
melee_charge,graves,against,145172,-1.271,0.178,-1.064
melee_lifesteal,graves,against,295479,-1.003,0.128,-0.911
mercurial_magnum,graves,against,214130,-0.094,0.154,-0.082
metal_skin,graves,against,57502,2.073,0.263,1.458
monster_rounds,graves,against,340445,0.099,0.122,0.090
mystic_burst,graves,against,658312,0.204,0.089,0.195
mystic_expansion,graves,against,672492,0.468,0.089,0.447
mystic_regeneration,graves,against,259474,-0.064,0.138,-0.058
mystic_reverb,graves,against,210987,-0.211,0.153,-0.185
mystic_shot,graves,against,169102,-0.547,0.169,-0.465
mystic_slow,graves,against,93750,0.645,0.225,0.493
mystic_vulnerability,graves,against,435013,0.469,0.110,0.436
opening_rounds,graves,against,287363,0.312,0.133,0.282
phantom_strike,graves,against,47456,-0.133,0.276,-0.091
plated_armor,graves,against,93651,0.672,0.212,0.528
point_blank,graves,against,181599,-1.414,0.162,-1.218
quicksilver_reload,graves,against,380822,0.044,0.118,0.041
radiant_regeneration,graves,against,251755,-0.212,0.140,-0.189
rapid_recharge,graves,against,545773,0.001,0.098,0.001
rapid_rounds,graves,against,380427,-0.018,0.115,-0.017
reactive_barrier,graves,against,161167,0.254,0.178,0.213
rebuttal,graves,against,52864,-0.858,0.278,-0.582
recharging_rush,graves,against,166142,-0.080,0.170,-0.068
refresher,graves,against,123860,0.555,0.192,0.452
rescue_beam,graves,against,51278,-0.188,0.278,-0.128
restorative_locket,graves,against,96595,0.250,0.221,0.192
restorative_shot,graves,against,230627,-0.815,0.146,-0.721
return_fire,graves,against,15344,1.450,0.413,0.709
ricochet,graves,against,254450,-0.211,0.142,-0.188
rusted_barrel,graves,against,36975,0.548,0.316,0.340
scourge,graves,against,84616,0.296,0.224,0.226
shadow_weave,graves,against,35046,-0.410,0.322,-0.251
sharpshooter,graves,against,114433,-0.522,0.199,-0.420
silence_wave,graves,against,19627,-0.112,0.383,-0.059
silencer,graves,against,137881,0.336,0.179,0.281
siphon_bullets,graves,against,109985,0.401,0.202,0.321
slowing_bullets,graves,against,78946,-1.305,0.233,-0.980
slowing_hex,graves,against,197702,0.133,0.162,0.114
spellbreaker,graves,against,106723,0.510,0.200,0.410
spellslinger,graves,against,62392,0.324,0.243,0.238
spirit_burn,graves,against,391139,0.143,0.111,0.133
spirit_lifesteal,graves,against,407723,0.192,0.116,0.177
spirit_rend,graves,against,100998,0.330,0.210,0.260
spirit_resilience,graves,against,407152,0.319,0.110,0.296
spirit_sap,graves,against,51312,0.272,0.275,0.186
spirit_shielding,graves,against,162151,-0.291,0.174,-0.246
spirit_shredder_bullets,graves,against,116459,-0.041,0.201,-0.033
spirit_snatch,graves,against,282948,-0.692,0.134,-0.623
spirit_strike,graves,against,284619,-0.569,0.134,-0.513
spiritual_overflow,graves,against,232806,0.109,0.149,0.096
split_shot,graves,against,41946,-0.888,0.303,-0.569
sprint_boots,graves,against,591908,0.276,0.095,0.262
stalker,graves,against,253577,-1.062,0.138,-0.951
stamina_mastery,graves,against,339500,0.023,0.118,0.021
superior_cooldown,graves,against,684017,0.295,0.087,0.282
superior_duration,graves,against,437045,0.198,0.108,0.185
suppressor,graves,against,87957,0.381,0.224,0.291
surge_of_power,graves,against,233889,0.488,0.151,0.428
swift_striker,graves,against,385467,0.077,0.114,0.071
tankbuster,graves,against,623656,-0.031,0.091,-0.029
tesla_bullets,graves,against,124567,0.398,0.198,0.321
titanic_magazine,graves,against,272683,-0.003,0.137,-0.003
torment_pulse,graves,against,253959,-0.003,0.139,-0.002
toxic_bullets,graves,against,155863,0.499,0.174,0.421
transcendent_cooldown,graves,against,440859,-0.021,0.104,-0.020
trophy_collector,graves,against,458095,-0.127,0.109,-0.119
unstoppable,graves,against,148681,0.548,0.181,0.457
vampiric_burst,graves,against,125905,-0.527,0.193,-0.430
veil_walker,graves,against,114529,-0.123,0.216,-0.096
vortex_web,graves,against,52658,0.497,0.272,0.342
warp_stone,graves,against,143947,-0.044,0.180,-0.037
weakening_headshot,graves,against,134896,-0.421,0.196,-0.341
weapon_shielding,graves,against,34734,-0.271,0.321,-0.166
weighted_shots,graves,against,104585,-0.781,0.209,-0.617
witchmail,graves,against,131756,0.450,0.183,0.374
active_reload,grey_talon,against,37433,0.652,0.308,0.412
alchemical_fire,grey_talon,against,14713,-0.690,0.418,-0.333
arcane_surge,grey_talon,against,73992,0.089,0.236,0.066
arctic_blast,grey_talon,against,49309,0.607,0.275,0.415
armor_piercing_rounds,grey_talon,against,9927,1.330,0.448,0.597
ballistic_enchantment,grey_talon,against,32920,-0.358,0.331,-0.214
battle_vest,grey_talon,against,71022,0.930,0.251,0.671
berserker,grey_talon,against,56083,0.299,0.268,0.208
blood_tribute,grey_talon,against,9980,0.674,0.476,0.283
boundless_spirit,grey_talon,against,263518,-0.133,0.133,-0.120
bullet_lifesteal,grey_talon,against,94794,0.670,0.222,0.515
bullet_resilience,grey_talon,against,23929,0.147,0.350,0.084
bullet_resist_shredder,grey_talon,against,85036,0.546,0.226,0.417
burst_fire,grey_talon,against,91002,0.129,0.219,0.099
capacitor,grey_talon,against,35170,0.270,0.315,0.168
cheat_death,grey_talon,against,21134,-0.460,0.366,-0.253
close_quarters,grey_talon,against,129838,0.630,0.186,0.520
cold_front,grey_talon,against,87121,-0.081,0.221,-0.062
colossus,grey_talon,against,20018,0.421,0.355,0.238
compress_cooldown,grey_talon,against,240133,-0.207,0.145,-0.183
counterspell,grey_talon,against,72325,-0.062,0.246,-0.045
crippling_headshot,grey_talon,against,45348,-0.106,0.282,-0.071
crushing_fists,grey_talon,against,42202,0.469,0.284,0.314
cultist_sacrifice,grey_talon,against,53164,-0.054,0.266,-0.038
cursed_relic,grey_talon,against,32842,0.823,0.326,0.499
debuff_reducer,grey_talon,against,77433,-0.462,0.238,-0.344
decay,grey_talon,against,15885,-0.253,0.405,-0.127
disarming_hex,grey_talon,against,16627,-0.041,0.412,-0.020
dispel_magic,grey_talon,against,125747,-0.241,0.198,-0.194
divine_barrier,grey_talon,against,27675,0.799,0.322,0.490
diviners_kevlar,grey_talon,against,33453,-0.065,0.319,-0.040
duration_extender,grey_talon,against,148765,-0.259,0.178,-0.217
echo_shard,grey_talon,against,42146,-0.031,0.293,-0.020
enchanters_emblem,grey_talon,against,110050,-0.477,0.202,-0.382
enduring_speed,grey_talon,against,173900,-0.390,0.162,-0.336
escalating_exposure,grey_talon,against,165874,0.024,0.166,0.020
escalating_resilience,grey_talon,against,19223,1.121,0.389,0.582
ethereal_shift,grey_talon,against,23369,-0.395,0.350,-0.226
express_shot,grey_talon,against,40704,0.669,0.303,0.429
extended_magazine,grey_talon,against,99135,0.491,0.214,0.384
extra_charge,grey_talon,against,249904,-0.287,0.142,-0.255
extra_health,grey_talon,against,122326,0.336,0.189,0.276
extra_regen,grey_talon,against,240058,-0.126,0.144,-0.112
extra_spirit,grey_talon,against,377043,-0.164,0.116,-0.151
extra_stamina,grey_talon,against,197898,-0.250,0.154,-0.218
fleetfoot,grey_talon,against,61421,0.495,0.253,0.356
focus_lens,grey_talon,against,11723,0.357,0.437,0.165
fortitude,grey_talon,against,87162,0.662,0.215,0.516
frenzy,grey_talon,against,18301,0.322,0.377,0.172
fury_trance,grey_talon,against,9476,-0.402,0.471,-0.171
glass_cannon,grey_talon,against,28547,0.161,0.325,0.098
golden_goose_egg,grey_talon,against,22878,1.009,0.378,0.539
greater_expansion,grey_talon,against,220231,-0.087,0.146,-0.077
grit,grey_talon,against,118845,-0.080,0.196,-0.065
guardian_ward,grey_talon,against,39070,0.106,0.294,0.069
headhunter,grey_talon,against,63611,-0.014,0.257,-0.010
headshot_booster,grey_talon,against,78011,0.054,0.236,0.040
healbane,grey_talon,against,178215,-0.344,0.166,-0.295
healing_booster,grey_talon,against,163598,-0.294,0.170,-0.250
healing_nova,grey_talon,against,15126,0.502,0.404,0.251
healing_rite,grey_talon,against,51945,0.004,0.273,0.003
healing_tempo,grey_talon,against,51176,0.441,0.267,0.308
heroic_aura,grey_talon,against,30645,0.090,0.322,0.055
high_velocity_rounds,grey_talon,against,147698,0.087,0.179,0.073
hollow_point,grey_talon,against,34575,1.105,0.310,0.697
hunters_aura,grey_talon,against,80264,0.736,0.228,0.559
improved_spirit,grey_talon,against,350568,-0.329,0.121,-0.302
indomitable,grey_talon,against,63365,-0.678,0.254,-0.486
infuser,grey_talon,against,40086,-0.249,0.295,-0.163
inhibitor,grey_talon,against,35011,-0.260,0.309,-0.164
intensifying_magazine,grey_talon,against,33057,1.650,0.326,0.999
juggernaut,grey_talon,against,55746,-0.792,0.251,-0.572
kinetic_dash,grey_talon,against,36427,0.557,0.312,0.349
knockdown,grey_talon,against,42022,0.859,0.307,0.545
leech,grey_talon,against,54171,-0.155,0.266,-0.108
lifestrike,grey_talon,against,76541,0.399,0.230,0.302
lightning_scroll,grey_talon,against,23755,-0.362,0.356,-0.204
long_range,grey_talon,against,36588,0.529,0.308,0.335
lucky_shot,grey_talon,against,33119,0.685,0.304,0.437
magic_carpet,grey_talon,against,9788,0.386,0.457,0.170
majestic_leap,grey_talon,against,21207,0.720,0.366,0.396
melee_charge,grey_talon,against,58192,0.270,0.258,0.192
melee_lifesteal,grey_talon,against,123415,0.209,0.190,0.171
mercurial_magnum,grey_talon,against,85952,0.079,0.228,0.060
metal_skin,grey_talon,against,25485,-1.878,0.352,-1.069
monster_rounds,grey_talon,against,137782,-0.031,0.185,-0.025
mystic_burst,grey_talon,against,262353,-0.041,0.138,-0.036
mystic_expansion,grey_talon,against,263348,-0.088,0.137,-0.078
mystic_regeneration,grey_talon,against,109242,-0.753,0.203,-0.601
mystic_reverb,grey_talon,against,84956,-0.236,0.223,-0.181
mystic_shot,grey_talon,against,80755,0.209,0.232,0.157
mystic_slow,grey_talon,against,33833,-0.467,0.328,-0.282
mystic_vulnerability,grey_talon,against,183604,-0.240,0.163,-0.207
opening_rounds,grey_talon,against,111072,-0.371,0.202,-0.297
phantom_strike,grey_talon,against,26653,0.068,0.339,0.040
plated_armor,grey_talon,against,40692,-0.304,0.293,-0.200
point_blank,grey_talon,against,71693,0.280,0.240,0.207
quicksilver_reload,grey_talon,against,151379,-0.347,0.180,-0.289
radiant_regeneration,grey_talon,against,106091,-0.719,0.205,-0.572
rapid_recharge,grey_talon,against,206430,-0.164,0.154,-0.143
rapid_rounds,grey_talon,against,154057,0.316,0.174,0.266
reactive_barrier,grey_talon,against,66002,-0.317,0.256,-0.226
rebuttal,grey_talon,against,24063,-0.418,0.365,-0.230
recharging_rush,grey_talon,against,67219,0.205,0.246,0.150
refresher,grey_talon,against,54080,-0.700,0.264,-0.491
rescue_beam,grey_talon,against,20927,0.438,0.374,0.236
restorative_locket,grey_talon,against,41595,0.273,0.303,0.175
restorative_shot,grey_talon,against,118591,0.288,0.198,0.232
return_fire,grey_talon,against,5877,1.050,0.548,0.371
ricochet,grey_talon,against,103907,0.251,0.208,0.198
rusted_barrel,grey_talon,against,15980,0.233,0.415,0.114
scourge,grey_talon,against,34709,-0.429,0.307,-0.272
shadow_weave,grey_talon,against,16002,0.916,0.410,0.452
sharpshooter,grey_talon,against,43312,0.702,0.292,0.462
silence_wave,grey_talon,against,7405,1.204,0.510,0.465
silencer,grey_talon,against,58367,0.360,0.249,0.261
siphon_bullets,grey_talon,against,47412,0.712,0.275,0.488
slowing_bullets,grey_talon,against,32464,0.687,0.326,0.417
slowing_hex,grey_talon,against,86239,0.251,0.232,0.189
spellbreaker,grey_talon,against,54054,-0.317,0.257,-0.226
spellslinger,grey_talon,against,25876,-1.094,0.330,-0.657
spirit_burn,grey_talon,against,157823,-0.094,0.165,-0.081
spirit_lifesteal,grey_talon,against,173339,-0.655,0.171,-0.556
spirit_rend,grey_talon,against,37857,0.070,0.305,0.044
spirit_resilience,grey_talon,against,173731,-0.711,0.163,-0.611
spirit_sap,grey_talon,against,19869,-0.166,0.376,-0.089
spirit_shielding,grey_talon,against,72213,0.241,0.241,0.178
spirit_shredder_bullets,grey_talon,against,45880,0.414,0.288,0.275
spirit_snatch,grey_talon,against,119419,0.234,0.197,0.189
spirit_strike,grey_talon,against,121509,0.004,0.196,0.003
spiritual_overflow,grey_talon,against,97062,-0.373,0.216,-0.290
split_shot,grey_talon,against,19684,-0.447,0.383,-0.236
sprint_boots,grey_talon,against,248049,-0.007,0.142,-0.006
stalker,grey_talon,against,108763,0.732,0.200,0.588
stamina_mastery,grey_talon,against,137842,-0.248,0.178,-0.208
superior_cooldown,grey_talon,against,276005,-0.482,0.133,-0.435
superior_duration,grey_talon,against,188269,0.026,0.159,0.023
suppressor,grey_talon,against,36539,-0.088,0.308,-0.056
surge_of_power,grey_talon,against,94029,-0.210,0.223,-0.161
swift_striker,grey_talon,against,154942,0.279,0.174,0.236
tankbuster,grey_talon,against,249847,0.164,0.140,0.147
tesla_bullets,grey_talon,against,54232,0.375,0.274,0.257
titanic_magazine,grey_talon,against,107990,0.514,0.206,0.408
torment_pulse,grey_talon,against,102606,-0.867,0.205,-0.689
toxic_bullets,grey_talon,against,73617,-0.243,0.240,-0.180
transcendent_cooldown,grey_talon,against,174760,-0.027,0.157,-0.023
trophy_collector,grey_talon,against,190627,0.093,0.162,0.080
unstoppable,grey_talon,against,64496,-0.067,0.252,-0.048
vampiric_burst,grey_talon,against,50237,1.443,0.276,0.984
veil_walker,grey_talon,against,49500,0.685,0.295,0.448
vortex_web,grey_talon,against,21756,0.071,0.368,0.039
warp_stone,grey_talon,against,62087,0.367,0.254,0.263
weakening_headshot,grey_talon,against,54016,0.748,0.276,0.510
weapon_shielding,grey_talon,against,14529,-0.264,0.420,-0.127
weighted_shots,grey_talon,against,42714,0.412,0.297,0.268
witchmail,grey_talon,against,53473,-0.597,0.258,-0.424
active_reload,haze,against,42695,0.031,0.303,0.020
alchemical_fire,haze,against,48322,-0.874,0.296,-0.570
arcane_surge,haze,against,248412,-0.045,0.147,-0.040
arctic_blast,haze,against,139676,-0.097,0.189,-0.079
armor_piercing_rounds,haze,against,20565,0.507,0.369,0.277
ballistic_enchantment,haze,against,113250,-0.335,0.219,-0.259
battle_vest,haze,against,231434,0.940,0.157,0.818
berserker,haze,against,185167,0.314,0.171,0.266
blood_tribute,haze,against,30147,0.531,0.362,0.294
boundless_spirit,haze,against,834316,0.065,0.081,0.063
bullet_lifesteal,haze,against,259448,0.376,0.149,0.331
bullet_resilience,haze,against,96053,-0.949,0.218,-0.735
bullet_resist_shredder,haze,against,231770,0.422,0.152,0.370
burst_fire,haze,against,214335,0.452,0.158,0.392
capacitor,haze,against,87730,0.249,0.226,0.190
cheat_death,haze,against,65186,0.535,0.257,0.381
close_quarters,haze,against,422884,0.317,0.114,0.294
cold_front,haze,against,262353,0.076,0.144,0.068
colossus,haze,against,61157,0.179,0.249,0.129
compress_cooldown,haze,against,783392,-0.162,0.087,-0.155
counterspell,haze,against,198011,-0.021,0.167,-0.018
crippling_headshot,haze,against,119826,0.392,0.201,0.314
crushing_fists,haze,against,129824,0.218,0.188,0.179
cultist_sacrifice,haze,against,195481,0.367,0.161,0.317
cursed_relic,haze,against,100343,0.750,0.223,0.575
debuff_reducer,haze,against,219865,-0.541,0.161,-0.467
decay,haze,against,45797,-1.021,0.295,-0.666
disarming_hex,haze,against,78699,-0.272,0.253,-0.196
dispel_magic,haze,against,452819,0.041,0.116,0.038
divine_barrier,haze,against,85288,0.195,0.218,0.151
diviners_kevlar,haze,against,103475,-0.045,0.221,-0.034
duration_extender,haze,against,490701,-0.146,0.109,-0.136
echo_shard,haze,against,126574,-0.532,0.197,-0.430
enchanters_emblem,haze,against,360571,-0.358,0.124,-0.328
enduring_speed,haze,against,554539,0.059,0.099,0.056
escalating_exposure,haze,against,528120,-0.437,0.102,-0.411
escalating_resilience,haze,against,59238,0.551,0.278,0.375
ethereal_shift,haze,against,71335,-0.072,0.244,-0.053
express_shot,haze,against,122144,0.093,0.203,0.075
extended_magazine,haze,against,303379,0.111,0.136,0.100
extra_charge,haze,against,834084,-0.234,0.084,-0.224
extra_health,haze,against,364499,0.437,0.121,0.401
extra_regen,haze,against,745440,-0.295,0.088,-0.282
extra_spirit,haze,against,1181054,-0.106,0.070,-0.103
extra_stamina,haze,against,664616,0.149,0.092,0.141
fleetfoot,haze,against,202985,0.422,0.160,0.365
focus_lens,haze,against,32484,-0.034,0.326,-0.021
fortitude,haze,against,246001,0.043,0.142,0.038
frenzy,haze,against,49456,0.768,0.275,0.525
fury_trance,haze,against,6920,1.331,0.525,0.496
glass_cannon,haze,against,77621,0.590,0.231,0.445
golden_goose_egg,haze,against,67629,-0.749,0.273,-0.515
greater_expansion,haze,against,706202,-0.340,0.088,-0.325
grit,haze,against,404143,0.259,0.119,0.238
guardian_ward,haze,against,123946,0.121,0.195,0.098
headhunter,haze,against,211287,0.330,0.162,0.285
headshot_booster,haze,against,251563,0.227,0.149,0.200
healbane,haze,against,571691,-0.059,0.101,-0.055
healing_booster,haze,against,502824,-0.371,0.106,-0.347
healing_nova,haze,against,44052,0.257,0.294,0.168
healing_rite,haze,against,163314,-0.244,0.179,-0.204
healing_tempo,haze,against,143865,0.036,0.183,0.030
heroic_aura,haze,against,99449,0.659,0.214,0.515
high_velocity_rounds,haze,against,498294,-0.249,0.107,-0.233
hollow_point,haze,against,112525,0.514,0.207,0.408
hunters_aura,haze,against,240415,0.634,0.147,0.560
improved_spirit,haze,against,1161724,-0.051,0.071,-0.049
indomitable,haze,against,215477,0.155,0.159,0.135
infuser,haze,against,133967,-0.460,0.192,-0.376
inhibitor,haze,against,90839,0.337,0.224,0.258
intensifying_magazine,haze,against,121046,0.396,0.211,0.312
juggernaut,haze,against,184042,0.132,0.158,0.115
kinetic_dash,haze,against,110237,0.757,0.214,0.591
knockdown,haze,against,94338,0.213,0.236,0.159
leech,haze,against,164607,0.031,0.177,0.026
lifestrike,haze,against,237498,0.109,0.147,0.096
lightning_scroll,haze,against,76067,-0.521,0.247,-0.380
long_range,haze,against,137880,0.163,0.192,0.133
lucky_shot,haze,against,72819,0.894,0.242,0.658
magic_carpet,haze,against,28455,-0.482,0.341,-0.282
majestic_leap,haze,against,69748,0.743,0.251,0.537
melee_charge,haze,against,182545,0.225,0.167,0.192
melee_lifesteal,haze,against,385710,0.325,0.119,0.299
mercurial_magnum,haze,against,281896,0.199,0.142,0.178
metal_skin,haze,against,192170,1.791,0.168,1.527
monster_rounds,haze,against,489622,-0.107,0.108,-0.100
mystic_burst,haze,against,871620,-0.034,0.081,-0.032
mystic_expansion,haze,against,863242,-0.200,0.082,-0.192
mystic_regeneration,haze,against,326515,-0.474,0.131,-0.429
mystic_reverb,haze,against,266634,-0.152,0.141,-0.135
mystic_shot,haze,against,270149,0.266,0.144,0.236
mystic_slow,haze,against,111884,-0.186,0.218,-0.144
mystic_vulnerability,haze,against,599525,-0.398,0.099,-0.376
opening_rounds,haze,against,389988,-0.285,0.121,-0.262
phantom_strike,haze,against,62758,0.165,0.257,0.118
plated_armor,haze,against,198661,0.218,0.159,0.189
point_blank,haze,against,229562,0.369,0.152,0.323
quicksilver_reload,haze,against,515884,0.134,0.107,0.125
radiant_regeneration,haze,against,310775,-0.419,0.133,-0.378
rapid_recharge,haze,against,689673,-0.059,0.092,-0.056
rapid_rounds,haze,against,447097,0.541,0.111,0.503
reactive_barrier,haze,against,242754,0.206,0.155,0.179
rebuttal,haze,against,80160,0.160,0.250,0.116
recharging_rush,haze,against,226740,-0.164,0.152,-0.144
refresher,haze,against,176534,0.019,0.170,0.016
rescue_beam,haze,against,65998,-0.562,0.262,-0.396
restorative_locket,haze,against,128195,0.114,0.206,0.091
restorative_shot,haze,against,387871,0.123,0.120,0.113
return_fire,haze,against,28530,0.826,0.358,0.463
ricochet,haze,against,280603,0.464,0.140,0.414
rusted_barrel,haze,against,70066,0.117,0.266,0.081
scourge,haze,against,98563,-0.154,0.217,-0.119
shadow_weave,haze,against,50332,0.179,0.295,0.117
sharpshooter,haze,against,157101,-0.117,0.181,-0.098
silence_wave,haze,against,20534,-0.789,0.388,-0.410
silencer,haze,against,130148,0.420,0.184,0.348
siphon_bullets,haze,against,123031,0.287,0.197,0.232
slowing_bullets,haze,against,105595,0.161,0.214,0.126
slowing_hex,haze,against,249548,-0.334,0.154,-0.292
spellbreaker,haze,against,104454,-0.810,0.205,-0.644
spellslinger,haze,against,79821,0.073,0.227,0.055
spirit_burn,haze,against,504672,0.063,0.101,0.059
spirit_lifesteal,haze,against,587030,-0.341,0.102,-0.320
spirit_rend,haze,against,125849,0.059,0.199,0.047
spirit_resilience,haze,against,466343,-0.137,0.108,-0.128
spirit_sap,haze,against,65213,-0.068,0.256,-0.049
spirit_shielding,haze,against,217870,0.033,0.159,0.029
spirit_shredder_bullets,haze,against,156081,0.344,0.185,0.285
spirit_snatch,haze,against,366898,0.161,0.124,0.147
spirit_strike,haze,against,369528,0.222,0.124,0.202
spiritual_overflow,haze,against,319677,0.075,0.133,0.068
split_shot,haze,against,70061,0.737,0.261,0.521
sprint_boots,haze,against,787944,0.054,0.086,0.052
stalker,haze,against,342353,0.197,0.126,0.179
stamina_mastery,haze,against,465385,0.012,0.106,0.011
superior_cooldown,haze,against,886229,-0.148,0.080,-0.142
superior_duration,haze,against,610039,-0.234,0.096,-0.221
suppressor,haze,against,138601,-0.560,0.193,-0.457
surge_of_power,haze,against,247175,-0.335,0.152,-0.294
swift_striker,haze,against,442545,0.359,0.111,0.334
tankbuster,haze,against,821406,0.014,0.084,0.014
tesla_bullets,haze,against,156882,0.213,0.184,0.177
titanic_magazine,haze,against,330851,0.204,0.131,0.185
torment_pulse,haze,against,305213,-0.634,0.133,-0.573
toxic_bullets,haze,against,241446,0.352,0.149,0.310
transcendent_cooldown,haze,against,529331,-0.437,0.098,-0.413
trophy_collector,haze,against,604845,-0.059,0.100,-0.056
unstoppable,haze,against,188859,-0.107,0.169,-0.091
vampiric_burst,haze,against,139620,0.572,0.190,0.469
veil_walker,haze,against,146141,-0.227,0.202,-0.181
vortex_web,haze,against,70822,-0.583,0.252,-0.420
warp_stone,haze,against,209878,0.077,0.160,0.067
weakening_headshot,haze,against,161184,0.665,0.189,0.546
weapon_shielding,haze,against,60138,0.869,0.275,0.595
weighted_shots,haze,against,139472,0.166,0.190,0.136
witchmail,haze,against,138040,-0.626,0.183,-0.519
active_reload,holliday,against,50770,0.324,0.283,0.218
alchemical_fire,holliday,against,20342,-1.075,0.386,-0.563
arcane_surge,holliday,against,102577,0.069,0.211,0.054
arctic_blast,holliday,against,70095,0.208,0.247,0.152
armor_piercing_rounds,holliday,against,12174,-0.093,0.429,-0.044
ballistic_enchantment,holliday,against,43010,0.201,0.310,0.126
battle_vest,holliday,against,99176,-0.242,0.225,-0.185
berserker,holliday,against,75734,0.712,0.244,0.522
blood_tribute,holliday,against,13405,-0.483,0.448,-0.217
boundless_spirit,holliday,against,355447,-0.067,0.118,-0.062
bullet_lifesteal,holliday,against,125018,-0.235,0.202,-0.188
bullet_resilience,holliday,against,37758,-0.266,0.310,-0.167
bullet_resist_shredder,holliday,against,112258,-0.259,0.206,-0.206
burst_fire,holliday,against,121476,-0.173,0.199,-0.139
capacitor,holliday,against,46910,-0.184,0.287,-0.122
cheat_death,holliday,against,27976,-0.711,0.339,-0.418
close_quarters,holliday,against,179932,-0.014,0.165,-0.012
cold_front,holliday,against,123721,0.082,0.198,0.066
colossus,holliday,against,29082,0.245,0.319,0.151
compress_cooldown,holliday,against,329942,0.189,0.128,0.172
counterspell,holliday,against,81599,-0.075,0.237,-0.056
crippling_headshot,holliday,against,59261,-0.713,0.262,-0.502
crushing_fists,holliday,against,60305,-0.068,0.252,-0.049
cultist_sacrifice,holliday,against,73138,-0.528,0.241,-0.390
cursed_relic,holliday,against,44372,-0.721,0.301,-0.464
debuff_reducer,holliday,against,101099,0.546,0.219,0.422
decay,holliday,against,21408,-0.498,0.374,-0.269
disarming_hex,holliday,against,25248,0.646,0.371,0.351
dispel_magic,holliday,against,181556,0.201,0.174,0.170
divine_barrier,holliday,against,38070,-0.406,0.290,-0.268
diviners_kevlar,holliday,against,46320,0.574,0.288,0.381
duration_extender,holliday,against,198500,0.380,0.160,0.329
echo_shard,holliday,against,58624,-0.614,0.263,-0.432
enchanters_emblem,holliday,against,154898,-0.074,0.178,-0.062
enduring_speed,holliday,against,234436,0.115,0.145,0.102
escalating_exposure,holliday,against,211187,0.336,0.151,0.295
escalating_resilience,holliday,against,27452,0.173,0.355,0.097
ethereal_shift,holliday,against,31471,0.337,0.319,0.207
express_shot,holliday,against,56466,0.378,0.273,0.260
extended_magazine,holliday,against,127073,-0.031,0.197,-0.025
extra_charge,holliday,against,329457,-0.149,0.128,-0.136
extra_health,holliday,against,166457,-0.143,0.169,-0.122
extra_regen,holliday,against,327433,-0.346,0.128,-0.315
extra_spirit,holliday,against,506647,0.197,0.104,0.184
extra_stamina,holliday,against,267279,0.203,0.138,0.182
fleetfoot,holliday,against,84779,-0.018,0.229,-0.014
focus_lens,holliday,against,15935,-0.646,0.407,-0.321
fortitude,holliday,against,116306,0.072,0.194,0.059
frenzy,holliday,against,24079,0.044,0.346,0.025
fury_trance,holliday,against,13289,-0.297,0.433,-0.139
glass_cannon,holliday,against,33969,0.630,0.307,0.400
golden_goose_egg,holliday,against,28578,-0.293,0.361,-0.163
greater_expansion,holliday,against,298404,0.485,0.130,0.440
grit,holliday,against,168395,-0.258,0.173,-0.218
guardian_ward,holliday,against,53813,-0.235,0.266,-0.164
headhunter,holliday,against,81457,-0.356,0.237,-0.265
headshot_booster,holliday,against,100429,0.200,0.217,0.155
healbane,holliday,against,244831,-0.221,0.147,-0.196
healing_booster,holliday,against,216238,-0.132,0.154,-0.116
healing_nova,holliday,against,19603,-0.063,0.374,-0.034
healing_rite,holliday,against,72138,-0.178,0.245,-0.130
healing_tempo,holliday,against,65735,-0.184,0.245,-0.135
heroic_aura,holliday,against,42340,0.089,0.291,0.059
high_velocity_rounds,holliday,against,206119,-0.051,0.158,-0.044
hollow_point,holliday,against,46630,0.178,0.286,0.118
hunters_aura,holliday,against,110325,-0.650,0.205,-0.517
improved_spirit,holliday,against,474748,0.124,0.107,0.116
indomitable,holliday,against,89488,1.126,0.225,0.860
infuser,holliday,against,49865,0.202,0.275,0.138
inhibitor,holliday,against,47314,-0.066,0.281,-0.045
intensifying_magazine,holliday,against,44834,0.486,0.300,0.313
juggernaut,holliday,against,76586,0.155,0.224,0.119
kinetic_dash,holliday,against,47841,-0.199,0.288,-0.132
knockdown,holliday,against,43153,1.297,0.308,0.822
leech,holliday,against,68233,-0.105,0.247,-0.077
lifestrike,holliday,against,107820,-0.187,0.205,-0.148
lightning_scroll,holliday,against,31465,-0.561,0.328,-0.338
long_range,holliday,against,54856,-0.493,0.270,-0.340
lucky_shot,holliday,against,40087,-0.495,0.290,-0.328
magic_carpet,holliday,against,13827,-0.133,0.416,-0.065
majestic_leap,holliday,against,30137,0.257,0.334,0.153
melee_charge,holliday,against,81957,-0.180,0.231,-0.135
melee_lifesteal,holliday,against,173997,-0.293,0.168,-0.249
mercurial_magnum,holliday,against,111140,-0.653,0.208,-0.516
metal_skin,holliday,against,38526,0.805,0.319,0.496
monster_rounds,holliday,against,189383,0.159,0.164,0.136
mystic_burst,holliday,against,371445,-0.126,0.120,-0.115
mystic_expansion,holliday,against,356761,0.585,0.122,0.536
mystic_regeneration,holliday,against,141623,0.158,0.186,0.130
mystic_reverb,holliday,against,120135,-0.195,0.194,-0.158
mystic_shot,holliday,against,114841,-0.011,0.206,-0.009
mystic_slow,holliday,against,44543,-0.014,0.300,-0.009
mystic_vulnerability,holliday,against,236102,0.235,0.148,0.207
opening_rounds,holliday,against,155441,0.017,0.180,0.014
phantom_strike,holliday,against,32301,0.952,0.318,0.589
plated_armor,holliday,against,65683,0.465,0.251,0.336
point_blank,holliday,against,98435,-0.480,0.215,-0.374
quicksilver_reload,holliday,against,207088,-0.186,0.160,-0.161
radiant_regeneration,holliday,against,137800,0.051,0.188,0.042
rapid_recharge,holliday,against,269582,-0.081,0.139,-0.072
rapid_rounds,holliday,against,206149,-0.201,0.157,-0.175
reactive_barrier,holliday,against,94534,0.521,0.227,0.397
rebuttal,holliday,against,30500,-0.016,0.345,-0.009
recharging_rush,holliday,against,83940,0.444,0.229,0.336
refresher,holliday,against,72246,0.099,0.239,0.074
rescue_beam,holliday,against,29587,1.091,0.342,0.637
restorative_locket,holliday,against,58417,0.075,0.276,0.052
restorative_shot,holliday,against,163738,0.094,0.177,0.079
return_fire,holliday,against,9151,-0.548,0.490,-0.222
ricochet,holliday,against,136705,0.108,0.188,0.089
rusted_barrel,holliday,against,23458,-0.113,0.375,-0.061
scourge,holliday,against,50406,-0.099,0.275,-0.067
shadow_weave,holliday,against,21266,-1.076,0.382,-0.568
sharpshooter,holliday,against,60992,-0.445,0.260,-0.315
silence_wave,holliday,against,11097,-0.226,0.459,-0.099
silencer,holliday,against,77058,-0.175,0.227,-0.133
siphon_bullets,holliday,against,61965,0.228,0.253,0.164
slowing_bullets,holliday,against,44828,-0.677,0.297,-0.440
slowing_hex,holliday,against,132972,-0.058,0.199,-0.046
spellbreaker,holliday,against,53398,0.249,0.263,0.175
spellslinger,holliday,against,32959,0.807,0.305,0.514
spirit_burn,holliday,against,218607,-0.178,0.145,-0.157
spirit_lifesteal,holliday,against,224709,0.069,0.156,0.060
spirit_rend,holliday,against,49935,-0.188,0.282,-0.126
spirit_resilience,holliday,against,226953,0.376,0.147,0.333
spirit_sap,holliday,against,27710,-1.063,0.344,-0.617
spirit_shielding,holliday,against,98085,0.052,0.219,0.040
spirit_shredder_bullets,holliday,against,61334,0.532,0.265,0.372
spirit_snatch,holliday,against,168413,-0.169,0.174,-0.143
spirit_strike,holliday,against,170533,-0.179,0.174,-0.151
spiritual_overflow,holliday,against,128874,-0.103,0.194,-0.084
split_shot,holliday,against,27003,0.285,0.353,0.162
sprint_boots,holliday,against,338251,-0.019,0.126,-0.017
stalker,holliday,against,154549,-0.560,0.178,-0.469
stamina_mastery,holliday,against,186108,-0.054,0.158,-0.046
superior_cooldown,holliday,against,376523,0.234,0.118,0.216
superior_duration,holliday,against,251086,-0.045,0.141,-0.040
suppressor,holliday,against,49187,-0.116,0.285,-0.078
surge_of_power,holliday,against,117477,-0.091,0.207,-0.072
swift_striker,holliday,against,205841,-0.202,0.156,-0.176
tankbuster,holliday,against,350999,-0.122,0.123,-0.111
tesla_bullets,holliday,against,73213,-0.307,0.249,-0.223
titanic_magazine,holliday,against,137097,-0.481,0.190,-0.395
torment_pulse,holliday,against,141018,0.211,0.184,0.175
toxic_bullets,holliday,against,96977,-0.135,0.216,-0.105
transcendent_cooldown,holliday,against,234972,0.136,0.140,0.121
trophy_collector,holliday,against,261403,0.014,0.144,0.013
unstoppable,holliday,against,88560,0.429,0.226,0.327
vampiric_burst,holliday,against,65423,-0.315,0.255,-0.226
veil_walker,holliday,against,68332,-0.713,0.268,-0.496
vortex_web,holliday,against,31775,0.066,0.327,0.040
warp_stone,holliday,against,89001,-0.263,0.224,-0.201
weakening_headshot,holliday,against,74991,0.054,0.253,0.039
weapon_shielding,holliday,against,23058,0.599,0.374,0.323
weighted_shots,holliday,against,58407,-0.390,0.270,-0.270
witchmail,holliday,against,71551,-0.360,0.235,-0.269
active_reload,infernus,against,107747,-0.602,0.212,-0.472
alchemical_fire,infernus,against,39601,0.438,0.310,0.276
arcane_surge,infernus,against,204903,0.256,0.157,0.222
arctic_blast,infernus,against,125922,0.665,0.194,0.541
armor_piercing_rounds,infernus,against,26442,1.761,0.333,1.049
ballistic_enchantment,infernus,against,90828,0.147,0.235,0.110
battle_vest,infernus,against,193288,0.567,0.170,0.482
berserker,infernus,against,148474,0.447,0.185,0.369
blood_tribute,infernus,against,26743,-0.225,0.370,-0.123
boundless_spirit,infernus,against,687992,-0.315,0.086,-0.301
bullet_lifesteal,infernus,against,260481,-0.081,0.146,-0.072
bullet_resilience,infernus,against,59861,-0.001,0.258,-0.000
bullet_resist_shredder,infernus,against,226767,0.346,0.152,0.303
burst_fire,infernus,against,234134,-0.070,0.149,-0.062
capacitor,infernus,against,97230,-0.786,0.219,-0.608
cheat_death,infernus,against,54712,0.236,0.268,0.164
close_quarters,infernus,against,348345,0.174,0.123,0.159
cold_front,infernus,against,223804,0.362,0.152,0.317
colossus,infernus,against,54142,0.017,0.257,0.012
compress_cooldown,infernus,against,669640,-0.265,0.092,-0.252
counterspell,infernus,against,167165,0.903,0.176,0.760
crippling_headshot,infernus,against,120012,0.705,0.197,0.570
crushing_fists,infernus,against,115406,0.158,0.194,0.128
cultist_sacrifice,infernus,against,151009,0.148,0.178,0.124
cursed_relic,infernus,against,84443,0.284,0.235,0.212
debuff_reducer,infernus,against,210176,0.064,0.161,0.055
decay,infernus,against,39694,-0.138,0.308,-0.087
disarming_hex,infernus,against,50751,0.269,0.296,0.175
dispel_magic,infernus,against,448711,0.284,0.114,0.263
divine_barrier,infernus,against,75067,-0.117,0.226,-0.089
diviners_kevlar,infernus,against,91642,0.106,0.224,0.081
duration_extender,infernus,against,351764,0.157,0.124,0.143
echo_shard,infernus,against,107225,0.294,0.207,0.233
enchanters_emblem,infernus,against,309509,0.242,0.131,0.219
enduring_speed,infernus,against,455771,-0.226,0.106,-0.211
escalating_exposure,infernus,against,403737,-0.407,0.113,-0.378
escalating_resilience,infernus,against,51989,0.462,0.290,0.305
ethereal_shift,infernus,against,63798,-0.144,0.251,-0.104
express_shot,infernus,against,103094,0.534,0.217,0.414
extended_magazine,infernus,against,218319,-0.034,0.156,-0.030
extra_charge,infernus,against,685088,-0.032,0.090,-0.030
extra_health,infernus,against,331088,-0.102,0.124,-0.093
extra_regen,infernus,against,643118,-0.163,0.093,-0.155
extra_spirit,infernus,against,987062,-0.161,0.075,-0.155
extra_stamina,infernus,against,550432,0.091,0.099,0.085
fleetfoot,infernus,against,165897,0.332,0.172,0.281
focus_lens,infernus,against,30991,0.412,0.328,0.249
fortitude,infernus,against,230445,-0.149,0.144,-0.133
frenzy,infernus,against,49732,0.257,0.272,0.177
fury_trance,infernus,against,27194,0.214,0.348,0.123
glass_cannon,infernus,against,74738,0.050,0.232,0.038
golden_goose_egg,infernus,against,62367,-1.000,0.277,-0.681
greater_expansion,infernus,against,608216,-0.255,0.093,-0.243
grit,infernus,against,312213,0.075,0.131,0.068
guardian_ward,infernus,against,102212,-0.380,0.207,-0.301
headhunter,infernus,against,167454,0.038,0.177,0.032
headshot_booster,infernus,against,207140,0.502,0.160,0.434
healbane,infernus,against,439502,0.185,0.113,0.172
healing_booster,infernus,against,437290,-0.493,0.111,-0.458
healing_nova,infernus,against,39939,-1.287,0.301,-0.829
healing_rite,infernus,against,142269,-0.704,0.186,-0.582
healing_tempo,infernus,against,139438,-0.716,0.181,-0.596
heroic_aura,infernus,against,81388,-0.338,0.230,-0.256
high_velocity_rounds,infernus,against,407537,0.005,0.116,0.004
hollow_point,infernus,against,91717,0.452,0.222,0.348
hunters_aura,infernus,against,202425,0.759,0.158,0.659
improved_spirit,infernus,against,902636,-0.045,0.078,-0.043
indomitable,infernus,against,172741,0.370,0.171,0.314
infuser,infernus,against,107044,-1.144,0.205,-0.911
inhibitor,infernus,against,90233,0.375,0.222,0.288
intensifying_magazine,infernus,against,95735,0.041,0.227,0.031
juggernaut,infernus,against,149948,0.535,0.168,0.456
kinetic_dash,infernus,against,98888,-0.534,0.221,-0.411
knockdown,infernus,against,85003,0.074,0.240,0.055
leech,infernus,against,135066,-0.422,0.188,-0.347
lifestrike,infernus,against,200107,0.299,0.156,0.260
lightning_scroll,infernus,against,68284,-0.349,0.251,-0.252
long_range,infernus,against,105994,0.302,0.211,0.237
lucky_shot,infernus,against,87065,0.293,0.215,0.229
magic_carpet,infernus,against,25410,0.682,0.347,0.394
majestic_leap,infernus,against,56574,0.136,0.270,0.094
melee_charge,infernus,against,155771,0.209,0.176,0.176
melee_lifesteal,infernus,against,320963,0.311,0.127,0.283
mercurial_magnum,infernus,against,232765,0.030,0.151,0.026
metal_skin,infernus,against,59825,0.842,0.271,0.581
monster_rounds,infernus,against,390933,0.258,0.118,0.238
mystic_burst,infernus,against,722753,0.073,0.087,0.070
mystic_expansion,infernus,against,729108,-0.163,0.087,-0.156
mystic_regeneration,infernus,against,284846,-0.291,0.136,-0.262
mystic_reverb,infernus,against,235635,0.042,0.145,0.037
mystic_shot,infernus,against,218531,0.177,0.155,0.154
mystic_slow,infernus,against,95976,-0.392,0.227,-0.299
mystic_vulnerability,infernus,against,445843,-0.305,0.111,-0.284
opening_rounds,infernus,against,313050,0.003,0.132,0.003
phantom_strike,infernus,against,54994,0.672,0.264,0.472
plated_armor,infernus,against,127695,1.077,0.191,0.881
point_blank,infernus,against,194985,-0.101,0.161,-0.087
quicksilver_reload,infernus,against,401342,0.111,0.118,0.102
radiant_regeneration,infernus,against,273022,-0.471,0.139,-0.422
rapid_recharge,infernus,against,565068,-0.144,0.098,-0.136
rapid_rounds,infernus,against,369716,0.003,0.120,0.003
reactive_barrier,infernus,against,176309,0.345,0.175,0.291
rebuttal,infernus,against,58708,-0.090,0.278,-0.061
recharging_rush,infernus,against,194439,0.504,0.161,0.435
refresher,infernus,against,154138,-0.444,0.176,-0.373
rescue_beam,infernus,against,57581,-0.399,0.271,-0.275
restorative_locket,infernus,against,107636,-0.799,0.219,-0.618
restorative_shot,infernus,against,313768,0.411,0.132,0.371
return_fire,infernus,against,15257,-0.158,0.426,-0.075
ricochet,infernus,against,254606,-0.218,0.144,-0.193
rusted_barrel,infernus,against,49649,0.051,0.296,0.033
scourge,infernus,against,90010,0.296,0.219,0.229
shadow_weave,infernus,against,40403,0.562,0.312,0.352
sharpshooter,infernus,against,122295,0.092,0.198,0.074
silence_wave,infernus,against,20009,1.719,0.389,0.893
silencer,infernus,against,157314,-0.019,0.169,-0.016
siphon_bullets,infernus,against,125586,0.015,0.190,0.012
slowing_bullets,infernus,against,88922,0.297,0.229,0.225
slowing_hex,infernus,against,247393,0.639,0.151,0.561
spellbreaker,infernus,against,115011,0.375,0.194,0.305
spellslinger,infernus,against,67982,0.189,0.236,0.141
spirit_burn,infernus,against,430034,0.033,0.106,0.031
spirit_lifesteal,infernus,against,417946,-0.254,0.118,-0.234
spirit_rend,infernus,against,83812,-0.243,0.230,-0.184
spirit_resilience,infernus,against,447147,0.254,0.108,0.237
spirit_sap,infernus,against,55545,0.192,0.271,0.133
spirit_shielding,infernus,against,189193,-0.146,0.166,-0.125
spirit_shredder_bullets,infernus,against,103119,-0.399,0.215,-0.311
spirit_snatch,infernus,against,307665,0.182,0.133,0.165
spirit_strike,infernus,against,309633,0.260,0.133,0.235
spiritual_overflow,infernus,against,230844,0.067,0.151,0.059
split_shot,infernus,against,53373,-0.165,0.284,-0.110
sprint_boots,infernus,against,656274,-0.001,0.092,-0.001
stalker,infernus,against,280166,0.543,0.136,0.488
stamina_mastery,infernus,against,383781,-0.146,0.114,-0.135
superior_cooldown,infernus,against,765152,-0.088,0.084,-0.084
superior_duration,infernus,against,450857,-0.085,0.108,-0.079
suppressor,infernus,against,100997,-0.133,0.215,-0.104
surge_of_power,infernus,against,264867,-0.252,0.146,-0.223
swift_striker,infernus,against,385974,-0.015,0.118,-0.013
tankbuster,infernus,against,687640,0.095,0.089,0.091
tesla_bullets,infernus,against,152634,-0.434,0.185,-0.359
titanic_magazine,infernus,against,240043,-0.207,0.149,-0.183
torment_pulse,infernus,against,271655,-0.793,0.137,-0.711
toxic_bullets,infernus,against,152170,-0.311,0.179,-0.260
transcendent_cooldown,infernus,against,482505,-0.115,0.100,-0.108
trophy_collector,infernus,against,503605,-0.049,0.106,-0.045
unstoppable,infernus,against,172013,0.391,0.172,0.332
vampiric_burst,infernus,against,139250,-0.007,0.188,-0.006
veil_walker,infernus,against,122280,-0.065,0.214,-0.051
vortex_web,infernus,against,59788,0.390,0.262,0.275
warp_stone,infernus,against,163177,-0.195,0.174,-0.164
weakening_headshot,infernus,against,150326,0.610,0.191,0.499
weapon_shielding,infernus,against,36481,-1.239,0.322,-0.758
weighted_shots,infernus,against,116252,0.376,0.205,0.300
witchmail,infernus,against,141795,-0.047,0.177,-0.039
active_reload,ivy,against,57064,0.072,0.269,0.050
alchemical_fire,ivy,against,21871,-0.678,0.370,-0.370
arcane_surge,ivy,against,132180,-0.134,0.187,-0.111
arctic_blast,ivy,against,76017,0.263,0.236,0.197
armor_piercing_rounds,ivy,against,15612,-0.394,0.392,-0.203
ballistic_enchantment,ivy,against,56224,0.517,0.276,0.353
battle_vest,ivy,against,126028,-0.176,0.198,-0.142
berserker,ivy,against,94081,0.618,0.221,0.477
blood_tribute,ivy,against,16437,-0.338,0.420,-0.163
boundless_spirit,ivy,against,435540,-0.250,0.106,-0.234
bullet_lifesteal,ivy,against,160036,-0.107,0.178,-0.090
bullet_resilience,ivy,against,45733,-0.017,0.281,-0.011
bullet_resist_shredder,ivy,against,138873,0.130,0.185,0.107
burst_fire,ivy,against,153127,-0.252,0.176,-0.212
capacitor,ivy,against,41708,-0.877,0.297,-0.570
cheat_death,ivy,against,33914,0.242,0.315,0.150
close_quarters,ivy,against,223999,0.241,0.146,0.213
cold_front,ivy,against,140525,0.236,0.183,0.196
colossus,ivy,against,33315,-0.658,0.302,-0.422
compress_cooldown,ivy,against,414491,-0.148,0.113,-0.137
counterspell,ivy,against,115356,-0.394,0.201,-0.316
crippling_headshot,ivy,against,67963,0.661,0.246,0.483
crushing_fists,ivy,against,71312,-0.293,0.234,-0.220
cultist_sacrifice,ivy,against,93283,-0.437,0.214,-0.341
cursed_relic,ivy,against,55126,0.741,0.271,0.511
debuff_reducer,ivy,against,124955,-0.040,0.199,-0.032
decay,ivy,against,24602,-0.373,0.353,-0.212
disarming_hex,ivy,against,31607,-0.109,0.337,-0.064
dispel_magic,ivy,against,224314,-0.414,0.154,-0.361
divine_barrier,ivy,against,51152,-0.107,0.257,-0.076
diviners_kevlar,ivy,against,54253,0.395,0.274,0.271
duration_extender,ivy,against,258120,0.048,0.141,0.043
echo_shard,ivy,against,63564,-0.328,0.252,-0.236
enchanters_emblem,ivy,against,195347,-0.091,0.158,-0.079
enduring_speed,ivy,against,295152,0.325,0.129,0.295
escalating_exposure,ivy,against,271455,-0.088,0.134,-0.079
escalating_resilience,ivy,against,33995,-0.052,0.326,-0.031
ethereal_shift,ivy,against,38623,0.425,0.297,0.276
express_shot,ivy,against,69204,0.478,0.249,0.347
extended_magazine,ivy,against,154147,0.313,0.178,0.262
extra_charge,ivy,against,441866,-0.163,0.109,-0.152
extra_health,ivy,against,207045,-0.141,0.151,-0.124
extra_regen,ivy,against,404391,-0.161,0.113,-0.150
extra_spirit,ivy,against,649668,-0.173,0.090,-0.165
extra_stamina,ivy,against,341049,-0.008,0.121,-0.008
fleetfoot,ivy,against,102584,0.140,0.207,0.111
focus_lens,ivy,against,18423,0.409,0.386,0.214
fortitude,ivy,against,146482,0.043,0.173,0.036
frenzy,ivy,against,28661,1.025,0.326,0.622
fury_trance,ivy,against,16762,0.197,0.397,0.100
glass_cannon,ivy,against,44022,1.003,0.282,0.675
golden_goose_egg,ivy,against,37456,0.987,0.324,0.601
greater_expansion,ivy,against,365549,0.088,0.116,0.081
grit,ivy,against,215081,0.361,0.153,0.316
guardian_ward,ivy,against,74504,0.823,0.231,0.620
headhunter,ivy,against,102847,-0.316,0.215,-0.247
headshot_booster,ivy,against,128595,-0.426,0.194,-0.347
healbane,ivy,against,298020,-0.188,0.132,-0.170
healing_booster,ivy,against,271392,0.078,0.136,0.070
healing_nova,ivy,against,22828,1.151,0.357,0.648
healing_rite,ivy,against,86900,0.445,0.225,0.340
healing_tempo,ivy,against,77250,0.365,0.228,0.277
heroic_aura,ivy,against,53622,0.317,0.265,0.222
high_velocity_rounds,ivy,against,269121,0.170,0.137,0.152
hollow_point,ivy,against,56937,-0.041,0.261,-0.029
hunters_aura,ivy,against,130493,0.133,0.187,0.110
improved_spirit,ivy,against,600061,-0.208,0.094,-0.198
indomitable,ivy,against,107089,0.023,0.207,0.018
infuser,ivy,against,67812,-0.271,0.243,-0.199
inhibitor,ivy,against,53625,0.762,0.266,0.532
intensifying_magazine,ivy,against,57865,0.400,0.268,0.278
juggernaut,ivy,against,91283,0.795,0.207,0.630
kinetic_dash,ivy,against,60929,0.541,0.260,0.383
knockdown,ivy,against,60469,0.944,0.269,0.655
leech,ivy,against,85299,0.167,0.224,0.128
lifestrike,ivy,against,128285,0.329,0.186,0.271
lightning_scroll,ivy,against,31984,0.651,0.325,0.396
long_range,ivy,against,67495,-0.368,0.248,-0.267
lucky_shot,ivy,against,50951,0.586,0.264,0.412
magic_carpet,ivy,against,15910,-0.196,0.399,-0.100
majestic_leap,ivy,against,35605,-0.364,0.311,-0.228
melee_charge,ivy,against,99222,0.257,0.210,0.202
melee_lifesteal,ivy,against,206025,0.128,0.152,0.112
mercurial_magnum,ivy,against,141587,-0.530,0.185,-0.438
metal_skin,ivy,against,47533,-0.357,0.280,-0.241
monster_rounds,ivy,against,235817,-0.005,0.146,-0.004
mystic_burst,ivy,against,456103,-0.049,0.107,-0.046
mystic_expansion,ivy,against,445266,-0.078,0.108,-0.073
mystic_regeneration,ivy,against,180055,-0.072,0.164,-0.061
mystic_reverb,ivy,against,139231,-0.383,0.182,-0.318
mystic_shot,ivy,against,137766,-0.243,0.188,-0.200
mystic_slow,ivy,against,46741,0.075,0.295,0.049
mystic_vulnerability,ivy,against,306173,0.073,0.130,0.066
opening_rounds,ivy,against,204414,-0.163,0.156,-0.142
phantom_strike,ivy,against,36491,0.926,0.305,0.590
plated_armor,ivy,against,76948,0.117,0.232,0.088
point_blank,ivy,against,121698,0.427,0.193,0.348
quicksilver_reload,ivy,against,258260,-0.386,0.142,-0.344
radiant_regeneration,ivy,against,172807,-0.050,0.168,-0.043
rapid_recharge,ivy,against,364679,-0.253,0.119,-0.233
rapid_rounds,ivy,against,267151,-0.220,0.137,-0.197
reactive_barrier,ivy,against,119523,0.101,0.202,0.081
rebuttal,ivy,against,38855,0.562,0.311,0.353
recharging_rush,ivy,against,121786,0.045,0.195,0.036
refresher,ivy,against,91253,0.047,0.218,0.037
rescue_beam,ivy,against,37605,-0.430,0.310,-0.271
restorative_locket,ivy,against,69427,-0.476,0.254,-0.342
restorative_shot,ivy,against,196230,-0.175,0.159,-0.152
return_fire,ivy,against,11575,-0.260,0.452,-0.116
ricochet,ivy,against,177864,-0.199,0.165,-0.171
rusted_barrel,ivy,against,29240,-0.127,0.345,-0.073
scourge,ivy,against,56757,0.121,0.260,0.086
shadow_weave,ivy,against,25857,0.138,0.358,0.078
sharpshooter,ivy,against,77116,-0.377,0.236,-0.282
silence_wave,ivy,against,13970,0.979,0.426,0.465
silencer,ivy,against,90883,0.184,0.211,0.144
siphon_bullets,ivy,against,69689,0.312,0.241,0.230
slowing_bullets,ivy,against,54537,0.540,0.272,0.372
slowing_hex,ivy,against,147563,-0.077,0.186,-0.063
spellbreaker,ivy,against,64942,-0.598,0.242,-0.440
spellslinger,ivy,against,40443,-0.056,0.285,-0.038
spirit_burn,ivy,against,260199,-0.049,0.133,-0.044
spirit_lifesteal,ivy,against,294878,-0.006,0.135,-0.005
spirit_rend,ivy,against,63400,0.297,0.253,0.214
spirit_resilience,ivy,against,271147,0.677,0.134,0.610
spirit_sap,ivy,against,34026,0.673,0.317,0.417
spirit_shielding,ivy,against,120472,-0.033,0.198,-0.027
spirit_shredder_bullets,ivy,against,78192,0.604,0.237,0.450
spirit_snatch,ivy,against,196295,-0.059,0.159,-0.051
spirit_strike,ivy,against,197543,0.115,0.159,0.100
spiritual_overflow,ivy,against,162144,-0.080,0.175,-0.068
split_shot,ivy,against,34682,-0.414,0.319,-0.255
sprint_boots,ivy,against,421233,0.260,0.112,0.241
stalker,ivy,against,179366,0.096,0.162,0.083
stamina_mastery,ivy,against,234929,-0.249,0.140,-0.222
superior_cooldown,ivy,against,468847,-0.078,0.105,-0.073
superior_duration,ivy,against,322073,0.124,0.125,0.113
suppressor,ivy,against,65555,-0.005,0.252,-0.004
surge_of_power,ivy,against,160472,0.304,0.178,0.255
swift_striker,ivy,against,267582,-0.120,0.136,-0.108
tankbuster,ivy,against,432929,-0.030,0.109,-0.028
tesla_bullets,ivy,against,72256,-0.694,0.247,-0.505
titanic_magazine,ivy,against,166132,0.317,0.172,0.268
torment_pulse,ivy,against,169416,-0.044,0.166,-0.038
toxic_bullets,ivy,against,126360,-0.109,0.190,-0.089
transcendent_cooldown,ivy,against,283566,-0.148,0.127,-0.135
trophy_collector,ivy,against,323433,0.123,0.129,0.112
unstoppable,ivy,against,110374,0.073,0.206,0.058
vampiric_burst,ivy,against,81631,0.077,0.230,0.058
veil_walker,ivy,against,81422,-0.400,0.246,-0.292
vortex_web,ivy,against,33944,-0.601,0.318,-0.371
warp_stone,ivy,against,111790,-0.179,0.202,-0.143
weakening_headshot,ivy,against,90101,-0.144,0.230,-0.109
weapon_shielding,ivy,against,27794,-0.225,0.344,-0.131
weighted_shots,ivy,against,70694,0.344,0.245,0.252
witchmail,ivy,against,80535,0.352,0.222,0.271
active_reload,kelvin,against,40816,0.896,0.305,0.571
alchemical_fire,kelvin,against,17114,0.407,0.405,0.203
arcane_surge,kelvin,against,82703,-1.147,0.232,-0.863
arctic_blast,kelvin,against,52444,-0.686,0.279,-0.465
armor_piercing_rounds,kelvin,against,9965,0.412,0.459,0.180
ballistic_enchantment,kelvin,against,37771,-0.125,0.322,-0.076
battle_vest,kelvin,against,80247,0.261,0.246,0.190
berserker,kelvin,against,62392,0.261,0.264,0.183
blood_tribute,kelvin,against,10995,-0.292,0.472,-0.124
boundless_spirit,kelvin,against,279433,-0.211,0.134,-0.190
bullet_lifesteal,kelvin,against,104450,0.296,0.220,0.229
bullet_resilience,kelvin,against,23958,0.022,0.357,0.013
bullet_resist_shredder,kelvin,against,95816,1.091,0.222,0.839
burst_fire,kelvin,against,99939,-0.176,0.217,-0.136
capacitor,kelvin,against,39049,0.537,0.306,0.341
cheat_death,kelvin,against,22501,-0.474,0.370,-0.259
close_quarters,kelvin,against,149552,0.481,0.180,0.401
cold_front,kelvin,against,96689,-0.443,0.219,-0.343
colossus,kelvin,against,22010,0.779,0.355,0.441
compress_cooldown,kelvin,against,273920,-0.552,0.141,-0.492
counterspell,kelvin,against,68222,-0.620,0.256,-0.443
crippling_headshot,kelvin,against,47724,-0.207,0.287,-0.138
crushing_fists,kelvin,against,47085,0.536,0.279,0.363
cultist_sacrifice,kelvin,against,62719,0.174,0.255,0.124
cursed_relic,kelvin,against,37423,0.313,0.316,0.195
debuff_reducer,kelvin,against,80418,-0.568,0.242,-0.419
decay,kelvin,against,19281,0.339,0.385,0.178
disarming_hex,kelvin,against,20700,0.747,0.386,0.391
dispel_magic,kelvin,against,146711,-0.187,0.191,-0.153
divine_barrier,kelvin,against,33126,-0.125,0.307,-0.079
diviners_kevlar,kelvin,against,36045,0.424,0.321,0.260
duration_extender,kelvin,against,172518,0.110,0.174,0.093
echo_shard,kelvin,against,45421,-1.096,0.291,-0.723
enchanters_emblem,kelvin,against,130533,0.167,0.193,0.136
enduring_speed,kelvin,against,199599,-0.420,0.158,-0.364
escalating_exposure,kelvin,against,178079,-0.393,0.167,-0.336
escalating_resilience,kelvin,against,21660,-0.562,0.380,-0.299
ethereal_shift,kelvin,against,25326,0.603,0.348,0.347
express_shot,kelvin,against,45655,0.208,0.295,0.136
extended_magazine,kelvin,against,117772,0.812,0.205,0.646
extra_charge,kelvin,against,290843,0.023,0.136,0.021
extra_health,kelvin,against,135617,0.713,0.186,0.589
extra_regen,kelvin,against,268206,-0.364,0.141,-0.325
extra_spirit,kelvin,against,421182,0.040,0.114,0.038
extra_stamina,kelvin,against,221870,-0.083,0.151,-0.073
fleetfoot,kelvin,against,70770,0.302,0.248,0.220
focus_lens,kelvin,against,11925,-0.172,0.444,-0.078
fortitude,kelvin,against,96983,0.815,0.212,0.640
frenzy,kelvin,against,18689,0.661,0.378,0.353
fury_trance,kelvin,against,10486,0.807,0.462,0.350
glass_cannon,kelvin,against,28585,0.592,0.333,0.353
golden_goose_egg,kelvin,against,25205,-0.461,0.373,-0.250
greater_expansion,kelvin,against,245405,-0.237,0.143,-0.210
grit,kelvin,against,140778,-0.123,0.188,-0.101
guardian_ward,kelvin,against,48568,-0.398,0.276,-0.271
headhunter,kelvin,against,72293,0.059,0.250,0.043
headshot_booster,kelvin,against,89182,0.305,0.229,0.231
healbane,kelvin,against,211788,0.293,0.159,0.254
healing_booster,kelvin,against,178581,-0.328,0.168,-0.280
healing_nova,kelvin,against,17833,0.021,0.390,0.011
healing_rite,kelvin,against,60291,-0.406,0.265,-0.284
healing_tempo,kelvin,against,52960,-0.697,0.270,-0.482
heroic_aura,kelvin,against,35477,-0.757,0.314,-0.472
high_velocity_rounds,kelvin,against,173392,-0.520,0.171,-0.441
hollow_point,kelvin,against,38775,0.261,0.308,0.165
hunters_aura,kelvin,against,87657,0.502,0.226,0.383
improved_spirit,kelvin,against,392936,0.021,0.118,0.019
indomitable,kelvin,against,65214,0.407,0.258,0.289
infuser,kelvin,against,42705,0.055,0.297,0.036
inhibitor,kelvin,against,38707,-0.055,0.305,-0.035
intensifying_magazine,kelvin,against,39027,-0.190,0.320,-0.117
juggernaut,kelvin,against,60343,-0.808,0.252,-0.582
kinetic_dash,kelvin,against,40579,0.740,0.305,0.471
knockdown,kelvin,against,44930,0.804,0.305,0.513
leech,kelvin,against,56327,0.406,0.270,0.280
lifestrike,kelvin,against,85673,0.238,0.224,0.182
lightning_scroll,kelvin,against,26555,0.139,0.353,0.079
long_range,kelvin,against,44528,-1.124,0.292,-0.739
lucky_shot,kelvin,against,32898,0.592,0.314,0.369
magic_carpet,kelvin,against,10563,-0.446,0.458,-0.195
majestic_leap,kelvin,against,23814,0.118,0.357,0.067
melee_charge,kelvin,against,66350,0.161,0.252,0.116
melee_lifesteal,kelvin,against,139018,0.026,0.185,0.021
mercurial_magnum,kelvin,against,92747,0.257,0.227,0.196
metal_skin,kelvin,against,30529,0.656,0.339,0.385
monster_rounds,kelvin,against,161870,0.262,0.176,0.220
mystic_burst,kelvin,against,299519,-0.102,0.133,-0.092
mystic_expansion,kelvin,against,298754,-0.112,0.134,-0.101
mystic_regeneration,kelvin,against,117271,-0.330,0.204,-0.263
mystic_reverb,kelvin,against,90779,-0.308,0.224,-0.235
mystic_shot,kelvin,against,90854,-0.479,0.226,-0.365
mystic_slow,kelvin,against,39057,0.979,0.318,0.605
mystic_vulnerability,kelvin,against,202533,-0.273,0.161,-0.236
opening_rounds,kelvin,against,131571,-0.662,0.193,-0.540
phantom_strike,kelvin,against,24994,0.159,0.351,0.091
plated_armor,kelvin,against,43338,0.089,0.292,0.059
point_blank,kelvin,against,80786,0.638,0.235,0.477
quicksilver_reload,kelvin,against,168872,0.289,0.176,0.243
radiant_regeneration,kelvin,against,111919,-0.479,0.208,-0.379
rapid_recharge,kelvin,against,239208,-0.021,0.148,-0.018
rapid_rounds,kelvin,against,176494,0.373,0.170,0.317
reactive_barrier,kelvin,against,73689,-0.495,0.252,-0.357
rebuttal,kelvin,against,24096,-0.476,0.370,-0.259
recharging_rush,kelvin,against,80805,-0.026,0.234,-0.019
refresher,kelvin,against,60741,-0.296,0.260,-0.209
rescue_beam,kelvin,against,23699,-0.115,0.364,-0.063
restorative_locket,kelvin,against,46618,0.007,0.298,0.004
restorative_shot,kelvin,against,132013,-0.332,0.193,-0.270
return_fire,kelvin,against,7091,0.751,0.523,0.281
ricochet,kelvin,against,116274,0.172,0.205,0.137
rusted_barrel,kelvin,against,19411,1.438,0.396,0.734
scourge,kelvin,against,39074,0.049,0.304,0.031
shadow_weave,kelvin,against,17519,0.002,0.403,0.001
sharpshooter,kelvin,against,50782,-1.039,0.280,-0.702
silence_wave,kelvin,against,8927,0.235,0.486,0.096
silencer,kelvin,against,61681,1.044,0.251,0.754
siphon_bullets,kelvin,against,49990,0.545,0.279,0.370
slowing_bullets,kelvin,against,36855,0.013,0.315,0.008
slowing_hex,kelvin,against,105144,0.572,0.218,0.443
spellbreaker,kelvin,against,46668,0.214,0.279,0.145
spellslinger,kelvin,against,26717,-0.737,0.335,-0.437
spirit_burn,kelvin,against,168566,0.182,0.166,0.156
spirit_lifesteal,kelvin,against,192099,-0.202,0.170,-0.172
spirit_rend,kelvin,against,41107,0.544,0.302,0.349
spirit_resilience,kelvin,against,202904,-0.064,0.156,-0.055
spirit_sap,kelvin,against,21294,0.204,0.373,0.111
spirit_shielding,kelvin,against,84333,0.226,0.234,0.169
spirit_shredder_bullets,kelvin,against,50822,0.223,0.282,0.150
spirit_snatch,kelvin,against,134118,-0.395,0.192,-0.322
spirit_strike,kelvin,against,135212,-0.366,0.192,-0.299
spiritual_overflow,kelvin,against,107563,0.094,0.213,0.073
split_shot,kelvin,against,22563,0.982,0.377,0.526
sprint_boots,kelvin,against,283402,-0.046,0.138,-0.041
stalker,kelvin,against,122994,0.192,0.195,0.155
stamina_mastery,kelvin,against,153608,-0.063,0.174,-0.053
superior_cooldown,kelvin,against,308859,-0.173,0.131,-0.156
superior_duration,kelvin,against,214473,0.171,0.155,0.149
suppressor,kelvin,against,42916,0.294,0.298,0.191
surge_of_power,kelvin,against,102858,0.173,0.220,0.133
swift_striker,kelvin,against,175940,0.457,0.169,0.389
tankbuster,kelvin,against,282140,-0.284,0.137,-0.255
tesla_bullets,kelvin,against,62550,1.101,0.264,0.772
titanic_magazine,kelvin,against,126487,0.764,0.199,0.615
torment_pulse,kelvin,against,111964,-0.184,0.205,-0.146
toxic_bullets,kelvin,against,86905,0.415,0.229,0.314
transcendent_cooldown,kelvin,against,185313,-0.106,0.158,-0.092
trophy_collector,kelvin,against,217403,-0.032,0.158,-0.028
unstoppable,kelvin,against,65196,-0.087,0.260,-0.062
vampiric_burst,kelvin,against,53508,0.479,0.277,0.326
veil_walker,kelvin,against,55000,0.078,0.293,0.051
vortex_web,kelvin,against,26446,0.091,0.348,0.052
warp_stone,kelvin,against,74380,-0.094,0.244,-0.069
weakening_headshot,kelvin,against,62719,0.105,0.272,0.073
weapon_shielding,kelvin,against,16203,0.021,0.411,0.010
weighted_shots,kelvin,against,47506,0.453,0.290,0.299
witchmail,kelvin,against,58185,-0.462,0.258,-0.328
active_reload,lady_geist,against,74730,0.290,0.246,0.212
alchemical_fire,lady_geist,against,26819,-0.788,0.355,-0.445
arcane_surge,lady_geist,against,133470,-0.794,0.188,-0.653
arctic_blast,lady_geist,against,95358,-0.126,0.218,-0.097
armor_piercing_rounds,lady_geist,against,19536,0.466,0.370,0.254
ballistic_enchantment,lady_geist,against,59445,-0.408,0.272,-0.281
battle_vest,lady_geist,against,139874,0.308,0.195,0.250
berserker,lady_geist,against,96487,0.443,0.222,0.340
blood_tribute,lady_geist,against,18084,0.544,0.414,0.265
boundless_spirit,lady_geist,against,494305,-0.855,0.101,-0.805
bullet_lifesteal,lady_geist,against,187525,0.505,0.169,0.430
bullet_resilience,lady_geist,against,38013,0.206,0.301,0.132
bullet_resist_shredder,lady_geist,against,163840,0.237,0.176,0.199
burst_fire,lady_geist,against,182616,-0.110,0.166,-0.095
capacitor,lady_geist,against,66869,-1.037,0.252,-0.748
cheat_death,lady_geist,against,37581,0.634,0.306,0.403
close_quarters,lady_geist,against,262357,0.273,0.138,0.245
cold_front,lady_geist,against,163891,-0.058,0.175,-0.049
colossus,lady_geist,against,41937,0.415,0.282,0.279
compress_cooldown,lady_geist,against,443372,-0.170,0.112,-0.158
counterspell,lady_geist,against,133240,0.631,0.194,0.513
crippling_headshot,lady_geist,against,87495,0.390,0.226,0.298
crushing_fists,lady_geist,against,87711,0.126,0.217,0.098
cultist_sacrifice,lady_geist,against,100757,0.404,0.211,0.318
cursed_relic,lady_geist,against,60230,0.569,0.268,0.395
debuff_reducer,lady_geist,against,138852,1.203,0.193,0.980
decay,lady_geist,against,31136,0.780,0.335,0.462
disarming_hex,lady_geist,against,27545,-0.806,0.353,-0.458
dispel_magic,lady_geist,against,237931,0.429,0.153,0.375
divine_barrier,lady_geist,against,49583,-0.012,0.265,-0.009
diviners_kevlar,lady_geist,against,63198,-0.453,0.262,-0.320
duration_extender,lady_geist,against,280870,0.163,0.137,0.146
echo_shard,lady_geist,against,73185,-0.998,0.243,-0.734
enchanters_emblem,lady_geist,against,220516,-0.340,0.152,-0.298
enduring_speed,lady_geist,against,322151,0.318,0.125,0.290
escalating_exposure,lady_geist,against,311269,-0.424,0.128,-0.385
escalating_resilience,lady_geist,against,38834,0.289,0.318,0.179
ethereal_shift,lady_geist,against,46091,1.218,0.283,0.818
express_shot,lady_geist,against,74095,-0.724,0.246,-0.528
extended_magazine,lady_geist,against,195653,0.119,0.163,0.102
extra_charge,lady_geist,against,491143,0.015,0.105,0.014
extra_health,lady_geist,against,237346,-0.039,0.145,-0.035
extra_regen,lady_geist,against,450242,0.474,0.110,0.441
extra_spirit,lady_geist,against,703112,-0.310,0.088,-0.296
extra_stamina,lady_geist,against,363783,-0.488,0.119,-0.450
fleetfoot,lady_geist,against,113316,0.405,0.204,0.323
focus_lens,lady_geist,against,23512,0.613,0.362,0.340
fortitude,lady_geist,against,168607,-0.474,0.166,-0.406
frenzy,lady_geist,against,34302,0.979,0.310,0.617
fury_trance,lady_geist,against,19255,0.989,0.388,0.516
glass_cannon,lady_geist,against,55538,0.104,0.262,0.074
golden_goose_egg,lady_geist,against,45017,-0.556,0.308,-0.352
greater_expansion,lady_geist,against,399482,0.010,0.113,0.009
grit,lady_geist,against,226749,0.498,0.152,0.437
guardian_ward,lady_geist,against,69663,-0.527,0.241,-0.389
headhunter,lady_geist,against,107051,-1.410,0.212,-1.107
headshot_booster,lady_geist,against,134264,-0.864,0.192,-0.706
healbane,lady_geist,against,349419,0.143,0.125,0.131
healing_booster,lady_geist,against,300025,0.367,0.133,0.331
healing_nova,lady_geist,against,28743,-0.774,0.333,-0.461
healing_rite,lady_geist,against,99884,-0.967,0.214,-0.756
healing_tempo,lady_geist,against,97894,0.151,0.212,0.119
heroic_aura,lady_geist,against,56097,-1.052,0.265,-0.737
high_velocity_rounds,lady_geist,against,286736,-0.001,0.135,-0.001
hollow_point,lady_geist,against,66214,-0.231,0.250,-0.167
hunters_aura,lady_geist,against,154066,-0.043,0.178,-0.036
improved_spirit,lady_geist,against,655633,-0.348,0.091,-0.332
indomitable,lady_geist,against,129920,0.921,0.192,0.751
infuser,lady_geist,against,82888,-0.380,0.227,-0.289
inhibitor,lady_geist,against,70043,1.182,0.244,0.866
intensifying_magazine,lady_geist,against,68296,-0.306,0.256,-0.219
juggernaut,lady_geist,against,105436,0.836,0.195,0.678
kinetic_dash,lady_geist,against,60595,-0.424,0.265,-0.297
knockdown,lady_geist,against,56940,-0.331,0.276,-0.226
leech,lady_geist,against,96408,-0.091,0.216,-0.071
lifestrike,lady_geist,against,149553,0.548,0.176,0.460
lightning_scroll,lady_geist,against,47249,0.086,0.286,0.057
long_range,lady_geist,against,75148,0.204,0.241,0.150
lucky_shot,lady_geist,against,66131,-0.567,0.242,-0.417
magic_carpet,lady_geist,against,17601,0.217,0.391,0.112
majestic_leap,lady_geist,against,37048,0.287,0.311,0.180
melee_charge,lady_geist,against,116751,0.481,0.198,0.388
melee_lifesteal,lady_geist,against,241332,0.555,0.144,0.493
mercurial_magnum,lady_geist,against,166717,-0.966,0.175,-0.814
metal_skin,lady_geist,against,40661,-0.035,0.303,-0.022
monster_rounds,lady_geist,against,264002,0.187,0.141,0.167
mystic_burst,lady_geist,against,463256,-0.174,0.107,-0.163
mystic_expansion,lady_geist,against,469679,-0.083,0.107,-0.078
mystic_regeneration,lady_geist,against,179357,0.267,0.168,0.228
mystic_reverb,lady_geist,against,150527,-0.565,0.178,-0.474
mystic_shot,lady_geist,against,148234,-1.066,0.183,-0.884
mystic_slow,lady_geist,against,66275,-0.510,0.260,-0.361
mystic_vulnerability,lady_geist,against,340837,-0.358,0.126,-0.326
opening_rounds,lady_geist,against,219578,-0.372,0.153,-0.325
phantom_strike,lady_geist,against,39015,0.409,0.299,0.264
plated_armor,lady_geist,against,65121,1.363,0.251,0.984
point_blank,lady_geist,against,148774,0.200,0.180,0.167
quicksilver_reload,lady_geist,against,288752,-0.493,0.137,-0.443
radiant_regeneration,lady_geist,against,172275,-0.071,0.171,-0.060
rapid_recharge,lady_geist,against,412945,0.020,0.114,0.019
rapid_rounds,lady_geist,against,306276,0.245,0.131,0.222
reactive_barrier,lady_geist,against,129948,0.920,0.199,0.741
rebuttal,lady_geist,against,39975,-0.605,0.315,-0.376
recharging_rush,lady_geist,against,125616,-0.566,0.195,-0.460
refresher,lady_geist,against,102562,1.146,0.209,0.904
rescue_beam,lady_geist,against,39258,-0.413,0.310,-0.260
restorative_locket,lady_geist,against,77160,0.205,0.249,0.149
restorative_shot,lady_geist,against,225120,-0.108,0.152,-0.095
return_fire,lady_geist,against,9992,1.047,0.476,0.439
ricochet,lady_geist,against,207233,-0.524,0.157,-0.455
rusted_barrel,lady_geist,against,26655,-0.241,0.357,-0.135
scourge,lady_geist,against,69894,0.913,0.243,0.671
shadow_weave,lady_geist,against,30175,0.690,0.340,0.404
sharpshooter,lady_geist,against,86904,0.256,0.227,0.194
silence_wave,lady_geist,against,20081,1.268,0.386,0.663
silencer,lady_geist,against,120900,0.418,0.190,0.342
siphon_bullets,lady_geist,against,89449,0.747,0.220,0.576
slowing_bullets,lady_geist,against,63104,0.930,0.260,0.658
slowing_hex,lady_geist,against,154089,0.169,0.186,0.139
spellbreaker,lady_geist,against,94063,0.711,0.210,0.560
spellslinger,lady_geist,against,39850,0.137,0.287,0.091
spirit_burn,lady_geist,against,289270,-0.360,0.128,-0.327
spirit_lifesteal,lady_geist,against,322006,0.119,0.132,0.108
spirit_rend,lady_geist,against,73836,-0.054,0.240,-0.040
spirit_resilience,lady_geist,against,333659,0.568,0.123,0.519
spirit_sap,lady_geist,against,38436,0.604,0.308,0.382
spirit_shielding,lady_geist,against,142400,0.182,0.187,0.150
spirit_shredder_bullets,lady_geist,against,87410,0.013,0.229,0.010
spirit_snatch,lady_geist,against,229332,-0.073,0.150,-0.064
spirit_strike,lady_geist,against,230537,0.154,0.150,0.135
spiritual_overflow,lady_geist,against,190334,-0.322,0.164,-0.276
split_shot,lady_geist,against,37853,-1.157,0.317,-0.716
sprint_boots,lady_geist,against,450693,0.144,0.110,0.134
stalker,lady_geist,against,212659,0.556,0.152,0.487
stamina_mastery,lady_geist,against,257702,-0.490,0.136,-0.440
superior_cooldown,lady_geist,against,509368,0.006,0.102,0.005
superior_duration,lady_geist,against,355464,0.447,0.121,0.411
suppressor,lady_geist,against,66549,0.122,0.255,0.087
surge_of_power,lady_geist,against,180770,-0.449,0.173,-0.380
swift_striker,lady_geist,against,308354,0.158,0.130,0.143
tankbuster,lady_geist,against,447666,-0.291,0.109,-0.271
tesla_bullets,lady_geist,against,104758,-1.240,0.215,-0.967
titanic_magazine,lady_geist,against,213301,-0.016,0.156,-0.014
torment_pulse,lady_geist,against,204823,0.077,0.156,0.067
toxic_bullets,lady_geist,against,144668,-0.237,0.181,-0.197
transcendent_cooldown,lady_geist,against,326373,-0.016,0.120,-0.015
trophy_collector,lady_geist,against,350706,-0.339,0.126,-0.309
unstoppable,lady_geist,against,120426,1.279,0.201,1.026
vampiric_burst,lady_geist,against,102297,0.035,0.213,0.028
veil_walker,lady_geist,against,87012,0.370,0.246,0.271
vortex_web,lady_geist,against,38173,0.317,0.309,0.200
warp_stone,lady_geist,against,115818,0.296,0.201,0.238
weakening_headshot,lady_geist,against,107305,0.392,0.219,0.303
weapon_shielding,lady_geist,against,23443,-0.334,0.370,-0.182
weighted_shots,lady_geist,against,83322,1.173,0.232,0.882
witchmail,lady_geist,against,104619,0.767,0.202,0.614
active_reload,lash,against,113978,-0.733,0.203,-0.585
alchemical_fire,lash,against,42657,-0.010,0.301,-0.006
arcane_surge,lash,against,214713,0.109,0.151,0.095
arctic_blast,lash,against,135712,-0.335,0.186,-0.277
armor_piercing_rounds,lash,against,27528,-0.666,0.327,-0.403
ballistic_enchantment,lash,against,92643,0.309,0.229,0.234
battle_vest,lash,against,206089,-0.734,0.160,-0.634
berserker,lash,against,157147,0.121,0.177,0.102
blood_tribute,lash,against,28021,0.260,0.361,0.144
boundless_spirit,lash,against,698810,0.009,0.084,0.009
bullet_lifesteal,lash,against,270056,-0.418,0.142,-0.372
bullet_resilience,lash,against,58652,0.645,0.257,0.459
bullet_resist_shredder,lash,against,245428,-0.071,0.143,-0.063
burst_fire,lash,against,260996,-0.304,0.140,-0.272
capacitor,lash,against,101934,0.107,0.210,0.085
cheat_death,lash,against,58693,-0.178,0.257,-0.126
close_quarters,lash,against,376087,-0.199,0.115,-0.184
cold_front,lash,against,230603,0.076,0.148,0.067
colossus,lash,against,61539,0.457,0.239,0.339
compress_cooldown,lash,against,666088,0.146,0.090,0.139
counterspell,lash,against,288615,-0.455,0.136,-0.409
crippling_headshot,lash,against,126166,0.104,0.189,0.086
crushing_fists,lash,against,125965,0.002,0.184,0.002
cultist_sacrifice,lash,against,162003,0.669,0.169,0.570
cursed_relic,lash,against,96972,0.248,0.220,0.192
debuff_reducer,lash,against,214511,0.168,0.156,0.146
decay,lash,against,41211,0.921,0.300,0.595
disarming_hex,lash,against,44731,-0.723,0.303,-0.463
dispel_magic,lash,against,361076,0.216,0.124,0.197
divine_barrier,lash,against,76684,-0.346,0.218,-0.268
diviners_kevlar,lash,against,95999,0.660,0.217,0.513
duration_extender,lash,against,439153,0.118,0.110,0.110
echo_shard,lash,against,119045,-0.003,0.196,-0.003
enchanters_emblem,lash,against,328496,0.199,0.125,0.182
enduring_speed,lash,against,499875,-0.210,0.100,-0.198
escalating_exposure,lash,against,461155,0.316,0.104,0.296
escalating_resilience,lash,against,56166,-0.296,0.278,-0.201
ethereal_shift,lash,against,71616,-0.195,0.234,-0.146
express_shot,lash,against,112383,-0.514,0.203,-0.411
extended_magazine,lash,against,287747,-0.034,0.135,-0.031
extra_charge,lash,against,646995,-0.040,0.091,-0.038
extra_health,lash,against,369079,-0.271,0.116,-0.250
extra_regen,lash,against,683402,0.108,0.089,0.103
extra_spirit,lash,against,1033994,-0.069,0.072,-0.066
extra_stamina,lash,against,526726,0.004,0.099,0.004
fleetfoot,lash,against,182767,-0.129,0.162,-0.111
focus_lens,lash,against,33281,1.202,0.318,0.743
fortitude,lash,against,257263,-0.676,0.135,-0.608
frenzy,lash,against,48429,-0.121,0.270,-0.084
fury_trance,lash,against,28626,0.141,0.340,0.083
glass_cannon,lash,against,75577,-0.496,0.225,-0.379
golden_goose_egg,lash,against,60695,0.663,0.275,0.454
greater_expansion,lash,against,567213,0.201,0.094,0.190
grit,lash,against,356764,-0.048,0.121,-0.044
guardian_ward,lash,against,109250,-0.566,0.197,-0.457
headhunter,lash,against,125436,-0.182,0.200,-0.147
headshot_booster,lash,against,162134,-0.148,0.178,-0.124
healbane,lash,against,495480,0.371,0.104,0.348
healing_booster,lash,against,453817,0.219,0.107,0.205
healing_nova,lash,against,38800,-0.520,0.298,-0.337
healing_rite,lash,against,140374,-0.267,0.184,-0.222
healing_tempo,lash,against,135506,0.333,0.179,0.279
heroic_aura,lash,against,86198,0.094,0.220,0.072
high_velocity_rounds,lash,against,435311,-0.390,0.109,-0.363
hollow_point,lash,against,102403,-0.745,0.208,-0.589
hunters_aura,lash,against,221419,-0.209,0.148,-0.184
improved_spirit,lash,against,948402,0.064,0.075,0.062
indomitable,lash,against,198485,0.509,0.158,0.442
infuser,lash,against,108110,0.464,0.201,0.372
inhibitor,lash,against,97159,-0.537,0.210,-0.423
intensifying_magazine,lash,against,96780,-0.959,0.221,-0.738
juggernaut,lash,against,151233,-0.442,0.165,-0.379
kinetic_dash,lash,against,99677,-0.238,0.215,-0.186
knockdown,lash,against,105925,0.156,0.218,0.121
leech,lash,against,139394,0.390,0.182,0.324
lifestrike,lash,against,220916,0.000,0.147,0.000
lightning_scroll,lash,against,66089,1.145,0.248,0.832
long_range,lash,against,117183,-0.864,0.198,-0.697
lucky_shot,lash,against,87768,-0.930,0.210,-0.733
magic_carpet,lash,against,22316,-0.363,0.362,-0.201
majestic_leap,lash,against,43292,0.511,0.292,0.336
melee_charge,lash,against,174949,0.001,0.164,0.001
melee_lifesteal,lash,against,357985,0.049,0.119,0.045
mercurial_magnum,lash,against,233470,-0.129,0.148,-0.114
metal_skin,lash,against,65893,-0.407,0.255,-0.291
monster_rounds,lash,against,410146,0.220,0.113,0.204
mystic_burst,lash,against,707793,0.122,0.087,0.116
mystic_expansion,lash,against,694764,0.098,0.087,0.094
mystic_regeneration,lash,against,291445,0.381,0.132,0.345
mystic_reverb,lash,against,214091,0.077,0.150,0.068
mystic_shot,lash,against,193717,0.163,0.162,0.140
mystic_slow,lash,against,94673,0.997,0.224,0.763
mystic_vulnerability,lash,against,515446,0.306,0.101,0.288
opening_rounds,lash,against,331776,-0.276,0.125,-0.252
phantom_strike,lash,against,72659,-0.292,0.237,-0.218
plated_armor,lash,against,107709,-0.742,0.201,-0.595
point_blank,lash,against,204472,-0.141,0.154,-0.123
quicksilver_reload,lash,against,389080,-0.133,0.118,-0.123
radiant_regeneration,lash,against,280623,0.300,0.134,0.270
rapid_recharge,lash,against,583889,-0.120,0.095,-0.113
rapid_rounds,lash,against,456461,-0.081,0.107,-0.076
reactive_barrier,lash,against,205638,0.575,0.160,0.498
rebuttal,lash,against,64627,0.287,0.264,0.201
recharging_rush,lash,against,192212,0.313,0.160,0.271
refresher,lash,against,124712,0.283,0.190,0.232
rescue_beam,lash,against,59230,-0.575,0.264,-0.403
restorative_locket,lash,against,112813,-0.291,0.209,-0.230
restorative_shot,lash,against,336487,-0.220,0.124,-0.201
return_fire,lash,against,16622,-0.367,0.411,-0.181
ricochet,lash,against,305348,-0.477,0.129,-0.432
rusted_barrel,lash,against,44262,-0.190,0.304,-0.122
scourge,lash,against,105617,-0.126,0.202,-0.101
shadow_weave,lash,against,45095,-0.190,0.300,-0.123
sharpshooter,lash,against,133841,-0.562,0.187,-0.464
silence_wave,lash,against,21530,-0.501,0.377,-0.268
silencer,lash,against,170885,-0.627,0.161,-0.542
siphon_bullets,lash,against,129167,-0.270,0.184,-0.224
slowing_bullets,lash,against,92764,-0.193,0.220,-0.149
slowing_hex,lash,against,291822,-0.079,0.139,-0.071
spellbreaker,lash,against,132442,0.248,0.179,0.207
spellslinger,lash,against,69338,0.402,0.229,0.304
spirit_burn,lash,against,417338,0.116,0.106,0.109
spirit_lifesteal,lash,against,479026,0.317,0.108,0.296
spirit_rend,lash,against,107418,0.386,0.205,0.307
spirit_resilience,lash,against,507435,-0.051,0.100,-0.048
spirit_sap,lash,against,59899,1.194,0.260,0.845
spirit_shielding,lash,against,214422,0.037,0.154,0.032
spirit_shredder_bullets,lash,against,133088,-0.391,0.191,-0.319
spirit_snatch,lash,against,352777,0.270,0.123,0.247
spirit_strike,lash,against,354900,0.598,0.123,0.547
spiritual_overflow,lash,against,274488,0.128,0.137,0.115
split_shot,lash,against,56894,-0.569,0.272,-0.392
sprint_boots,lash,against,710578,-0.071,0.087,-0.067
stalker,lash,against,318365,0.167,0.126,0.152
stamina_mastery,lash,against,347492,-0.108,0.116,-0.100
superior_cooldown,lash,against,751557,0.273,0.083,0.262
superior_duration,lash,against,554904,0.149,0.096,0.141
suppressor,lash,against,104801,-0.094,0.207,-0.074
surge_of_power,lash,against,272936,-0.097,0.141,-0.086
swift_striker,lash,against,459273,-0.206,0.106,-0.193
tankbuster,lash,against,668735,0.062,0.089,0.059
tesla_bullets,lash,against,159766,0.130,0.178,0.109
titanic_magazine,lash,against,307543,-0.206,0.130,-0.187
torment_pulse,lash,against,295505,0.063,0.130,0.057
toxic_bullets,lash,against,207899,-0.330,0.153,-0.288
transcendent_cooldown,lash,against,464413,0.209,0.100,0.197
trophy_collector,lash,against,531497,-0.026,0.102,-0.025
unstoppable,lash,against,186708,0.257,0.164,0.221
vampiric_burst,lash,against,143125,-0.653,0.181,-0.544
veil_walker,lash,against,150011,0.160,0.194,0.130
vortex_web,lash,against,64981,-0.770,0.251,-0.556
warp_stone,lash,against,179310,-0.010,0.166,-0.009
weakening_headshot,lash,against,164548,-0.091,0.180,-0.076
weapon_shielding,lash,against,38120,-0.393,0.313,-0.246
weighted_shots,lash,against,121013,-0.037,0.197,-0.030
witchmail,lash,against,154366,0.214,0.167,0.183
active_reload,mcginnis,against,35855,-0.255,0.316,-0.158
alchemical_fire,mcginnis,against,14185,0.579,0.427,0.274
arcane_surge,mcginnis,against,77929,0.648,0.236,0.483
arctic_blast,mcginnis,against,43356,-0.064,0.294,-0.042
armor_piercing_rounds,mcginnis,against,9303,-1.182,0.463,-0.512
ballistic_enchantment,mcginnis,against,30920,0.902,0.343,0.524
battle_vest,mcginnis,against,67022,-0.870,0.260,-0.616
berserker,mcginnis,against,52177,-0.035,0.280,-0.024
blood_tribute,mcginnis,against,9204,-0.590,0.490,-0.239
boundless_spirit,mcginnis,against,254164,0.403,0.139,0.361
bullet_lifesteal,mcginnis,against,89461,0.301,0.231,0.227
bullet_resilience,mcginnis,against,25209,-0.482,0.352,-0.274
bullet_resist_shredder,mcginnis,against,77910,-0.062,0.239,-0.046
burst_fire,mcginnis,against,85835,-0.521,0.228,-0.396
capacitor,mcginnis,against,33469,-0.765,0.320,-0.470
cheat_death,mcginnis,against,19484,-0.215,0.383,-0.113
close_quarters,mcginnis,against,122487,-0.012,0.194,-0.010
cold_front,mcginnis,against,75496,-0.028,0.241,-0.021
colossus,mcginnis,against,19304,0.171,0.367,0.094
compress_cooldown,mcginnis,against,229368,0.209,0.153,0.183
counterspell,mcginnis,against,58015,-0.526,0.269,-0.365
crippling_headshot,mcginnis,against,41917,0.026,0.296,0.017
crushing_fists,mcginnis,against,40224,-0.022,0.295,-0.014
cultist_sacrifice,mcginnis,against,49670,0.496,0.278,0.337
cursed_relic,mcginnis,against,30806,-0.021,0.336,-0.013
debuff_reducer,mcginnis,against,65167,-0.364,0.261,-0.257
decay,mcginnis,against,15074,0.587,0.412,0.288
disarming_hex,mcginnis,against,18885,0.210,0.401,0.106
dispel_magic,mcginnis,against,112693,-0.136,0.212,-0.107
divine_barrier,mcginnis,against,26875,0.667,0.328,0.403
diviners_kevlar,mcginnis,against,34625,-0.420,0.322,-0.257
duration_extender,mcginnis,against,148319,0.564,0.183,0.468
echo_shard,mcginnis,against,42983,0.179,0.294,0.117
enchanters_emblem,mcginnis,against,109989,0.745,0.205,0.592
enduring_speed,mcginnis,against,164406,-0.176,0.171,-0.149
escalating_exposure,mcginnis,against,158917,0.243,0.173,0.206
escalating_resilience,mcginnis,against,18910,-0.057,0.394,-0.029
ethereal_shift,mcginnis,against,21724,-1.146,0.364,-0.634
express_shot,mcginnis,against,37083,-1.319,0.316,-0.819
extended_magazine,mcginnis,against,96126,-0.090,0.221,-0.069
extra_charge,mcginnis,against,240413,0.072,0.148,0.064
extra_health,mcginnis,against,112518,-0.298,0.201,-0.239
extra_regen,mcginnis,against,227784,-0.024,0.150,-0.021
extra_spirit,mcginnis,against,360485,0.179,0.122,0.164
extra_stamina,mcginnis,against,191645,0.207,0.162,0.179
fleetfoot,mcginnis,against,56148,-0.440,0.267,-0.306
focus_lens,mcginnis,against,10341,-0.501,0.462,-0.218
fortitude,mcginnis,against,81049,0.058,0.227,0.045
frenzy,mcginnis,against,17655,0.871,0.384,0.458
fury_trance,mcginnis,against,9058,0.806,0.482,0.333
glass_cannon,mcginnis,against,25793,-0.257,0.341,-0.151
golden_goose_egg,mcginnis,against,22508,0.324,0.387,0.169
greater_expansion,mcginnis,against,204026,0.325,0.155,0.283
grit,mcginnis,against,113007,0.370,0.206,0.294
guardian_ward,mcginnis,against,37489,0.567,0.303,0.364
headhunter,mcginnis,against,57216,-1.024,0.274,-0.702
headshot_booster,mcginnis,against,70703,-0.795,0.252,-0.573
healbane,mcginnis,against,166476,0.061,0.175,0.051
healing_booster,mcginnis,against,152210,-0.377,0.179,-0.315
healing_nova,mcginnis,against,14880,0.353,0.409,0.174
healing_rite,mcginnis,against,52522,-0.075,0.277,-0.051
healing_tempo,mcginnis,against,48554,-0.466,0.277,-0.318
heroic_aura,mcginnis,against,31641,-0.640,0.321,-0.393
high_velocity_rounds,mcginnis,against,143047,-0.412,0.185,-0.340
hollow_point,mcginnis,against,30982,-0.808,0.329,-0.487
hunters_aura,mcginnis,against,72152,-0.245,0.243,-0.180
improved_spirit,mcginnis,against,338210,0.198,0.125,0.181
indomitable,mcginnis,against,62342,-0.282,0.260,-0.199
infuser,mcginnis,against,41149,0.825,0.296,0.538
inhibitor,mcginnis,against,33925,-0.344,0.317,-0.213
intensifying_magazine,mcginnis,against,26831,0.053,0.352,0.030
juggernaut,mcginnis,against,56518,0.042,0.255,0.030
kinetic_dash,mcginnis,against,33918,0.127,0.326,0.077
knockdown,mcginnis,against,33665,0.138,0.331,0.082
leech,mcginnis,against,56291,0.235,0.267,0.164
lifestrike,mcginnis,against,70770,0.168,0.242,0.124
lightning_scroll,mcginnis,against,22738,-0.062,0.365,-0.034
long_range,mcginnis,against,36697,-0.857,0.314,-0.534
lucky_shot,mcginnis,against,30348,-0.205,0.319,-0.126
magic_carpet,mcginnis,against,9253,-0.187,0.468,-0.080
majestic_leap,mcginnis,against,18388,-0.009,0.389,-0.005
melee_charge,mcginnis,against,53856,0.018,0.270,0.012
melee_lifesteal,mcginnis,against,113249,0.271,0.201,0.217
mercurial_magnum,mcginnis,against,80668,-0.467,0.238,-0.347
metal_skin,mcginnis,against,27172,-0.754,0.349,-0.433
monster_rounds,mcginnis,against,133199,0.207,0.192,0.169
mystic_burst,mcginnis,against,244503,0.075,0.146,0.066
mystic_expansion,mcginnis,against,241485,0.212,0.147,0.187
mystic_regeneration,mcginnis,against,101232,-0.053,0.215,-0.042
mystic_reverb,mcginnis,against,82918,-0.072,0.230,-0.055
mystic_shot,mcginnis,against,81101,-0.181,0.237,-0.135
mystic_slow,mcginnis,against,29732,0.193,0.345,0.112
mystic_vulnerability,mcginnis,against,174270,0.647,0.171,0.549
opening_rounds,mcginnis,against,109395,-0.087,0.208,-0.069
phantom_strike,mcginnis,against,19595,0.019,0.376,0.010
plated_armor,mcginnis,against,43186,-0.486,0.293,-0.319
point_blank,mcginnis,against,68674,0.371,0.247,0.270
quicksilver_reload,mcginnis,against,137370,-0.380,0.192,-0.310
radiant_regeneration,mcginnis,against,98323,-0.032,0.218,-0.025
rapid_recharge,mcginnis,against,201677,0.145,0.159,0.126
rapid_rounds,mcginnis,against,144875,-0.393,0.184,-0.326
reactive_barrier,mcginnis,against,62735,-0.484,0.266,-0.338
rebuttal,mcginnis,against,21250,-1.499,0.380,-0.796
recharging_rush,mcginnis,against,65493,-1.181,0.254,-0.847
refresher,mcginnis,against,55790,-0.329,0.266,-0.230
rescue_beam,mcginnis,against,20570,-0.365,0.383,-0.193
restorative_locket,mcginnis,against,38650,-0.415,0.317,-0.257
restorative_shot,mcginnis,against,121226,-0.247,0.200,-0.198
return_fire,mcginnis,against,6198,1.066,0.547,0.377
ricochet,mcginnis,against,100607,0.127,0.215,0.099
rusted_barrel,mcginnis,against,18378,0.235,0.406,0.117
scourge,mcginnis,against,32384,-0.879,0.321,-0.539
shadow_weave,mcginnis,against,14330,0.245,0.428,0.116
sharpshooter,mcginnis,against,42664,-0.804,0.298,-0.522
silence_wave,mcginnis,against,7325,0.305,0.518,0.116
silencer,mcginnis,against,54824,0.294,0.261,0.208
siphon_bullets,mcginnis,against,43040,-0.005,0.292,-0.003
slowing_bullets,mcginnis,against,30761,0.773,0.332,0.461
slowing_hex,mcginnis,against,81731,-0.080,0.242,-0.059
spellbreaker,mcginnis,against,40212,-0.039,0.293,-0.025
spellslinger,mcginnis,against,23831,-0.183,0.347,-0.106
spirit_burn,mcginnis,against,150575,0.248,0.173,0.210
spirit_lifesteal,mcginnis,against,174607,-0.072,0.175,-0.061
spirit_rend,mcginnis,against,34308,-0.293,0.320,-0.180
spirit_resilience,mcginnis,against,163464,-0.374,0.171,-0.318
spirit_sap,mcginnis,against,16935,-0.969,0.401,-0.489
spirit_shielding,mcginnis,against,67103,-0.166,0.255,-0.119
spirit_shredder_bullets,mcginnis,against,40800,-0.612,0.304,-0.391
spirit_snatch,mcginnis,against,107371,0.037,0.210,0.029
spirit_strike,mcginnis,against,108308,-0.084,0.210,-0.066
spiritual_overflow,mcginnis,against,97246,-0.489,0.219,-0.378
split_shot,mcginnis,against,20048,0.062,0.383,0.033
sprint_boots,mcginnis,against,230727,0.132,0.151,0.116
stalker,mcginnis,against,99559,0.324,0.212,0.254
stamina_mastery,mcginnis,against,131828,-0.095,0.186,-0.079
superior_cooldown,mcginnis,against,261808,0.136,0.141,0.122
superior_duration,mcginnis,against,186506,0.680,0.163,0.585
suppressor,mcginnis,against,36918,-0.114,0.315,-0.071
surge_of_power,mcginnis,against,89548,0.307,0.231,0.231
swift_striker,mcginnis,against,144662,-0.151,0.184,-0.125
tankbuster,mcginnis,against,236941,-0.204,0.148,-0.179
tesla_bullets,mcginnis,against,52683,-0.209,0.279,-0.142
titanic_magazine,mcginnis,against,105854,-0.013,0.211,-0.010
torment_pulse,mcginnis,against,94095,0.176,0.218,0.136
toxic_bullets,mcginnis,against,78691,0.487,0.235,0.364
transcendent_cooldown,mcginnis,against,169332,0.146,0.163,0.125
trophy_collector,mcginnis,against,176596,0.256,0.172,0.217
unstoppable,mcginnis,against,57215,0.050,0.267,0.035
vampiric_burst,mcginnis,against,45524,-0.172,0.290,-0.113
veil_walker,mcginnis,against,44287,-0.124,0.313,-0.077
vortex_web,mcginnis,against,20649,0.063,0.376,0.034
warp_stone,mcginnis,against,60751,0.441,0.262,0.311
weakening_headshot,mcginnis,against,49653,-1.001,0.292,-0.658
weapon_shielding,mcginnis,against,15507,-0.593,0.419,-0.287
weighted_shots,mcginnis,against,39848,0.030,0.306,0.019
witchmail,mcginnis,against,50162,-0.018,0.269,-0.013
active_reload,mina,against,96661,-0.035,0.210,-0.028
alchemical_fire,mina,against,34904,-0.713,0.318,-0.441
arcane_surge,mina,against,178628,0.257,0.158,0.223
arctic_blast,mina,against,110119,-0.056,0.197,-0.045
armor_piercing_rounds,mina,against,24829,-2.702,0.334,-1.608
ballistic_enchantment,mina,against,81066,0.097,0.234,0.072
battle_vest,mina,against,169361,-0.191,0.171,-0.162
berserker,mina,against,136385,0.007,0.181,0.006
blood_tribute,mina,against,23781,-1.105,0.368,-0.604
boundless_spirit,mina,against,600982,0.401,0.088,0.383
bullet_lifesteal,mina,against,240232,-0.202,0.144,-0.179
bullet_resilience,mina,against,47342,0.001,0.272,0.001
bullet_resist_shredder,mina,against,204278,0.206,0.151,0.181
burst_fire,mina,against,225916,-0.084,0.144,-0.075
capacitor,mina,against,87237,0.723,0.216,0.562
cheat_death,mina,against,46264,0.162,0.278,0.110
close_quarters,mina,against,320032,-0.037,0.120,-0.034
cold_front,mina,against,195569,-0.510,0.154,-0.446
colossus,mina,against,49407,-0.844,0.254,-0.606
compress_cooldown,mina,against,565883,-0.077,0.094,-0.073
counterspell,mina,against,140289,-0.122,0.179,-0.102
crippling_headshot,mina,against,108271,-0.508,0.197,-0.410
crushing_fists,mina,against,102572,0.282,0.193,0.230
cultist_sacrifice,mina,against,132065,0.085,0.179,0.071
cursed_relic,mina,against,77679,0.541,0.234,0.406
debuff_reducer,mina,against,175387,-1.009,0.164,-0.866
decay,mina,against,37195,0.480,0.303,0.307
disarming_hex,mina,against,34963,0.819,0.326,0.497
dispel_magic,mina,against,268071,-0.204,0.139,-0.182
divine_barrier,mina,against,61651,0.620,0.233,0.466
diviners_kevlar,mina,against,80502,-0.929,0.230,-0.703
duration_extender,mina,against,364149,-0.089,0.115,-0.082
echo_shard,mina,against,97922,0.766,0.205,0.609
enchanters_emblem,mina,against,282027,0.541,0.129,0.491
enduring_speed,mina,against,418171,0.044,0.105,0.041
escalating_exposure,mina,against,403582,0.463,0.107,0.433
escalating_resilience,mina,against,47634,0.034,0.288,0.023
ethereal_shift,mina,against,48227,-0.427,0.266,-0.298
express_shot,mina,against,96316,0.068,0.212,0.054
extended_magazine,mina,against,251126,-0.083,0.139,-0.074
extra_charge,mina,against,618855,0.269,0.090,0.256
extra_health,mina,against,270648,-0.117,0.130,-0.106
extra_regen,mina,against,581273,0.160,0.092,0.153
extra_spirit,mina,against,871245,-0.089,0.076,-0.086
extra_stamina,mina,against,442975,0.098,0.104,0.092
fleetfoot,mina,against,147671,-0.109,0.172,-0.093
focus_lens,mina,against,21554,-0.958,0.366,-0.527
fortitude,mina,against,212952,0.088,0.142,0.078
frenzy,mina,against,45282,-0.917,0.269,-0.636
fury_trance,mina,against,26008,-0.660,0.343,-0.384
glass_cannon,mina,against,69566,0.104,0.230,0.079
golden_goose_egg,mina,against,53791,1.045,0.282,0.703
greater_expansion,mina,against,507070,-0.127,0.096,-0.120
grit,mina,against,269311,0.192,0.134,0.173
guardian_ward,mina,against,87169,0.268,0.211,0.210
headhunter,mina,against,154687,-0.075,0.173,-0.064
headshot_booster,mina,against,190481,-0.177,0.158,-0.154
healbane,mina,against,436545,0.097,0.107,0.090
healing_booster,mina,against,387546,0.393,0.111,0.366
healing_nova,mina,against,34986,0.605,0.305,0.386
healing_rite,mina,against,123125,0.088,0.189,0.072
healing_tempo,mina,against,120554,0.342,0.185,0.283
heroic_aura,mina,against,71828,0.269,0.229,0.204
high_velocity_rounds,mina,against,366173,0.108,0.115,0.100
hollow_point,mina,against,86874,0.049,0.217,0.038
hunters_aura,mina,against,190320,-0.287,0.153,-0.251
improved_spirit,mina,against,807837,0.060,0.078,0.058
indomitable,mina,against,146695,-1.175,0.176,-0.988
infuser,mina,against,99305,0.313,0.202,0.250
inhibitor,mina,against,87780,-0.704,0.214,-0.550
intensifying_magazine,mina,against,83631,0.269,0.229,0.204
juggernaut,mina,against,131575,-0.460,0.172,-0.390
kinetic_dash,mina,against,88623,0.758,0.218,0.587
knockdown,mina,against,76536,0.599,0.240,0.443
leech,mina,against,137365,0.473,0.178,0.396
lifestrike,mina,against,184024,0.068,0.153,0.059
lightning_scroll,mina,against,57993,-0.006,0.256,-0.004
long_range,mina,against,96031,0.035,0.209,0.028
lucky_shot,mina,against,80292,-0.670,0.213,-0.525
magic_carpet,mina,against,23318,0.244,0.346,0.141
majestic_leap,mina,against,51999,-0.507,0.265,-0.355
melee_charge,mina,against,138994,-0.073,0.175,-0.061
melee_lifesteal,mina,against,297475,-0.345,0.124,-0.316
mercurial_magnum,mina,against,198513,0.638,0.155,0.556
metal_skin,mina,against,46943,-0.882,0.282,-0.593
monster_rounds,mina,against,343660,-0.073,0.119,-0.067
mystic_burst,mina,against,582289,-0.009,0.092,-0.008
mystic_expansion,mina,against,588436,-0.127,0.092,-0.121
mystic_regeneration,mina,against,262320,0.442,0.134,0.399
mystic_reverb,mina,against,211509,0.128,0.145,0.113
mystic_shot,mina,against,200550,0.124,0.153,0.108
mystic_slow,mina,against,81124,0.445,0.231,0.336
mystic_vulnerability,mina,against,446057,-0.161,0.105,-0.151
opening_rounds,mina,against,278990,0.099,0.132,0.089
phantom_strike,mina,against,50982,-0.261,0.260,-0.185
plated_armor,mina,against,83075,-0.862,0.217,-0.669
point_blank,mina,against,178017,0.451,0.159,0.390
quicksilver_reload,mina,against,311667,-0.053,0.127,-0.048
radiant_regeneration,mina,against,252974,0.616,0.136,0.553
rapid_recharge,mina,against,516073,0.281,0.097,0.266
rapid_rounds,mina,against,374682,-0.187,0.114,-0.173
reactive_barrier,mina,against,146173,-0.518,0.181,-0.431
rebuttal,mina,against,58362,-0.319,0.269,-0.221
recharging_rush,mina,against,174711,-0.100,0.160,-0.086
refresher,mina,against,133238,-0.477,0.178,-0.399
rescue_beam,mina,against,46847,0.678,0.281,0.457
restorative_locket,mina,against,101511,-0.097,0.211,-0.076
restorative_shot,mina,against,299413,-0.049,0.127,-0.044
return_fire,mina,against,11635,-0.988,0.449,-0.443
ricochet,mina,against,262137,0.600,0.134,0.541
rusted_barrel,mina,against,34996,0.462,0.320,0.285
scourge,mina,against,79518,-0.692,0.222,-0.532
shadow_weave,mina,against,36300,-0.618,0.312,-0.387
sharpshooter,mina,against,112055,0.171,0.196,0.138
silence_wave,mina,against,20427,-1.126,0.376,-0.604
silencer,mina,against,152943,-0.691,0.163,-0.594
siphon_bullets,mina,against,111218,-0.264,0.192,-0.215
slowing_bullets,mina,against,81075,-0.135,0.227,-0.102
slowing_hex,mina,against,252105,-0.537,0.142,-0.478
spellbreaker,mina,against,111685,-0.789,0.188,-0.648
spellslinger,mina,against,62201,0.890,0.234,0.667
spirit_burn,mina,against,350604,-0.136,0.111,-0.127
spirit_lifesteal,mina,against,430194,0.014,0.109,0.013
spirit_rend,mina,against,63517,-0.214,0.247,-0.156
spirit_resilience,mina,against,445465,-0.536,0.103,-0.504
spirit_sap,mina,against,23364,-0.548,0.358,-0.308
spirit_shielding,mina,against,181462,0.033,0.162,0.029
spirit_shredder_bullets,mina,against,78503,-0.059,0.231,-0.044
spirit_snatch,mina,against,280958,-0.094,0.130,-0.085
spirit_strike,mina,against,283869,-0.306,0.130,-0.278
spiritual_overflow,mina,against,237999,-0.069,0.141,-0.062
split_shot,mina,against,49100,0.211,0.277,0.144
sprint_boots,mina,against,576768,-0.044,0.093,-0.042
stalker,mina,against,263649,-0.306,0.132,-0.277
stamina_mastery,mina,against,303095,0.126,0.121,0.116
superior_cooldown,mina,against,639756,-0.167,0.087,-0.159
superior_duration,mina,against,458480,-0.300,0.102,-0.283
suppressor,mina,against,90134,0.459,0.215,0.358
surge_of_power,mina,against,232452,-0.205,0.146,-0.182
swift_striker,mina,against,370493,-0.251,0.114,-0.233
tankbuster,mina,against,560284,0.174,0.094,0.165
tesla_bullets,mina,against,135735,0.246,0.183,0.204
titanic_magazine,mina,against,274245,-0.024,0.133,-0.022
torment_pulse,mina,against,241303,0.685,0.137,0.615
toxic_bullets,mina,against,186077,-0.149,0.159,-0.129
transcendent_cooldown,mina,against,408506,-0.122,0.104,-0.115
trophy_collector,mina,against,434012,0.399,0.108,0.372
unstoppable,mina,against,154214,-0.082,0.171,-0.070
vampiric_burst,mina,against,123109,0.144,0.189,0.118
veil_walker,mina,against,113355,0.148,0.211,0.116
vortex_web,mina,against,53992,0.440,0.262,0.310
warp_stone,mina,against,149232,0.048,0.171,0.041
weakening_headshot,mina,against,135012,-0.202,0.190,-0.166
weapon_shielding,mina,against,27254,1.012,0.344,0.588
weighted_shots,mina,against,105892,-0.076,0.204,-0.061
witchmail,mina,against,129064,0.020,0.174,0.017
active_reload,mirage,against,37068,-0.205,0.313,-0.128
alchemical_fire,mirage,against,14135,0.396,0.425,0.188
arcane_surge,mirage,against,69713,0.242,0.244,0.177
arctic_blast,mirage,against,43957,1.055,0.292,0.693
armor_piercing_rounds,mirage,against,9880,-0.888,0.457,-0.390
ballistic_enchantment,mirage,against,32070,-0.362,0.339,-0.213
battle_vest,mirage,against,68714,0.124,0.258,0.088
berserker,mirage,against,53558,0.347,0.276,0.237
blood_tribute,mirage,against,9502,-0.617,0.487,-0.252
boundless_spirit,mirage,against,251209,0.091,0.138,0.082
bullet_lifesteal,mirage,against,91437,-0.561,0.228,-0.426
bullet_resilience,mirage,against,21569,-0.364,0.364,-0.201
bullet_resist_shredder,mirage,against,79892,-0.830,0.237,-0.618
burst_fire,mirage,against,85954,-0.301,0.228,-0.228
capacitor,mirage,against,34163,0.104,0.320,0.064
cheat_death,mirage,against,19693,-0.555,0.377,-0.297
close_quarters,mirage,against,123149,0.183,0.194,0.149
cold_front,mirage,against,77353,0.397,0.240,0.294
colossus,mirage,against,19316,-0.359,0.363,-0.199
compress_cooldown,mirage,against,222598,0.346,0.152,0.303
counterspell,mirage,against,55670,-0.477,0.274,-0.328
crippling_headshot,mirage,against,43114,-0.733,0.293,-0.481
crushing_fists,mirage,against,40540,0.272,0.288,0.180
cultist_sacrifice,mirage,against,50849,-0.073,0.275,-0.050
cursed_relic,mirage,against,29112,1.132,0.340,0.663
debuff_reducer,mirage,against,70066,-0.176,0.252,-0.126
decay,mirage,against,13917,1.120,0.423,0.535
disarming_hex,mirage,against,15408,-0.316,0.419,-0.152
dispel_magic,mirage,against,152256,0.262,0.187,0.216
divine_barrier,mirage,against,25959,-0.007,0.330,-0.004
diviners_kevlar,mirage,against,32625,-0.204,0.323,-0.124
duration_extender,mirage,against,142079,-0.147,0.184,-0.122
echo_shard,mirage,against,36460,1.395,0.308,0.884
enchanters_emblem,mirage,against,106831,-0.174,0.207,-0.138
enduring_speed,mirage,against,164314,0.229,0.169,0.195
escalating_exposure,mirage,against,151361,-0.169,0.174,-0.142
escalating_resilience,mirage,against,19033,-0.478,0.395,-0.245
ethereal_shift,mirage,against,22735,-0.147,0.354,-0.083
express_shot,mirage,against,37257,-0.177,0.318,-0.110
extended_magazine,mirage,against,94524,-0.687,0.223,-0.527
extra_charge,mirage,against,242366,-0.045,0.146,-0.040
extra_health,mirage,against,116453,-0.030,0.198,-0.024
extra_regen,mirage,against,230131,0.014,0.150,0.012
extra_spirit,mirage,against,355150,-0.080,0.122,-0.074
extra_stamina,mirage,against,188252,-0.203,0.162,-0.175
fleetfoot,mirage,against,58981,1.497,0.261,1.057
focus_lens,mirage,against,11011,-0.194,0.450,-0.087
fortitude,mirage,against,80845,0.248,0.227,0.189
frenzy,mirage,against,17696,-1.126,0.383,-0.594
fury_trance,mirage,against,9231,0.143,0.477,0.060
glass_cannon,mirage,against,26447,-0.693,0.336,-0.409
golden_goose_egg,mirage,against,21024,-1.168,0.393,-0.601
greater_expansion,mirage,against,210133,-0.069,0.151,-0.060
grit,mirage,against,113126,-0.098,0.204,-0.078
guardian_ward,mirage,against,34635,0.236,0.309,0.149
headhunter,mirage,against,56814,-0.471,0.273,-0.324
headshot_booster,mirage,against,70107,-0.331,0.252,-0.239
healbane,mirage,against,159102,-0.218,0.178,-0.183
healing_booster,mirage,against,152259,-0.190,0.179,-0.159
healing_nova,mirage,against,13517,-0.470,0.420,-0.226
healing_rite,mirage,against,49768,-0.389,0.280,-0.263
healing_tempo,mirage,against,48980,0.381,0.274,0.261
heroic_aura,mirage,against,28176,1.204,0.331,0.721
high_velocity_rounds,mirage,against,140616,-0.224,0.187,-0.185
hollow_point,mirage,against,33278,0.508,0.321,0.312
hunters_aura,mirage,against,71897,0.602,0.242,0.443
improved_spirit,mirage,against,330234,0.063,0.126,0.057
indomitable,mirage,against,61677,-0.513,0.259,-0.364
infuser,mirage,against,38673,0.692,0.296,0.451
inhibitor,mirage,against,31506,0.398,0.321,0.244
intensifying_magazine,mirage,against,32907,-0.006,0.332,-0.004
juggernaut,mirage,against,53863,0.332,0.257,0.237
kinetic_dash,mirage,against,31300,0.160,0.332,0.096
knockdown,mirage,against,27914,-0.163,0.353,-0.092
leech,mirage,against,51095,-0.433,0.273,-0.297
lifestrike,mirage,against,70378,0.357,0.242,0.263
lightning_scroll,mirage,against,23219,-0.203,0.356,-0.114
long_range,mirage,against,36743,-1.246,0.311,-0.782
lucky_shot,mirage,against,30939,-1.272,0.315,-0.793
magic_carpet,mirage,against,9264,-1.327,0.469,-0.565
majestic_leap,mirage,against,19571,0.436,0.381,0.231
melee_charge,mirage,against,54180,-0.220,0.269,-0.153
melee_lifesteal,mirage,against,112744,0.379,0.201,0.304
mercurial_magnum,mirage,against,81053,0.043,0.237,0.032
metal_skin,mirage,against,20362,-0.193,0.386,-0.101
monster_rounds,mirage,against,129638,-0.055,0.193,-0.045
mystic_burst,mirage,against,248696,0.118,0.144,0.105
mystic_expansion,mirage,against,250012,0.197,0.143,0.176
mystic_regeneration,mirage,against,92357,-0.597,0.222,-0.459
mystic_reverb,mirage,against,81341,0.250,0.226,0.191
mystic_shot,mirage,against,74687,0.282,0.245,0.206
mystic_slow,mirage,against,32448,0.066,0.330,0.040
mystic_vulnerability,mirage,against,164585,-0.476,0.173,-0.403
opening_rounds,mirage,against,106140,-0.271,0.211,-0.213
phantom_strike,mirage,against,19584,0.780,0.372,0.422
plated_armor,mirage,against,42363,1.003,0.292,0.660
point_blank,mirage,against,67932,0.225,0.248,0.164
quicksilver_reload,mirage,against,142132,-0.225,0.189,-0.185
radiant_regeneration,mirage,against,95486,-0.102,0.219,-0.079
rapid_recharge,mirage,against,203805,0.112,0.157,0.097
rapid_rounds,mirage,against,150239,-0.272,0.181,-0.227
reactive_barrier,mirage,against,62835,-0.159,0.264,-0.112
rebuttal,mirage,against,20885,0.119,0.387,0.062
recharging_rush,mirage,against,64872,-0.278,0.254,-0.200
refresher,mirage,against,52297,0.026,0.269,0.018
rescue_beam,mirage,against,19465,-0.807,0.383,-0.426
restorative_locket,mirage,against,38674,0.454,0.317,0.281
restorative_shot,mirage,against,112421,0.314,0.206,0.249
return_fire,mirage,against,5009,-0.782,0.582,-0.255
ricochet,mirage,against,95540,0.090,0.217,0.070
rusted_barrel,mirage,against,14823,0.524,0.423,0.251
scourge,mirage,against,32032,0.072,0.320,0.044
shadow_weave,mirage,against,14228,0.069,0.431,0.033
sharpshooter,mirage,against,42529,-0.988,0.297,-0.642
silence_wave,mirage,against,7152,0.191,0.521,0.072
silencer,mirage,against,55559,-0.570,0.257,-0.406
siphon_bullets,mirage,against,44634,0.893,0.284,0.598
slowing_bullets,mirage,against,30614,0.149,0.332,0.089
slowing_hex,mirage,against,84328,-0.079,0.238,-0.059
spellbreaker,mirage,against,44250,-0.470,0.283,-0.316
spellslinger,mirage,against,24584,0.264,0.341,0.154
spirit_burn,mirage,against,153053,-0.253,0.169,-0.215
spirit_lifesteal,mirage,against,162143,0.168,0.178,0.141
spirit_rend,mirage,against,36491,-0.559,0.312,-0.351
spirit_resilience,mirage,against,157748,0.091,0.172,0.077
spirit_sap,mirage,against,18850,-0.055,0.390,-0.029
spirit_shielding,mirage,against,68828,0.670,0.251,0.484
spirit_shredder_bullets,mirage,against,43117,-0.555,0.301,-0.358
spirit_snatch,mirage,against,107513,0.825,0.209,0.651
spirit_strike,mirage,against,108141,0.775,0.209,0.611
spiritual_overflow,mirage,against,91766,-0.119,0.223,-0.091
split_shot,mirage,against,18823,-0.486,0.394,-0.249
sprint_boots,mirage,against,227847,0.419,0.150,0.368
stalker,mirage,against,98699,0.442,0.213,0.346
stamina_mastery,mirage,against,134826,-0.572,0.183,-0.475
superior_cooldown,mirage,against,257082,-0.206,0.140,-0.184
superior_duration,mirage,against,179530,-0.048,0.164,-0.041
suppressor,mirage,against,31234,-0.458,0.329,-0.275
surge_of_power,mirage,against,87768,-0.549,0.234,-0.412
swift_striker,mirage,against,151515,-0.226,0.180,-0.189
tankbuster,mirage,against,237974,0.045,0.147,0.040
tesla_bullets,mirage,against,52259,-0.289,0.282,-0.195
titanic_magazine,mirage,against,100317,-0.529,0.217,-0.411
torment_pulse,mirage,against,93499,0.093,0.218,0.072
toxic_bullets,mirage,against,63726,-0.214,0.254,-0.154
transcendent_cooldown,mirage,against,165839,-0.269,0.162,-0.232
trophy_collector,mirage,against,170969,1.024,0.173,0.866
unstoppable,mirage,against,59636,0.077,0.263,0.054
vampiric_burst,mirage,against,48874,0.134,0.282,0.090
veil_walker,mirage,against,44674,0.806,0.312,0.506
vortex_web,mirage,against,21060,1.255,0.368,0.686
warp_stone,mirage,against,60071,0.553,0.260,0.391
weakening_headshot,mirage,against,53358,-0.142,0.283,-0.095
weapon_shielding,mirage,against,13004,0.486,0.443,0.221
weighted_shots,mirage,against,40212,-0.541,0.306,-0.344
witchmail,mirage,against,48455,-0.402,0.271,-0.277
active_reload,mo_and_krill,against,67223,0.209,0.250,0.151
alchemical_fire,mo_and_krill,against,29829,-0.175,0.337,-0.103
arcane_surge,mo_and_krill,against,152061,-0.224,0.176,-0.188
arctic_blast,mo_and_krill,against,74287,-0.306,0.240,-0.226
armor_piercing_rounds,mo_and_krill,against,16968,1.492,0.379,0.795
ballistic_enchantment,mo_and_krill,against,62838,-0.112,0.264,-0.078
battle_vest,mo_and_krill,against,146686,0.325,0.187,0.267
berserker,mo_and_krill,against,118961,0.286,0.199,0.230
blood_tribute,mo_and_krill,against,17870,0.557,0.412,0.274
boundless_spirit,mo_and_krill,against,490522,-0.295,0.099,-0.278
bullet_lifesteal,mo_and_krill,against,167941,0.733,0.174,0.618
bullet_resilience,mo_and_krill,against,44637,-0.710,0.282,-0.477
bullet_resist_shredder,mo_and_krill,against,180291,-0.086,0.165,-0.074
burst_fire,mo_and_krill,against,151726,0.554,0.176,0.465
capacitor,mo_and_krill,against,63161,-0.743,0.252,-0.535
cheat_death,mo_and_krill,against,38559,0.675,0.302,0.433
close_quarters,mo_and_krill,against,267392,-0.137,0.135,-0.123
cold_front,mo_and_krill,against,136159,0.367,0.187,0.303
colossus,mo_and_krill,against,41284,0.325,0.277,0.221
compress_cooldown,mo_and_krill,against,463379,0.092,0.107,0.086
counterspell,mo_and_krill,against,110515,0.392,0.205,0.312
crippling_headshot,mo_and_krill,against,80346,0.149,0.228,0.113
crushing_fists,mo_and_krill,against,91567,-0.378,0.208,-0.299
cultist_sacrifice,mo_and_krill,against,108457,-0.447,0.200,-0.359
cursed_relic,mo_and_krill,against,62694,0.948,0.257,0.676
debuff_reducer,mo_and_krill,against,149501,1.106,0.183,0.918
decay,mo_and_krill,against,34830,0.179,0.320,0.110
disarming_hex,mo_and_krill,against,38353,-0.013,0.314,-0.008
dispel_magic,mo_and_krill,against,252363,-0.251,0.146,-0.222
divine_barrier,mo_and_krill,against,56732,0.850,0.248,0.618
diviners_kevlar,mo_and_krill,against,64073,-0.096,0.256,-0.069
duration_extender,mo_and_krill,against,277924,0.114,0.136,0.103
echo_shard,mo_and_krill,against,82779,-0.848,0.227,-0.645
enchanters_emblem,mo_and_krill,against,226368,-0.357,0.148,-0.315
enduring_speed,mo_and_krill,against,336129,-0.118,0.121,-0.108
escalating_exposure,mo_and_krill,against,301996,-0.293,0.127,-0.267
escalating_resilience,mo_and_krill,against,37545,0.360,0.312,0.226
ethereal_shift,mo_and_krill,against,42718,0.026,0.285,0.017
express_shot,mo_and_krill,against,85646,0.343,0.229,0.260
extended_magazine,mo_and_krill,against,188019,0.488,0.162,0.421
extra_charge,mo_and_krill,against,522662,0.172,0.101,0.162
extra_health,mo_and_krill,against,226109,0.134,0.144,0.119
extra_regen,mo_and_krill,against,485700,-0.135,0.104,-0.127
extra_spirit,mo_and_krill,against,709899,-0.097,0.086,-0.093
extra_stamina,mo_and_krill,against,396781,-0.009,0.112,-0.008
fleetfoot,mo_and_krill,against,122891,0.766,0.193,0.624
focus_lens,mo_and_krill,against,19751,-0.709,0.376,-0.380
fortitude,mo_and_krill,against,155487,-0.247,0.167,-0.211
frenzy,mo_and_krill,against,33308,1.101,0.305,0.702
fury_trance,mo_and_krill,against,16669,-0.377,0.398,-0.192
glass_cannon,mo_and_krill,against,50085,-0.105,0.267,-0.073
golden_goose_egg,mo_and_krill,against,42381,-0.149,0.312,-0.094
greater_expansion,mo_and_krill,against,427709,0.092,0.108,0.086
grit,mo_and_krill,against,251552,0.359,0.142,0.320
guardian_ward,mo_and_krill,against,79583,0.712,0.226,0.543
headhunter,mo_and_krill,against,141468,0.325,0.186,0.269
headshot_booster,mo_and_krill,against,170711,0.337,0.171,0.286
healbane,mo_and_krill,against,347796,0.031,0.124,0.028
healing_booster,mo_and_krill,against,326319,-0.016,0.124,-0.015
healing_nova,mo_and_krill,against,26556,-0.384,0.340,-0.225
healing_rite,mo_and_krill,against,101874,0.175,0.210,0.138
healing_tempo,mo_and_krill,against,92570,-0.050,0.210,-0.039
heroic_aura,mo_and_krill,against,61083,-0.131,0.250,-0.095
high_velocity_rounds,mo_and_krill,against,301335,0.109,0.130,0.099
hollow_point,mo_and_krill,against,65260,-0.400,0.250,-0.290
hunters_aura,mo_and_krill,against,158338,-0.121,0.173,-0.102
improved_spirit,mo_and_krill,against,668135,-0.162,0.089,-0.155
indomitable,mo_and_krill,against,137952,0.240,0.185,0.198
infuser,mo_and_krill,against,83469,-0.622,0.222,-0.478
inhibitor,mo_and_krill,against,61138,0.346,0.252,0.249
intensifying_magazine,mo_and_krill,against,62658,0.033,0.263,0.024
juggernaut,mo_and_krill,against,102379,-0.398,0.195,-0.324
kinetic_dash,mo_and_krill,against,62230,-1.021,0.260,-0.723
knockdown,mo_and_krill,against,75513,0.454,0.247,0.331
leech,mo_and_krill,against,90472,0.699,0.216,0.544
lifestrike,mo_and_krill,against,160277,-0.624,0.167,-0.533
lightning_scroll,mo_and_krill,against,44678,-0.113,0.289,-0.075
long_range,mo_and_krill,against,76342,0.782,0.235,0.584
lucky_shot,mo_and_krill,against,55219,-0.144,0.253,-0.103
magic_carpet,mo_and_krill,against,18779,0.060,0.376,0.032
majestic_leap,mo_and_krill,against,41036,-0.729,0.295,-0.476
melee_charge,mo_and_krill,against,127064,-0.320,0.188,-0.263
melee_lifesteal,mo_and_krill,against,249026,-0.117,0.139,-0.105
mercurial_magnum,mo_and_krill,against,151123,-0.360,0.180,-0.300
metal_skin,mo_and_krill,against,60031,0.654,0.263,0.460
monster_rounds,mo_and_krill,against,279127,-0.462,0.135,-0.416
mystic_burst,mo_and_krill,against,488810,-0.148,0.103,-0.139
mystic_expansion,mo_and_krill,against,511172,-0.180,0.101,-0.169
mystic_regeneration,mo_and_krill,against,204108,-0.129,0.155,-0.113
mystic_reverb,mo_and_krill,against,173424,-0.260,0.163,-0.224
mystic_shot,mo_and_krill,against,171975,-0.457,0.169,-0.389
mystic_slow,mo_and_krill,against,64940,0.216,0.260,0.153
mystic_vulnerability,mo_and_krill,against,344202,0.003,0.123,0.003
opening_rounds,mo_and_krill,against,224598,-0.234,0.149,-0.206
phantom_strike,mo_and_krill,against,45258,-1.689,0.280,-1.143
plated_armor,mo_and_krill,against,90073,1.036,0.215,0.807
point_blank,mo_and_krill,against,141894,0.147,0.181,0.123
quicksilver_reload,mo_and_krill,against,257050,-0.189,0.142,-0.168
radiant_regeneration,mo_and_krill,against,197984,-0.344,0.157,-0.299
rapid_recharge,mo_and_krill,against,423351,0.022,0.110,0.021
rapid_rounds,mo_and_krill,against,278178,0.022,0.134,0.019
reactive_barrier,mo_and_krill,against,149725,0.665,0.184,0.551
rebuttal,mo_and_krill,against,35937,1.404,0.326,0.852
recharging_rush,mo_and_krill,against,142443,-0.370,0.181,-0.308
refresher,mo_and_krill,against,114029,-0.024,0.196,-0.020
rescue_beam,mo_and_krill,against,42677,0.131,0.296,0.085
restorative_locket,mo_and_krill,against,81740,-0.049,0.238,-0.037
restorative_shot,mo_and_krill,against,248872,-0.080,0.143,-0.071
return_fire,mo_and_krill,against,12522,-0.315,0.447,-0.142
ricochet,mo_and_krill,against,183933,0.119,0.162,0.103
rusted_barrel,mo_and_krill,against,35932,0.199,0.322,0.122
scourge,mo_and_krill,against,56825,0.179,0.261,0.127
shadow_weave,mo_and_krill,against,26555,-0.360,0.351,-0.206
sharpshooter,mo_and_krill,against,88226,0.502,0.222,0.386
silence_wave,mo_and_krill,against,15047,0.805,0.419,0.389
silencer,mo_and_krill,against,100285,0.990,0.199,0.798
siphon_bullets,mo_and_krill,against,92189,-0.059,0.214,-0.046
slowing_bullets,mo_and_krill,against,65904,0.544,0.252,0.392
slowing_hex,mo_and_krill,against,184109,-0.030,0.169,-0.025
spellbreaker,mo_and_krill,against,77060,0.468,0.222,0.360
spellslinger,mo_and_krill,against,45592,0.378,0.270,0.262
spirit_burn,mo_and_krill,against,296491,-0.074,0.124,-0.068
spirit_lifesteal,mo_and_krill,against,329319,0.149,0.128,0.136
spirit_rend,mo_and_krill,against,62808,0.499,0.253,0.359
spirit_resilience,mo_and_krill,against,337121,0.223,0.120,0.205
spirit_sap,mo_and_krill,against,33890,-0.340,0.318,-0.210
spirit_shielding,mo_and_krill,against,147242,-0.205,0.181,-0.171
spirit_shredder_bullets,mo_and_krill,against,78247,0.430,0.236,0.321
spirit_snatch,mo_and_krill,against,239677,0.036,0.145,0.032
spirit_strike,mo_and_krill,against,242935,0.038,0.145,0.034
spiritual_overflow,mo_and_krill,against,173442,-0.204,0.167,-0.174
split_shot,mo_and_krill,against,35708,-0.230,0.320,-0.141
sprint_boots,mo_and_krill,against,466417,0.139,0.106,0.130
stalker,mo_and_krill,against,216342,-0.333,0.149,-0.293
stamina_mastery,mo_and_krill,against,280136,0.080,0.129,0.072
superior_cooldown,mo_and_krill,against,520827,0.304,0.099,0.287
superior_duration,mo_and_krill,against,346700,-0.052,0.120,-0.048
suppressor,mo_and_krill,against,75183,-0.213,0.240,-0.157
surge_of_power,mo_and_krill,against,174783,-0.078,0.171,-0.066
swift_striker,mo_and_krill,against,280142,-0.347,0.133,-0.313
tankbuster,mo_and_krill,against,468994,-0.371,0.105,-0.348
tesla_bullets,mo_and_krill,against,100406,-0.454,0.215,-0.354
titanic_magazine,mo_and_krill,against,200223,0.228,0.157,0.198
torment_pulse,mo_and_krill,against,169452,-0.107,0.166,-0.092
toxic_bullets,mo_and_krill,against,137064,0.186,0.184,0.154
transcendent_cooldown,mo_and_krill,against,314469,0.136,0.119,0.125
trophy_collector,mo_and_krill,against,347481,-0.347,0.124,-0.317
unstoppable,mo_and_krill,against,128051,0.674,0.192,0.550
vampiric_burst,mo_and_krill,against,87067,-0.162,0.223,-0.124
veil_walker,mo_and_krill,against,90978,-0.381,0.240,-0.281
vortex_web,mo_and_krill,against,45441,0.086,0.287,0.057
warp_stone,mo_and_krill,against,122674,-0.373,0.195,-0.303
weakening_headshot,mo_and_krill,against,105612,-0.111,0.216,-0.087
weapon_shielding,mo_and_krill,against,28352,0.135,0.346,0.078
weighted_shots,mo_and_krill,against,85713,0.253,0.227,0.193
witchmail,mo_and_krill,against,94567,0.125,0.205,0.100
active_reload,paige,against,92051,-0.573,0.226,-0.436
alchemical_fire,paige,against,34201,0.519,0.327,0.314
arcane_surge,paige,against,170271,-0.231,0.170,-0.196
arctic_blast,paige,against,105724,-0.110,0.211,-0.087
armor_piercing_rounds,paige,against,22735,1.156,0.357,0.649
ballistic_enchantment,paige,against,76878,0.175,0.248,0.127
battle_vest,paige,against,158181,-0.739,0.182,-0.614
berserker,paige,against,121291,-0.830,0.200,-0.668
blood_tribute,paige,against,21849,0.236,0.393,0.121
boundless_spirit,paige,against,602697,-0.225,0.092,-0.214
bullet_lifesteal,paige,against,215671,-0.630,0.159,-0.546
bullet_resilience,paige,against,57393,0.045,0.258,0.032
bullet_resist_shredder,paige,against,193760,-0.572,0.162,-0.493
burst_fire,paige,against,208747,0.054,0.157,0.047
capacitor,paige,against,84822,-0.721,0.230,-0.545
cheat_death,paige,against,48575,1.282,0.282,0.862
close_quarters,paige,against,291446,0.138,0.131,0.124
cold_front,paige,against,193160,-0.212,0.161,-0.183
colossus,paige,against,47448,0.040,0.273,0.027
compress_cooldown,paige,against,557743,0.122,0.100,0.115
counterspell,paige,against,147213,0.575,0.185,0.476
crippling_headshot,paige,against,102397,0.873,0.213,0.684
crushing_fists,paige,against,99056,-0.405,0.209,-0.320
cultist_sacrifice,paige,against,125064,-0.698,0.191,-0.570
cursed_relic,paige,against,71199,0.680,0.248,0.494
debuff_reducer,paige,against,169652,0.210,0.177,0.176
decay,paige,against,38403,0.474,0.308,0.300
disarming_hex,paige,against,41093,1.148,0.309,0.726
dispel_magic,paige,against,314719,-0.313,0.134,-0.282
divine_barrier,paige,against,43263,0.189,0.274,0.130
diviners_kevlar,paige,against,76736,-0.312,0.246,-0.228
duration_extender,paige,against,346460,0.038,0.125,0.035
echo_shard,paige,against,98176,-0.210,0.216,-0.164
enchanters_emblem,paige,against,271101,0.328,0.138,0.294
enduring_speed,paige,against,397991,-0.104,0.114,-0.097
escalating_exposure,paige,against,374899,-0.242,0.118,-0.223
escalating_resilience,paige,against,47023,0.326,0.297,0.212
ethereal_shift,paige,against,51326,-0.419,0.274,-0.288
express_shot,paige,against,82245,0.376,0.232,0.283
extended_magazine,paige,against,239747,-0.329,0.148,-0.290
extra_charge,paige,against,599137,0.267,0.096,0.253
extra_health,paige,against,276349,0.231,0.135,0.208
extra_regen,paige,against,568387,0.076,0.098,0.072
extra_spirit,paige,against,877025,-0.033,0.079,-0.032
extra_stamina,paige,against,459456,-0.235,0.106,-0.220
fleetfoot,paige,against,136522,-0.354,0.187,-0.292
focus_lens,paige,against,26200,-0.380,0.350,-0.218
fortitude,paige,against,193334,0.179,0.156,0.156
frenzy,paige,against,39726,-0.240,0.299,-0.155
fury_trance,paige,against,23276,-0.325,0.364,-0.179
glass_cannon,paige,against,61502,0.171,0.254,0.123
golden_goose_egg,paige,against,55509,0.296,0.286,0.197
greater_expansion,paige,against,499239,0.196,0.102,0.185
grit,paige,against,255176,-0.098,0.144,-0.087
guardian_ward,paige,against,61727,0.995,0.246,0.726
headhunter,paige,against,150606,-0.242,0.184,-0.201
headshot_booster,paige,against,187564,-0.145,0.166,-0.124
healbane,paige,against,412305,-0.167,0.115,-0.155
healing_booster,paige,against,390404,-0.148,0.116,-0.137
healing_nova,paige,against,40101,0.595,0.296,0.387
healing_rite,paige,against,113977,0.880,0.204,0.702
healing_tempo,paige,against,131046,0.664,0.187,0.547
heroic_aura,paige,against,72892,-0.600,0.239,-0.445
high_velocity_rounds,paige,against,319146,0.313,0.128,0.285
hollow_point,paige,against,74329,-0.070,0.239,-0.052
hunters_aura,paige,against,165121,-0.504,0.171,-0.428
improved_spirit,paige,against,820921,0.125,0.082,0.120
indomitable,paige,against,150763,0.502,0.183,0.417
infuser,paige,against,93618,-0.413,0.218,-0.320
inhibitor,paige,against,80647,0.584,0.233,0.438
intensifying_magazine,paige,against,76930,-0.069,0.244,-0.051
juggernaut,paige,against,129166,0.407,0.182,0.338
kinetic_dash,paige,against,78064,-0.275,0.240,-0.203
knockdown,paige,against,57108,1.395,0.277,0.949
leech,paige,against,123707,-0.425,0.196,-0.344
lifestrike,paige,against,170302,-0.008,0.167,-0.007
lightning_scroll,paige,against,57274,0.241,0.268,0.167
long_range,paige,against,97287,0.760,0.217,0.591
lucky_shot,paige,against,69879,0.864,0.239,0.641
magic_carpet,paige,against,22730,1.206,0.363,0.669
majestic_leap,paige,against,48435,0.310,0.281,0.209
melee_charge,paige,against,133404,0.018,0.188,0.015
melee_lifesteal,paige,against,268954,-0.140,0.137,-0.126
mercurial_magnum,paige,against,198760,-0.038,0.162,-0.033
metal_skin,paige,against,62100,-0.131,0.255,-0.093
monster_rounds,paige,against,331018,-0.182,0.126,-0.166
mystic_burst,paige,against,629631,0.190,0.093,0.180
mystic_expansion,paige,against,601469,0.177,0.095,0.168
mystic_regeneration,paige,against,234986,-0.410,0.148,-0.362
mystic_reverb,paige,against,199995,0.151,0.158,0.131
mystic_shot,paige,against,192607,-0.436,0.163,-0.375
mystic_slow,paige,against,83033,0.467,0.239,0.346
mystic_vulnerability,paige,against,416790,0.167,0.115,0.154
opening_rounds,paige,against,244647,0.206,0.145,0.183
phantom_strike,paige,against,48110,-0.454,0.281,-0.306
plated_armor,paige,against,93977,-0.383,0.217,-0.298
point_blank,paige,against,161659,-0.084,0.174,-0.071
quicksilver_reload,paige,against,359246,0.256,0.124,0.234
radiant_regeneration,paige,against,226861,-0.532,0.150,-0.468
rapid_recharge,paige,against,500884,0.362,0.104,0.340
rapid_rounds,paige,against,360000,-0.227,0.121,-0.208
reactive_barrier,paige,against,154723,0.120,0.185,0.099
rebuttal,paige,against,56374,-0.003,0.278,-0.002
recharging_rush,paige,against,166895,0.062,0.173,0.053
refresher,paige,against,122870,0.049,0.197,0.040
rescue_beam,paige,against,39342,1.402,0.312,0.879
restorative_locket,paige,against,94031,-0.476,0.227,-0.362
restorative_shot,paige,against,263627,-0.438,0.140,-0.391
return_fire,paige,against,14519,0.535,0.424,0.255
ricochet,paige,against,238841,-0.392,0.148,-0.346
rusted_barrel,paige,against,38067,0.147,0.315,0.092
scourge,paige,against,80540,-0.106,0.234,-0.080
shadow_weave,paige,against,32239,0.342,0.334,0.203
sharpshooter,paige,against,111981,0.550,0.205,0.438
silence_wave,paige,against,18738,1.120,0.392,0.577
silencer,paige,against,128885,0.539,0.188,0.444
siphon_bullets,paige,against,103040,-0.503,0.210,-0.396
slowing_bullets,paige,against,71942,-0.053,0.247,-0.039
slowing_hex,paige,against,193451,0.801,0.167,0.685
spellbreaker,paige,against,95831,0.929,0.211,0.730
spellslinger,paige,against,54859,-0.076,0.258,-0.054
spirit_burn,paige,against,359381,-0.014,0.117,-0.013
spirit_lifesteal,paige,against,403922,-0.106,0.119,-0.098
spirit_rend,paige,against,87072,0.294,0.227,0.224
spirit_resilience,paige,against,389411,0.011,0.115,0.011
spirit_sap,paige,against,45961,0.051,0.287,0.034
spirit_shielding,paige,against,160706,-0.317,0.177,-0.266
spirit_shredder_bullets,paige,against,103564,0.319,0.215,0.249
spirit_snatch,paige,against,258173,-0.217,0.142,-0.193
spirit_strike,paige,against,259405,-0.098,0.143,-0.087
spiritual_overflow,paige,against,225251,-0.510,0.154,-0.445
split_shot,paige,against,42845,0.238,0.303,0.152
sprint_boots,paige,against,556728,-0.141,0.099,-0.133
stalker,paige,against,233891,-0.244,0.146,-0.216
stamina_mastery,paige,against,324564,-0.298,0.123,-0.273
superior_cooldown,paige,against,635046,-0.018,0.092,-0.018
superior_duration,paige,against,434844,0.000,0.110,0.000
suppressor,paige,against,87637,-0.082,0.227,-0.063
surge_of_power,paige,against,218466,0.057,0.159,0.050
swift_striker,paige,against,364799,-0.054,0.120,-0.050
tankbuster,paige,against,597698,0.093,0.095,0.088
tesla_bullets,paige,against,132690,0.061,0.196,0.049
titanic_magazine,paige,against,259613,-0.201,0.142,-0.179
torment_pulse,paige,against,237061,-0.325,0.146,-0.287
toxic_bullets,paige,against,174639,-0.164,0.169,-0.139
transcendent_cooldown,paige,against,392645,-0.060,0.111,-0.056
trophy_collector,paige,against,423754,0.288,0.115,0.267
unstoppable,paige,against,154257,0.147,0.181,0.122
vampiric_burst,paige,against,109244,-0.560,0.208,-0.443
veil_walker,paige,against,110965,0.169,0.222,0.130
vortex_web,paige,against,41442,1.572,0.300,1.014
warp_stone,paige,against,149834,-0.377,0.180,-0.314
weakening_headshot,paige,against,124346,0.140,0.205,0.111
weapon_shielding,paige,against,31367,0.348,0.339,0.204
weighted_shots,paige,against,93999,-0.245,0.223,-0.188
witchmail,paige,against,119146,0.476,0.193,0.388
active_reload,paradox,against,76947,-0.268,0.240,-0.198
alchemical_fire,paradox,against,27310,-0.078,0.346,-0.045
arcane_surge,paradox,against,141267,0.289,0.182,0.240
arctic_blast,paradox,against,97040,0.310,0.215,0.242
armor_piercing_rounds,paradox,against,18670,-0.336,0.369,-0.183
ballistic_enchantment,paradox,against,62467,-0.447,0.270,-0.309
battle_vest,paradox,against,142021,0.139,0.192,0.113
berserker,paradox,against,108329,0.027,0.209,0.021
blood_tribute,paradox,against,19546,-0.328,0.403,-0.165
boundless_spirit,paradox,against,522064,0.168,0.098,0.159
bullet_lifesteal,paradox,against,184917,0.048,0.170,0.041
bullet_resilience,paradox,against,50284,0.206,0.275,0.141
bullet_resist_shredder,paradox,against,169659,-0.027,0.171,-0.023
burst_fire,paradox,against,178430,0.077,0.167,0.066
capacitor,paradox,against,68420,0.349,0.248,0.254
cheat_death,paradox,against,41298,-0.061,0.296,-0.040
close_quarters,paradox,against,251503,0.269,0.141,0.240
cold_front,paradox,against,172792,0.018,0.169,0.015
colossus,paradox,against,42783,0.048,0.276,0.033
compress_cooldown,paradox,against,455044,-0.388,0.110,-0.362
counterspell,paradox,against,118110,0.148,0.203,0.118
crippling_headshot,paradox,against,81694,0.111,0.229,0.084
crushing_fists,paradox,against,87101,0.214,0.216,0.167
cultist_sacrifice,paradox,against,104227,0.281,0.207,0.223
cursed_relic,paradox,against,64775,-0.586,0.257,-0.417
debuff_reducer,paradox,against,156732,-0.456,0.180,-0.381
decay,paradox,against,30293,0.083,0.334,0.049
disarming_hex,paradox,against,34051,-0.293,0.339,-0.172
dispel_magic,paradox,against,267280,-0.182,0.144,-0.161
divine_barrier,paradox,against,56044,0.039,0.248,0.029
diviners_kevlar,paradox,against,67545,-0.088,0.251,-0.064
duration_extender,paradox,against,287979,-0.070,0.134,-0.063
echo_shard,paradox,against,74547,1.156,0.237,0.861
enchanters_emblem,paradox,against,225877,0.021,0.150,0.019
enduring_speed,paradox,against,336287,-0.425,0.123,-0.389
escalating_exposure,paradox,against,314151,-0.017,0.126,-0.015
escalating_resilience,paradox,against,39927,0.021,0.318,0.013
ethereal_shift,paradox,against,46006,0.744,0.277,0.506
express_shot,paradox,against,47753,0.700,0.291,0.461
extended_magazine,paradox,against,195582,-0.264,0.163,-0.228
extra_charge,paradox,against,511134,-0.297,0.103,-0.278
extra_health,paradox,against,233695,-0.238,0.145,-0.211
extra_regen,paradox,against,464242,0.220,0.107,0.206
extra_spirit,paradox,against,747280,-0.045,0.085,-0.043
extra_stamina,paradox,against,378669,0.215,0.117,0.198
fleetfoot,paradox,against,122532,-0.188,0.194,-0.152
focus_lens,paradox,against,22852,0.517,0.361,0.288
fortitude,paradox,against,161779,-0.076,0.168,-0.064
frenzy,paradox,against,34285,-0.396,0.309,-0.250
fury_trance,paradox,against,19873,0.450,0.380,0.239
glass_cannon,paradox,against,42820,-0.863,0.285,-0.577
golden_goose_egg,paradox,against,42828,-1.280,0.315,-0.797
greater_expansion,paradox,against,428484,-0.261,0.109,-0.244
grit,paradox,against,239508,0.054,0.147,0.048
guardian_ward,paradox,against,77909,0.058,0.228,0.044
headhunter,paradox,against,111159,0.431,0.208,0.341
headshot_booster,paradox,against,137843,0.414,0.190,0.339
healbane,paradox,against,345377,0.182,0.125,0.166
healing_booster,paradox,against,311614,0.589,0.129,0.535
healing_nova,paradox,against,28677,0.866,0.333,0.516
healing_rite,paradox,against,103329,0.372,0.211,0.293
healing_tempo,paradox,against,97434,0.832,0.209,0.657
heroic_aura,paradox,against,60280,0.081,0.253,0.059
high_velocity_rounds,paradox,against,273545,-0.303,0.137,-0.272
hollow_point,paradox,against,52199,-0.254,0.275,-0.174
hunters_aura,paradox,against,150793,0.571,0.178,0.479
improved_spirit,paradox,against,693950,-0.047,0.089,-0.045
indomitable,paradox,against,122900,-0.868,0.195,-0.704
infuser,paradox,against,73213,0.044,0.239,0.033
inhibitor,paradox,against,68507,-1.118,0.245,-0.819
intensifying_magazine,paradox,against,64730,-0.081,0.263,-0.057
juggernaut,paradox,against,108477,-0.480,0.193,-0.391
kinetic_dash,paradox,against,67687,0.211,0.254,0.151
knockdown,paradox,against,58758,-0.461,0.273,-0.317
leech,paradox,against,98996,-0.854,0.213,-0.669
lifestrike,paradox,against,150195,0.359,0.176,0.302
lightning_scroll,paradox,against,46473,-0.973,0.288,-0.646
long_range,paradox,against,55766,-0.964,0.271,-0.666
lucky_shot,paradox,against,60285,-0.018,0.246,-0.013
magic_carpet,paradox,against,19682,0.053,0.374,0.029
majestic_leap,paradox,against,42638,0.649,0.294,0.424
melee_charge,paradox,against,117581,0.274,0.197,0.222
melee_lifesteal,paradox,against,239962,0.099,0.144,0.088
mercurial_magnum,paradox,against,163848,0.264,0.175,0.222
metal_skin,paradox,against,49542,-1.094,0.288,-0.726
monster_rounds,paradox,against,265274,0.023,0.140,0.021
mystic_burst,paradox,against,512365,0.089,0.103,0.083
mystic_expansion,paradox,against,512484,-0.146,0.103,-0.137
mystic_regeneration,paradox,against,200033,0.601,0.159,0.521
mystic_reverb,paradox,against,146799,0.585,0.177,0.490
mystic_shot,paradox,against,138016,1.023,0.187,0.842
mystic_slow,paradox,against,64940,-1.017,0.263,-0.715
mystic_vulnerability,paradox,against,346365,-0.357,0.124,-0.327
opening_rounds,paradox,against,218630,0.013,0.152,0.011
phantom_strike,paradox,against,44103,1.051,0.283,0.706
plated_armor,paradox,against,85686,-0.027,0.223,-0.021
point_blank,paradox,against,139301,0.022,0.185,0.018
quicksilver_reload,paradox,against,302891,0.108,0.134,0.098
radiant_regeneration,paradox,against,193482,0.771,0.161,0.666
rapid_recharge,paradox,against,425217,-0.364,0.112,-0.338
rapid_rounds,paradox,against,306082,0.002,0.130,0.002
reactive_barrier,paradox,against,130569,-0.584,0.197,-0.472
rebuttal,paradox,against,42882,0.424,0.310,0.267
recharging_rush,paradox,against,142151,0.183,0.183,0.152
refresher,paradox,against,106803,0.001,0.203,0.001
rescue_beam,paradox,against,41820,-0.078,0.301,-0.050
restorative_locket,paradox,against,77650,0.629,0.244,0.461
restorative_shot,paradox,against,210950,0.201,0.156,0.175
return_fire,paradox,against,12066,-0.410,0.450,-0.183
ricochet,paradox,against,205675,0.062,0.157,0.054
rusted_barrel,paradox,against,32120,0.514,0.340,0.301
scourge,paradox,against,72729,-0.202,0.237,-0.150
shadow_weave,paradox,against,30281,0.122,0.342,0.071
sharpshooter,paradox,against,63510,-0.787,0.257,-0.561
silence_wave,paradox,against,16187,0.537,0.409,0.266
silencer,paradox,against,113938,-0.513,0.192,-0.419
siphon_bullets,paradox,against,91311,-0.245,0.216,-0.191
slowing_bullets,paradox,against,61801,1.080,0.262,0.761
slowing_hex,paradox,against,166875,0.160,0.178,0.134
spellbreaker,paradox,against,108091,-0.454,0.195,-0.369
spellslinger,paradox,against,49010,-0.057,0.266,-0.040
spirit_burn,paradox,against,304514,-0.125,0.124,-0.115
spirit_lifesteal,paradox,against,321930,-0.483,0.132,-0.437
spirit_rend,paradox,against,73128,-0.339,0.243,-0.249
spirit_resilience,paradox,against,329338,-0.324,0.124,-0.297
spirit_sap,paradox,against,40328,0.515,0.303,0.330
spirit_shielding,paradox,against,142604,0.318,0.187,0.262
spirit_shredder_bullets,paradox,against,89327,-0.360,0.228,-0.273
spirit_snatch,paradox,against,236014,0.156,0.148,0.138
spirit_strike,paradox,against,237072,-0.093,0.149,-0.082
spiritual_overflow,paradox,against,188815,0.361,0.163,0.311
split_shot,paradox,against,38421,0.692,0.315,0.431
sprint_boots,paradox,against,480489,-0.257,0.106,-0.240
stalker,paradox,against,211134,0.298,0.153,0.261
stamina_mastery,paradox,against,265881,0.285,0.134,0.257
superior_cooldown,paradox,against,534871,-0.338,0.100,-0.318
superior_duration,paradox,against,367033,-0.148,0.118,-0.137
suppressor,paradox,against,72988,0.924,0.244,0.678
surge_of_power,paradox,against,185294,-0.127,0.169,-0.108
swift_striker,paradox,against,310152,0.157,0.129,0.143
tankbuster,paradox,against,481298,0.323,0.105,0.302
tesla_bullets,paradox,against,105941,0.065,0.214,0.051
titanic_magazine,paradox,against,210702,-0.377,0.157,-0.327
torment_pulse,paradox,against,199619,0.195,0.157,0.170
toxic_bullets,paradox,against,139708,-0.326,0.185,-0.270
transcendent_cooldown,paradox,against,333737,-0.005,0.118,-0.005
trophy_collector,paradox,against,367126,0.031,0.122,0.029
unstoppable,paradox,against,126305,-0.277,0.195,-0.225
vampiric_burst,paradox,against,98090,0.344,0.216,0.268
veil_walker,paradox,against,89670,-0.346,0.242,-0.255
vortex_web,paradox,against,41861,-0.354,0.295,-0.231
warp_stone,paradox,against,129654,0.324,0.191,0.265
weakening_headshot,paradox,against,104683,0.188,0.220,0.145
weapon_shielding,paradox,against,31090,-0.464,0.340,-0.272
weighted_shots,paradox,against,80847,0.741,0.236,0.553
witchmail,paradox,against,103666,0.023,0.200,0.018
active_reload,pocket,against,58992,-0.414,0.259,-0.294
alchemical_fire,pocket,against,24118,0.696,0.354,0.394
arcane_surge,pocket,against,114737,-0.141,0.195,-0.115
arctic_blast,pocket,against,70740,0.889,0.240,0.658
armor_piercing_rounds,pocket,against,16274,-1.600,0.384,-0.841
ballistic_enchantment,pocket,against,50103,0.400,0.283,0.269
battle_vest,pocket,against,106152,0.378,0.211,0.297
berserker,pocket,against,87768,-0.181,0.222,-0.139
blood_tribute,pocket,against,15837,-0.879,0.424,-0.419
boundless_spirit,pocket,against,408926,0.461,0.107,0.431
bullet_lifesteal,pocket,against,142584,0.074,0.183,0.062
bullet_resilience,pocket,against,32098,-0.095,0.315,-0.059
bullet_resist_shredder,pocket,against,132389,-0.143,0.185,-0.118
burst_fire,pocket,against,139618,-0.007,0.181,-0.006
capacitor,pocket,against,54542,1.188,0.264,0.834
cheat_death,pocket,against,31556,-0.281,0.321,-0.172
close_quarters,pocket,against,196161,0.129,0.153,0.113
cold_front,pocket,against,115717,0.365,0.197,0.295
colossus,pocket,against,32870,-0.381,0.297,-0.247
compress_cooldown,pocket,against,358104,0.015,0.119,0.014
counterspell,pocket,against,114120,0.065,0.201,0.052
crippling_headshot,pocket,against,72073,-0.643,0.235,-0.480
crushing_fists,pocket,against,64526,0.361,0.236,0.269
cultist_sacrifice,pocket,against,62799,0.182,0.247,0.132
cursed_relic,pocket,against,55026,-0.968,0.269,-0.671
debuff_reducer,pocket,against,120511,-0.263,0.197,-0.213
decay,pocket,against,24985,-0.859,0.350,-0.491
disarming_hex,pocket,against,23969,-2.004,0.365,-1.106
dispel_magic,pocket,against,192826,0.005,0.163,0.004
divine_barrier,pocket,against,66436,0.094,0.233,0.070
diviners_kevlar,pocket,against,52954,0.470,0.273,0.323
duration_extender,pocket,against,218131,-0.232,0.148,-0.204
echo_shard,pocket,against,61923,-0.502,0.249,-0.364
enchanters_emblem,pocket,against,169545,0.500,0.165,0.428
enduring_speed,pocket,against,264888,-0.011,0.132,-0.010
escalating_exposure,pocket,against,255618,0.467,0.135,0.420
escalating_resilience,pocket,against,28913,-0.122,0.342,-0.071
ethereal_shift,pocket,against,36474,-0.476,0.301,-0.306
express_shot,pocket,against,63738,-0.112,0.253,-0.080
extended_magazine,pocket,against,156369,0.051,0.174,0.043
extra_charge,pocket,against,395933,-0.119,0.113,-0.110
extra_health,pocket,against,189972,0.322,0.154,0.281
extra_regen,pocket,against,356782,-0.104,0.118,-0.096
extra_spirit,pocket,against,574479,0.008,0.094,0.007
extra_stamina,pocket,against,306159,-0.204,0.125,-0.186
fleetfoot,pocket,against,97739,-0.602,0.208,-0.476
focus_lens,pocket,against,19951,0.012,0.369,0.007
fortitude,pocket,against,132671,0.498,0.178,0.417
frenzy,pocket,against,29312,0.092,0.319,0.057
fury_trance,pocket,against,15360,-0.592,0.405,-0.295
glass_cannon,pocket,against,43180,-0.740,0.276,-0.505
golden_goose_egg,pocket,against,32566,0.173,0.334,0.103
greater_expansion,pocket,against,322530,-0.043,0.120,-0.040
grit,pocket,against,194969,0.041,0.156,0.036
guardian_ward,pocket,against,73147,0.013,0.229,0.010
headhunter,pocket,against,98651,-0.262,0.214,-0.205
headshot_booster,pocket,against,120958,-0.607,0.195,-0.492
healbane,pocket,against,274651,-0.008,0.135,-0.008
healing_booster,pocket,against,249275,-0.104,0.138,-0.093
healing_nova,pocket,against,22102,-0.441,0.353,-0.250
healing_rite,pocket,against,78053,0.249,0.230,0.188
healing_tempo,pocket,against,79566,-0.122,0.221,-0.094
heroic_aura,pocket,against,46670,-0.919,0.272,-0.633
high_velocity_rounds,pocket,against,236941,0.008,0.142,0.007
hollow_point,pocket,against,52981,0.594,0.264,0.417
hunters_aura,pocket,against,121957,0.176,0.189,0.144
improved_spirit,pocket,against,534593,-0.152,0.097,-0.143
indomitable,pocket,against,100406,-0.022,0.209,-0.017
infuser,pocket,against,63704,0.748,0.244,0.549
inhibitor,pocket,against,56355,-1.559,0.259,-1.107
intensifying_magazine,pocket,against,50044,0.760,0.279,0.515
juggernaut,pocket,against,86023,-1.322,0.208,-1.045
kinetic_dash,pocket,against,54437,0.227,0.267,0.158
knockdown,pocket,against,45153,0.181,0.295,0.118
leech,pocket,against,81185,0.003,0.226,0.002
lifestrike,pocket,against,114551,-0.209,0.192,-0.171
lightning_scroll,pocket,against,37753,0.277,0.300,0.178
long_range,pocket,against,62408,0.609,0.251,0.440
lucky_shot,pocket,against,51752,-1.032,0.256,-0.737
magic_carpet,pocket,against,15604,1.076,0.392,0.555
majestic_leap,pocket,against,15551,0.190,0.407,0.094
melee_charge,pocket,against,86642,-0.052,0.217,-0.041
melee_lifesteal,pocket,against,186322,-0.246,0.156,-0.214
mercurial_magnum,pocket,against,133085,-0.022,0.187,-0.018
metal_skin,pocket,against,34953,-1.330,0.316,-0.825
monster_rounds,pocket,against,193306,0.134,0.157,0.116
mystic_burst,pocket,against,383921,0.181,0.114,0.168
mystic_expansion,pocket,against,383401,0.243,0.113,0.225
mystic_regeneration,pocket,against,164451,-0.180,0.169,-0.154
mystic_reverb,pocket,against,135044,-0.031,0.180,-0.026
mystic_shot,pocket,against,124184,-1.211,0.193,-0.987
mystic_slow,pocket,against,51717,-0.256,0.276,-0.175
mystic_vulnerability,pocket,against,272309,-0.327,0.134,-0.294
opening_rounds,pocket,against,177721,0.188,0.163,0.161
phantom_strike,pocket,against,31875,0.627,0.311,0.394
plated_armor,pocket,against,58682,-1.934,0.252,-1.392
point_blank,pocket,against,106856,0.079,0.199,0.063
quicksilver_reload,pocket,against,231578,0.216,0.147,0.191
radiant_regeneration,pocket,against,159236,0.438,0.171,0.372
rapid_recharge,pocket,against,331170,0.103,0.122,0.094
rapid_rounds,pocket,against,229936,0.006,0.144,0.006
reactive_barrier,pocket,against,101819,0.137,0.212,0.107
rebuttal,pocket,against,36309,0.131,0.318,0.081
recharging_rush,pocket,against,111564,-0.129,0.197,-0.104
refresher,pocket,against,85993,-0.030,0.217,-0.024
rescue_beam,pocket,against,32032,0.765,0.323,0.467
restorative_locket,pocket,against,59203,-0.048,0.264,-0.034
restorative_shot,pocket,against,179090,-0.149,0.164,-0.128
return_fire,pocket,against,8192,0.086,0.499,0.034
ricochet,pocket,against,164253,0.736,0.168,0.628
rusted_barrel,pocket,against,22931,-1.153,0.366,-0.634
scourge,pocket,against,56400,0.331,0.255,0.237
shadow_weave,pocket,against,23888,-1.552,0.362,-0.862
sharpshooter,pocket,against,71839,0.411,0.238,0.305
silence_wave,pocket,against,14690,0.108,0.422,0.052
silencer,pocket,against,98401,-0.382,0.200,-0.307
siphon_bullets,pocket,against,75661,-1.018,0.229,-0.771
slowing_bullets,pocket,against,48734,-0.142,0.277,-0.097
slowing_hex,pocket,against,150943,-0.181,0.181,-0.151
spellbreaker,pocket,against,75777,-0.913,0.223,-0.699
spellslinger,pocket,against,40533,-0.273,0.283,-0.184
spirit_burn,pocket,against,238920,-0.003,0.134,-0.003
spirit_lifesteal,pocket,against,262112,-0.070,0.139,-0.063
spirit_rend,pocket,against,60971,-0.065,0.254,-0.047
spirit_resilience,pocket,against,276444,-0.097,0.130,-0.088
spirit_sap,pocket,against,33801,0.954,0.314,0.595
spirit_shielding,pocket,against,116201,-0.064,0.197,-0.051
spirit_shredder_bullets,pocket,against,72594,0.594,0.241,0.439
spirit_snatch,pocket,against,180325,-0.008,0.161,-0.007
spirit_strike,pocket,against,181722,-0.253,0.161,-0.218
spiritual_overflow,pocket,against,152410,0.353,0.176,0.297
split_shot,pocket,against,29703,-0.403,0.336,-0.238
sprint_boots,pocket,against,375959,0.166,0.115,0.153
stalker,pocket,against,166825,0.219,0.164,0.188
stamina_mastery,pocket,against,218287,-0.483,0.143,-0.429
superior_cooldown,pocket,against,413105,-0.111,0.109,-0.104
superior_duration,pocket,against,276797,-0.142,0.131,-0.128
suppressor,pocket,against,55331,0.828,0.265,0.580
surge_of_power,pocket,against,141138,0.320,0.185,0.264
swift_striker,pocket,against,225345,0.247,0.145,0.219
tankbuster,pocket,against,369213,0.459,0.116,0.424
tesla_bullets,pocket,against,82663,0.300,0.230,0.227
titanic_magazine,pocket,against,169704,0.156,0.167,0.133
torment_pulse,pocket,against,152990,0.491,0.170,0.417
toxic_bullets,pocket,against,114175,-0.451,0.196,-0.365
transcendent_cooldown,pocket,against,265643,-0.207,0.128,-0.189
trophy_collector,pocket,against,285374,0.061,0.133,0.055
unstoppable,pocket,against,103601,0.048,0.207,0.038
vampiric_burst,pocket,against,77159,0.817,0.231,0.616
veil_walker,pocket,against,75162,-0.016,0.250,-0.012
vortex_web,pocket,against,36330,0.673,0.306,0.428
warp_stone,pocket,against,94693,-0.102,0.213,-0.080
weakening_headshot,pocket,against,85443,-0.169,0.231,-0.127
weapon_shielding,pocket,against,20261,-0.220,0.382,-0.116
weighted_shots,pocket,against,64018,-0.249,0.251,-0.180
witchmail,pocket,against,84746,0.115,0.212,0.090
active_reload,rem,against,90892,-0.516,0.214,-0.403
alchemical_fire,rem,against,38047,-0.057,0.300,-0.037
arcane_surge,rem,against,179043,0.111,0.156,0.096
arctic_blast,rem,against,110565,-0.074,0.194,-0.060
armor_piercing_rounds,rem,against,21800,-0.522,0.343,-0.304
ballistic_enchantment,rem,against,72622,0.305,0.243,0.224
battle_vest,rem,against,161108,0.115,0.173,0.097
berserker,rem,against,128653,0.008,0.184,0.007
blood_tribute,rem,against,22717,-0.195,0.372,-0.106
boundless_spirit,rem,against,634119,0.192,0.084,0.184
bullet_lifesteal,rem,against,223155,-0.198,0.148,-0.175
bullet_resilience,rem,against,60963,-0.196,0.246,-0.143
bullet_resist_shredder,rem,against,197750,-0.386,0.151,-0.338
burst_fire,rem,against,216096,0.094,0.146,0.083
capacitor,rem,against,84912,-0.205,0.217,-0.159
cheat_death,rem,against,46137,-0.185,0.274,-0.127
close_quarters,rem,against,296719,-0.002,0.123,-0.002
cold_front,rem,against,197884,0.256,0.151,0.224
colossus,rem,against,46628,0.179,0.258,0.127
compress_cooldown,rem,against,598354,-0.051,0.091,-0.049
counterspell,rem,against,165544,-0.379,0.166,-0.325
crippling_headshot,rem,against,104320,-0.347,0.198,-0.280
crushing_fists,rem,against,102401,0.371,0.194,0.302
cultist_sacrifice,rem,against,123043,0.300,0.184,0.248
cursed_relic,rem,against,59073,0.150,0.257,0.107
debuff_reducer,rem,against,164059,-0.246,0.167,-0.210
decay,rem,against,31999,-0.236,0.318,-0.146
disarming_hex,rem,against,40913,-0.553,0.306,-0.352
dispel_magic,rem,against,291677,0.201,0.131,0.182
divine_barrier,rem,against,57607,-0.740,0.239,-0.549
diviners_kevlar,rem,against,80656,0.170,0.222,0.131
duration_extender,rem,against,359912,0.315,0.114,0.292
echo_shard,rem,against,89213,0.417,0.214,0.326
enchanters_emblem,rem,against,271862,0.091,0.130,0.082
enduring_speed,rem,against,415278,0.195,0.104,0.182
escalating_exposure,rem,against,401982,0.230,0.106,0.215
escalating_resilience,rem,against,45629,0.469,0.288,0.312
ethereal_shift,rem,against,51404,-0.606,0.256,-0.433
express_shot,rem,against,98606,-0.252,0.207,-0.199
extended_magazine,rem,against,239900,0.110,0.140,0.098
extra_charge,rem,against,612934,-0.065,0.090,-0.062
extra_health,rem,against,291474,-0.406,0.124,-0.371
extra_regen,rem,against,558725,0.092,0.093,0.088
extra_spirit,rem,against,903920,0.112,0.074,0.109
extra_stamina,rem,against,487750,0.104,0.097,0.099
fleetfoot,rem,against,139390,-0.149,0.174,-0.125
focus_lens,rem,against,24640,-0.579,0.340,-0.339
fortitude,rem,against,209426,-0.440,0.142,-0.392
frenzy,rem,against,41912,0.148,0.275,0.101
fury_trance,rem,against,22844,-0.366,0.357,-0.206
glass_cannon,rem,against,67968,-0.259,0.230,-0.196
golden_goose_egg,rem,against,48820,0.375,0.295,0.245
greater_expansion,rem,against,538326,-0.343,0.092,-0.326
grit,rem,against,266444,-0.337,0.133,-0.304
guardian_ward,rem,against,79820,-0.861,0.217,-0.668
headhunter,rem,against,152357,0.347,0.172,0.294
headshot_booster,rem,against,186031,0.123,0.157,0.107
healbane,rem,against,444632,-0.056,0.105,-0.052
healing_booster,rem,against,357932,0.110,0.115,0.102
healing_nova,rem,against,21946,-0.835,0.361,-0.465
healing_rite,rem,against,123196,-0.243,0.188,-0.200
healing_tempo,rem,against,101865,-0.013,0.198,-0.011
heroic_aura,rem,against,68533,-0.116,0.230,-0.087
high_velocity_rounds,rem,against,366669,-0.228,0.114,-0.211
hollow_point,rem,against,77352,0.279,0.223,0.214
hunters_aura,rem,against,183583,0.105,0.154,0.092
improved_spirit,rem,against,849190,0.098,0.076,0.094
indomitable,rem,against,154764,-0.087,0.168,-0.074
infuser,rem,against,98295,0.144,0.200,0.116
inhibitor,rem,against,82708,-0.658,0.218,-0.510
intensifying_magazine,rem,against,78293,0.231,0.232,0.174
juggernaut,rem,against,133987,0.292,0.168,0.249
kinetic_dash,rem,against,87180,0.282,0.219,0.218
knockdown,rem,against,74349,-0.023,0.241,-0.017
leech,rem,against,133331,-0.234,0.180,-0.196
lifestrike,rem,against,181742,0.045,0.153,0.039
lightning_scroll,rem,against,59137,-0.211,0.250,-0.153
long_range,rem,against,102566,-0.183,0.202,-0.146
lucky_shot,rem,against,75499,-1.130,0.217,-0.877
magic_carpet,rem,against,22914,0.173,0.344,0.100
majestic_leap,rem,against,48696,0.696,0.268,0.483
melee_charge,rem,against,138122,0.491,0.175,0.414
melee_lifesteal,rem,against,291197,0.089,0.124,0.081
mercurial_magnum,rem,against,202027,0.262,0.152,0.229
metal_skin,rem,against,64753,-0.487,0.251,-0.351
monster_rounds,rem,against,335234,-0.003,0.119,-0.003
mystic_burst,rem,against,628957,0.139,0.087,0.133
mystic_expansion,rem,against,640795,-0.170,0.087,-0.163
mystic_regeneration,rem,against,260580,-0.054,0.134,-0.049
mystic_reverb,rem,against,209859,0.153,0.144,0.136
mystic_shot,rem,against,200905,0.191,0.151,0.167
mystic_slow,rem,against,88869,-0.146,0.220,-0.113
mystic_vulnerability,rem,against,447948,0.134,0.103,0.126
opening_rounds,rem,against,278810,-0.209,0.130,-0.189
phantom_strike,rem,against,45361,1.249,0.267,0.869
plated_armor,rem,against,95626,-0.302,0.203,-0.241
point_blank,rem,against,171776,0.510,0.160,0.441
quicksilver_reload,rem,against,355273,0.246,0.117,0.227
radiant_regeneration,rem,against,254235,-0.036,0.135,-0.033
rapid_recharge,rem,against,516993,-0.056,0.096,-0.053
rapid_rounds,rem,against,365063,0.117,0.114,0.108
reactive_barrier,rem,against,161813,-0.210,0.170,-0.178
rebuttal,rem,against,57841,0.140,0.264,0.098
recharging_rush,rem,against,173278,0.021,0.159,0.018
refresher,rem,against,133551,0.125,0.175,0.105
rescue_beam,rem,against,50902,-0.634,0.270,-0.439
restorative_locket,rem,against,89754,-0.130,0.223,-0.100
restorative_shot,rem,against,279688,0.355,0.129,0.322
return_fire,rem,against,14018,-0.128,0.424,-0.061
ricochet,rem,against,237658,0.230,0.139,0.205
rusted_barrel,rem,against,38002,-0.455,0.309,-0.288
scourge,rem,against,72537,-0.126,0.227,-0.096
shadow_weave,rem,against,34702,-0.103,0.318,-0.064
sharpshooter,rem,against,119363,-0.262,0.189,-0.215
silence_wave,rem,against,15839,-0.779,0.404,-0.390
silencer,rem,against,128562,-0.574,0.174,-0.485
siphon_bullets,rem,against,102114,-0.217,0.197,-0.175
slowing_bullets,rem,against,79125,0.584,0.227,0.444
slowing_hex,rem,against,210660,-0.557,0.152,-0.488
spellbreaker,rem,against,95235,-0.121,0.198,-0.098
spellslinger,rem,against,59191,0.001,0.235,0.001
spirit_burn,rem,against,390546,0.220,0.104,0.206
spirit_lifesteal,rem,against,428508,0.086,0.109,0.080
spirit_rend,rem,against,88667,-0.608,0.214,-0.474
spirit_resilience,rem,against,388217,-0.247,0.108,-0.231
spirit_sap,rem,against,44076,-0.550,0.282,-0.370
spirit_shielding,rem,against,161574,0.056,0.167,0.048
spirit_shredder_bullets,rem,against,105784,-0.518,0.202,-0.414
spirit_snatch,rem,against,276026,0.047,0.130,0.042
spirit_strike,rem,against,280338,-0.240,0.129,-0.218
spiritual_overflow,rem,against,233474,-0.054,0.141,-0.048
split_shot,rem,against,45379,-0.356,0.283,-0.239
sprint_boots,rem,against,580239,0.078,0.091,0.074
stalker,rem,against,252408,-0.218,0.133,-0.197
stamina_mastery,rem,against,346818,0.042,0.112,0.039
superior_cooldown,rem,against,674140,-0.167,0.084,-0.160
superior_duration,rem,against,446641,0.238,0.102,0.224
suppressor,rem,against,88305,-0.671,0.214,-0.524
surge_of_power,rem,against,223865,0.128,0.148,0.112
swift_striker,rem,against,371714,0.027,0.113,0.025
tankbuster,rem,against,603377,0.386,0.089,0.368
tesla_bullets,rem,against,133765,-0.684,0.184,-0.567
titanic_magazine,rem,against,264337,-0.056,0.134,-0.050
torment_pulse,rem,against,234256,0.252,0.138,0.226
toxic_bullets,rem,against,181325,0.207,0.157,0.180
transcendent_cooldown,rem,against,425268,-0.176,0.100,-0.166
trophy_collector,rem,against,443739,0.131,0.106,0.122
unstoppable,rem,against,142295,0.189,0.174,0.159
vampiric_burst,rem,against,111377,0.064,0.194,0.052
veil_walker,rem,against,113211,0.132,0.207,0.104
vortex_web,rem,against,57785,-0.920,0.253,-0.662
warp_stone,rem,against,148970,0.207,0.169,0.177
weakening_headshot,rem,against,124143,-0.441,0.193,-0.359
weapon_shielding,rem,against,34976,-0.475,0.314,-0.296
weighted_shots,rem,against,102082,0.530,0.206,0.421
witchmail,rem,against,119275,-0.392,0.179,-0.328
active_reload,seven,against,88222,0.570,0.228,0.433
alchemical_fire,seven,against,29340,0.778,0.343,0.452
arcane_surge,seven,against,132575,-0.866,0.190,-0.710
arctic_blast,seven,against,89749,-0.519,0.222,-0.399
armor_piercing_rounds,seven,against,24372,1.092,0.346,0.631
ballistic_enchantment,seven,against,63660,0.382,0.263,0.268
battle_vest,seven,against,147542,0.857,0.186,0.707
berserker,seven,against,113844,-0.911,0.203,-0.729
blood_tribute,seven,against,20717,0.305,0.397,0.155
boundless_spirit,seven,against,540093,-0.250,0.097,-0.236
bullet_lifesteal,seven,against,218229,0.134,0.157,0.116
bullet_resilience,seven,against,41712,0.763,0.291,0.503
bullet_resist_shredder,seven,against,169124,0.006,0.171,0.005
burst_fire,seven,against,201836,0.426,0.159,0.369
capacitor,seven,against,76122,0.133,0.240,0.098
cheat_death,seven,against,43187,0.099,0.294,0.065
close_quarters,seven,against,269298,-0.711,0.135,-0.639
cold_front,seven,against,161570,-0.110,0.172,-0.093
colossus,seven,against,43246,-0.327,0.280,-0.221
compress_cooldown,seven,against,490679,0.068,0.106,0.064
counterspell,seven,against,126804,0.440,0.196,0.356
crippling_headshot,seven,against,98780,0.608,0.215,0.474
crushing_fists,seven,against,89685,-1.224,0.217,-0.951
cultist_sacrifice,seven,against,90586,0.254,0.217,0.197
cursed_relic,seven,against,67656,-0.451,0.253,-0.325
debuff_reducer,seven,against,139853,0.223,0.190,0.183
decay,seven,against,29359,-0.117,0.333,-0.070
disarming_hex,seven,against,28258,-0.050,0.351,-0.029
dispel_magic,seven,against,273874,0.457,0.141,0.407
divine_barrier,seven,against,54970,-0.190,0.255,-0.136
diviners_kevlar,seven,against,66977,-0.268,0.256,-0.191
duration_extender,seven,against,282154,-0.584,0.136,-0.525
echo_shard,seven,against,81405,-0.947,0.232,-0.713
enchanters_emblem,seven,against,222819,-0.247,0.151,-0.217
enduring_speed,seven,against,365777,0.214,0.118,0.198
escalating_exposure,seven,against,314037,-0.114,0.127,-0.104
escalating_resilience,seven,against,43362,0.300,0.304,0.192
ethereal_shift,seven,against,46803,0.514,0.281,0.347
express_shot,seven,against,73334,0.396,0.243,0.291
extended_magazine,seven,against,219911,0.352,0.153,0.308
extra_charge,seven,against,523822,0.075,0.101,0.071
extra_health,seven,against,256827,0.281,0.138,0.252
extra_regen,seven,against,479459,-0.233,0.105,-0.218
extra_spirit,seven,against,779816,0.223,0.083,0.214
extra_stamina,seven,against,405022,-0.168,0.112,-0.156
fleetfoot,seven,against,120038,0.064,0.195,0.052
focus_lens,seven,against,23868,-0.204,0.360,-0.114
fortitude,seven,against,184250,0.254,0.158,0.221
frenzy,seven,against,39984,0.203,0.296,0.132
fury_trance,seven,against,23642,-1.021,0.361,-0.569
glass_cannon,seven,against,58706,0.631,0.257,0.449
golden_goose_egg,seven,against,47596,0.618,0.303,0.395
greater_expansion,seven,against,445260,0.072,0.107,0.068
grit,seven,against,232636,0.025,0.148,0.022
guardian_ward,seven,against,77162,-0.284,0.229,-0.215
headhunter,seven,against,127955,0.149,0.194,0.121
headshot_booster,seven,against,159405,0.040,0.176,0.034
healbane,seven,against,330745,-0.344,0.127,-0.313
healing_booster,seven,against,331657,-0.031,0.125,-0.028
healing_nova,seven,against,30986,0.006,0.326,0.004
healing_rite,seven,against,111073,-0.307,0.204,-0.244
healing_tempo,seven,against,110498,-0.858,0.200,-0.689
heroic_aura,seven,against,60561,-0.922,0.255,-0.660
high_velocity_rounds,seven,against,301996,0.437,0.131,0.395
hollow_point,seven,against,74719,0.542,0.237,0.403
hunters_aura,seven,against,145587,-0.843,0.180,-0.704
improved_spirit,seven,against,722544,0.124,0.086,0.118
indomitable,seven,against,132946,0.262,0.192,0.214
infuser,seven,against,76188,0.057,0.235,0.043
inhibitor,seven,against,76824,0.543,0.236,0.406
intensifying_magazine,seven,against,66968,-0.310,0.256,-0.221
juggernaut,seven,against,117103,0.440,0.189,0.361
kinetic_dash,seven,against,76218,-0.010,0.242,-0.007
knockdown,seven,against,111542,-0.688,0.215,-0.536
leech,seven,against,119591,0.034,0.199,0.027
lifestrike,seven,against,152536,-0.873,0.174,-0.737
lightning_scroll,seven,against,46173,-0.057,0.291,-0.037
long_range,seven,against,81136,1.129,0.232,0.850
lucky_shot,seven,against,69673,0.563,0.237,0.420
magic_carpet,seven,against,19442,0.602,0.377,0.322
majestic_leap,seven,against,40750,-0.702,0.298,-0.455
melee_charge,seven,against,118440,-0.580,0.197,-0.469
melee_lifesteal,seven,against,240813,-0.622,0.143,-0.553
mercurial_magnum,seven,against,186099,-0.205,0.166,-0.175
metal_skin,seven,against,35714,0.204,0.313,0.127
monster_rounds,seven,against,260777,-0.028,0.140,-0.025
mystic_burst,seven,against,543561,-0.015,0.099,-0.014
mystic_expansion,seven,against,532313,-0.045,0.100,-0.042
mystic_regeneration,seven,against,211363,0.119,0.154,0.104
mystic_reverb,seven,against,177181,-0.097,0.167,-0.083
mystic_shot,seven,against,164756,-0.395,0.174,-0.333
mystic_slow,seven,against,66982,-0.197,0.259,-0.140
mystic_vulnerability,seven,against,344725,0.175,0.124,0.160
opening_rounds,seven,against,233713,0.348,0.148,0.307
phantom_strike,seven,against,42994,-0.735,0.293,-0.482
plated_armor,seven,against,63373,0.423,0.250,0.306
point_blank,seven,against,154251,-0.775,0.176,-0.652
quicksilver_reload,seven,against,323965,0.171,0.129,0.155
radiant_regeneration,seven,against,205218,0.138,0.156,0.120
rapid_recharge,seven,against,444183,0.168,0.109,0.157
rapid_rounds,seven,against,340120,0.395,0.124,0.362
reactive_barrier,seven,against,134864,0.278,0.193,0.226
rebuttal,seven,against,48785,-0.750,0.290,-0.496
recharging_rush,seven,against,148083,0.081,0.179,0.067
refresher,seven,against,110375,0.070,0.204,0.055
rescue_beam,seven,against,42546,-0.539,0.300,-0.348
restorative_locket,seven,against,79564,0.356,0.241,0.263
restorative_shot,seven,against,237527,-0.386,0.146,-0.341
return_fire,seven,against,9687,0.668,0.475,0.281
ricochet,seven,against,238463,0.241,0.147,0.212
rusted_barrel,seven,against,28170,-0.242,0.348,-0.139
scourge,seven,against,69182,-0.086,0.245,-0.063
shadow_weave,seven,against,30013,-0.254,0.342,-0.148
sharpshooter,seven,against,94566,0.872,0.218,0.676
silence_wave,seven,against,16404,0.571,0.406,0.285
silencer,seven,against,131652,0.325,0.184,0.269
siphon_bullets,seven,against,101801,0.493,0.207,0.390
slowing_bullets,seven,against,67760,-0.660,0.249,-0.479
slowing_hex,seven,against,172050,-0.312,0.174,-0.263
spellbreaker,seven,against,94217,0.076,0.212,0.060
spellslinger,seven,against,53779,0.153,0.258,0.108
spirit_burn,seven,against,321378,-0.051,0.122,-0.047
spirit_lifesteal,seven,against,347295,0.175,0.127,0.160
spirit_rend,seven,against,78964,0.846,0.234,0.634
spirit_resilience,seven,against,367960,0.034,0.117,0.031
spirit_sap,seven,against,41342,0.368,0.299,0.238
spirit_shielding,seven,against,142705,-0.576,0.184,-0.478
spirit_shredder_bullets,seven,against,90284,0.068,0.225,0.052
spirit_snatch,seven,against,228300,-0.309,0.150,-0.272
spirit_strike,seven,against,228191,-0.204,0.150,-0.179
spiritual_overflow,seven,against,198226,0.276,0.162,0.238
split_shot,seven,against,42092,-0.646,0.301,-0.415
sprint_boots,seven,against,497845,0.178,0.104,0.167
stalker,seven,against,208616,-0.760,0.153,-0.666
stamina_mastery,seven,against,296067,0.044,0.127,0.040
superior_cooldown,seven,against,558147,0.128,0.097,0.121
superior_duration,seven,against,358344,-0.381,0.120,-0.350
suppressor,seven,against,64630,-0.157,0.254,-0.112
surge_of_power,seven,against,199274,0.355,0.165,0.305
swift_striker,seven,against,343592,0.196,0.123,0.180
tankbuster,seven,against,520824,-0.214,0.101,-0.201
tesla_bullets,seven,against,118567,0.072,0.205,0.058
titanic_magazine,seven,against,240143,0.286,0.147,0.253
torment_pulse,seven,against,203010,0.452,0.155,0.394
toxic_bullets,seven,against,149444,-0.316,0.179,-0.264
transcendent_cooldown,seven,against,360127,0.033,0.115,0.031
trophy_collector,seven,against,375719,-0.095,0.121,-0.087
unstoppable,seven,against,118086,-0.500,0.202,-0.400
vampiric_burst,seven,against,114184,0.322,0.204,0.257
veil_walker,seven,against,93900,0.591,0.236,0.441
vortex_web,seven,against,42774,-0.236,0.293,-0.155
warp_stone,seven,against,125641,-0.124,0.192,-0.101
weakening_headshot,seven,against,121599,0.297,0.205,0.236
weapon_shielding,seven,against,26200,0.224,0.353,0.127
weighted_shots,seven,against,90381,-0.874,0.224,-0.669
witchmail,seven,against,111698,0.413,0.196,0.335
active_reload,shiv,against,78969,1.214,0.254,0.871
alchemical_fire,shiv,against,36446,0.744,0.340,0.436
arcane_surge,shiv,against,176298,0.375,0.182,0.312
arctic_blast,shiv,against,112485,0.341,0.217,0.265
armor_piercing_rounds,shiv,against,23536,-1.741,0.364,-0.962
ballistic_enchantment,shiv,against,78118,0.908,0.267,0.633
battle_vest,shiv,against,147259,0.519,0.204,0.414
berserker,shiv,against,136464,-0.764,0.206,-0.606
blood_tribute,shiv,against,24881,0.540,0.392,0.278
boundless_spirit,shiv,against,636030,0.409,0.098,0.387
bullet_lifesteal,shiv,against,213348,0.308,0.174,0.260
bullet_resilience,shiv,against,57575,-0.831,0.282,-0.559
bullet_resist_shredder,shiv,against,192312,-0.329,0.174,-0.278
burst_fire,shiv,against,208580,0.514,0.170,0.436
capacitor,shiv,against,77742,0.870,0.254,0.624
cheat_death,shiv,against,49937,-0.469,0.297,-0.304
close_quarters,shiv,against,314491,-0.117,0.139,-0.105
cold_front,shiv,against,203203,-0.366,0.171,-0.311
colossus,shiv,against,57322,-0.766,0.269,-0.531
compress_cooldown,shiv,against,573961,0.357,0.108,0.334
counterspell,shiv,against,148995,-0.588,0.202,-0.471
crippling_headshot,shiv,against,104790,0.362,0.225,0.277
crushing_fists,shiv,against,118816,-0.480,0.207,-0.380
cultist_sacrifice,shiv,against,136493,-0.163,0.204,-0.130
cursed_relic,shiv,against,81373,-0.696,0.256,-0.497
debuff_reducer,shiv,against,177441,-0.544,0.186,-0.450
decay,shiv,against,31273,0.259,0.351,0.148
disarming_hex,shiv,against,44156,-0.751,0.333,-0.448
dispel_magic,shiv,against,369954,-0.336,0.136,-0.302
divine_barrier,shiv,against,65257,-0.231,0.252,-0.166
diviners_kevlar,shiv,against,87965,-0.322,0.248,-0.234
duration_extender,shiv,against,369251,-0.150,0.132,-0.135
echo_shard,shiv,against,94604,0.821,0.234,0.615
enchanters_emblem,shiv,against,268755,-0.271,0.152,-0.237
enduring_speed,shiv,against,425700,0.219,0.120,0.201
escalating_exposure,shiv,against,388754,0.142,0.124,0.130
escalating_resilience,shiv,against,46887,0.458,0.319,0.283
ethereal_shift,shiv,against,53581,-0.580,0.281,-0.391
express_shot,shiv,against,69470,0.504,0.262,0.355
extended_magazine,shiv,against,237220,0.329,0.163,0.283
extra_charge,shiv,against,576500,0.219,0.107,0.204
extra_health,shiv,against,299905,0.203,0.142,0.181
extra_regen,shiv,against,587631,-0.397,0.106,-0.372
extra_spirit,shiv,against,915001,0.152,0.085,0.145
extra_stamina,shiv,against,479193,0.074,0.115,0.069
fleetfoot,shiv,against,146258,-0.086,0.199,-0.070
focus_lens,shiv,against,28809,-0.194,0.354,-0.110
fortitude,shiv,against,206848,0.368,0.165,0.316
frenzy,shiv,against,45485,-1.827,0.301,-1.177
fury_trance,shiv,against,19931,0.965,0.399,0.489
glass_cannon,shiv,against,55760,0.455,0.268,0.316
golden_goose_egg,shiv,against,51523,0.670,0.314,0.418
greater_expansion,shiv,against,530792,-0.093,0.108,-0.087
grit,shiv,against,299961,-0.573,0.147,-0.506
guardian_ward,shiv,against,89907,-0.064,0.233,-0.048
headhunter,shiv,against,141128,0.709,0.205,0.564
headshot_booster,shiv,against,174858,0.683,0.187,0.563
healbane,shiv,against,417691,-0.122,0.126,-0.111
healing_booster,shiv,against,399691,-0.393,0.126,-0.358
healing_nova,shiv,against,34336,-0.462,0.333,-0.276
healing_rite,shiv,against,122263,0.281,0.215,0.219
healing_tempo,shiv,against,123269,-0.255,0.207,-0.202
heroic_aura,shiv,against,68048,0.383,0.260,0.271
high_velocity_rounds,shiv,against,347174,0.156,0.135,0.141
hollow_point,shiv,against,77720,0.723,0.253,0.520
hunters_aura,shiv,against,192103,-0.491,0.173,-0.416
improved_spirit,shiv,against,859685,0.001,0.088,0.001
indomitable,shiv,against,154716,0.144,0.194,0.117
infuser,shiv,against,99387,-0.712,0.226,-0.543
inhibitor,shiv,against,82139,-0.150,0.244,-0.110
intensifying_magazine,shiv,against,76583,1.043,0.264,0.731
juggernaut,shiv,against,134492,0.137,0.190,0.112
kinetic_dash,shiv,against,93867,-0.066,0.242,-0.048
knockdown,shiv,against,77392,0.446,0.267,0.310
leech,shiv,against,123363,0.272,0.211,0.214
lifestrike,shiv,against,210729,-0.516,0.167,-0.441
lightning_scroll,shiv,against,55607,-0.695,0.289,-0.460
long_range,shiv,against,96897,-0.132,0.236,-0.098
lucky_shot,shiv,against,62947,0.093,0.257,0.066
magic_carpet,shiv,against,22838,-0.513,0.376,-0.275
majestic_leap,shiv,against,51326,0.221,0.297,0.144
melee_charge,shiv,against,161766,-0.944,0.188,-0.776
melee_lifesteal,shiv,against,343430,-0.566,0.135,-0.509
mercurial_magnum,shiv,against,202758,0.527,0.174,0.444
metal_skin,shiv,against,74377,-0.078,0.271,-0.054
monster_rounds,shiv,against,342927,-0.244,0.137,-0.219
mystic_burst,shiv,against,666629,-0.154,0.100,-0.145
mystic_expansion,shiv,against,639556,-0.050,0.102,-0.047
mystic_regeneration,shiv,against,212968,0.037,0.167,0.032
mystic_reverb,shiv,against,195863,0.411,0.170,0.349
mystic_shot,shiv,against,197465,0.648,0.177,0.544
mystic_slow,shiv,against,80407,-0.183,0.260,-0.129
mystic_vulnerability,shiv,against,429318,-0.008,0.123,-0.007
opening_rounds,shiv,against,275554,0.310,0.153,0.271
phantom_strike,shiv,against,61291,-0.110,0.272,-0.076
plated_armor,shiv,against,110807,-0.736,0.218,-0.570
point_blank,shiv,against,180275,-0.500,0.181,-0.416
quicksilver_reload,shiv,against,365406,-0.144,0.135,-0.130
radiant_regeneration,shiv,against,202711,-0.017,0.169,-0.015
rapid_recharge,shiv,against,493917,0.143,0.115,0.132
rapid_rounds,shiv,against,367359,0.256,0.132,0.232
reactive_barrier,shiv,against,161742,-0.404,0.197,-0.326
rebuttal,shiv,against,46608,-0.493,0.324,-0.300
recharging_rush,shiv,against,168755,0.256,0.186,0.211
refresher,shiv,against,129943,-0.097,0.202,-0.078
rescue_beam,shiv,against,49273,-0.935,0.308,-0.592
restorative_locket,shiv,against,96977,0.479,0.245,0.350
restorative_shot,shiv,against,258484,0.458,0.155,0.400
return_fire,shiv,against,16853,-1.555,0.430,-0.730
ricochet,shiv,against,236256,0.965,0.161,0.833
rusted_barrel,shiv,against,41186,-0.976,0.338,-0.576
scourge,shiv,against,92716,-1.097,0.236,-0.819
shadow_weave,shiv,against,41354,-0.814,0.332,-0.487
sharpshooter,shiv,against,110348,0.261,0.224,0.199
silence_wave,shiv,against,17879,-0.031,0.417,-0.015
silencer,shiv,against,133668,-0.114,0.195,-0.092
siphon_bullets,shiv,against,105294,-0.143,0.220,-0.111
slowing_bullets,shiv,against,84295,-0.004,0.253,-0.003
slowing_hex,shiv,against,231433,0.061,0.171,0.052
spellbreaker,shiv,against,103213,-0.543,0.217,-0.421
spellslinger,shiv,against,63413,-0.269,0.262,-0.189
spirit_burn,shiv,against,392224,-0.133,0.120,-0.122
spirit_lifesteal,shiv,against,416820,-0.238,0.128,-0.216
spirit_rend,shiv,against,90878,-0.548,0.240,-0.405
spirit_resilience,shiv,against,407754,-0.071,0.123,-0.065
spirit_sap,shiv,against,50528,-0.680,0.299,-0.440
spirit_shielding,shiv,against,179682,-0.303,0.186,-0.251
spirit_shredder_bullets,shiv,against,112526,-0.118,0.225,-0.090
spirit_snatch,shiv,against,317728,-0.176,0.143,-0.157
spirit_strike,shiv,against,310193,-0.143,0.145,-0.126
spiritual_overflow,shiv,against,236976,-0.211,0.162,-0.182
split_shot,shiv,against,45393,1.366,0.317,0.847
sprint_boots,shiv,against,610874,0.066,0.104,0.062
stalker,shiv,against,303691,-0.462,0.144,-0.410
stamina_mastery,shiv,against,330984,0.229,0.133,0.207
superior_cooldown,shiv,against,660461,0.317,0.099,0.299
superior_duration,shiv,against,471285,-0.148,0.116,-0.137
suppressor,shiv,against,85247,-0.297,0.248,-0.216
surge_of_power,shiv,against,207698,0.564,0.177,0.473
swift_striker,shiv,against,369171,0.266,0.131,0.241
tankbuster,shiv,against,631390,0.136,0.103,0.128
tesla_bullets,shiv,against,122509,0.720,0.218,0.558
titanic_magazine,shiv,against,254710,0.321,0.158,0.279
torment_pulse,shiv,against,244715,-0.779,0.156,-0.678
toxic_bullets,shiv,against,173895,0.159,0.185,0.132
transcendent_cooldown,shiv,against,409161,0.221,0.117,0.204
trophy_collector,shiv,against,459950,0.177,0.121,0.162
unstoppable,shiv,against,146208,-0.337,0.199,-0.271
vampiric_burst,shiv,against,112148,0.514,0.221,0.396
veil_walker,shiv,against,120114,0.268,0.233,0.201
vortex_web,shiv,against,52646,0.470,0.293,0.308
warp_stone,shiv,against,167861,-0.208,0.187,-0.171
weakening_headshot,shiv,against,128594,0.234,0.221,0.181
weapon_shielding,shiv,against,36317,-0.283,0.344,-0.164
weighted_shots,shiv,against,109028,-0.013,0.228,-0.010
witchmail,shiv,against,124927,-1.069,0.201,-0.857
active_reload,silver,against,74076,0.046,0.243,0.034
alchemical_fire,silver,against,28881,0.105,0.347,0.061
arcane_surge,silver,against,141553,0.243,0.184,0.202
arctic_blast,silver,against,93263,-0.229,0.220,-0.177
armor_piercing_rounds,silver,against,19849,0.024,0.363,0.013
ballistic_enchantment,silver,against,67083,0.049,0.264,0.034
battle_vest,silver,against,149112,-0.038,0.189,-0.031
berserker,silver,against,92278,-0.714,0.226,-0.544
blood_tribute,silver,against,18690,0.890,0.409,0.441
boundless_spirit,silver,against,516455,-0.125,0.099,-0.118
bullet_lifesteal,silver,against,185593,-0.336,0.169,-0.286
bullet_resilience,silver,against,60438,-0.518,0.257,-0.369
bullet_resist_shredder,silver,against,165522,-0.028,0.175,-0.023
burst_fire,silver,against,177901,-0.224,0.167,-0.191
capacitor,silver,against,67108,-0.190,0.250,-0.137
cheat_death,silver,against,38899,0.050,0.303,0.032
close_quarters,silver,against,246830,0.243,0.142,0.216
cold_front,silver,against,162201,0.099,0.174,0.084
colossus,silver,against,42557,0.425,0.278,0.288
compress_cooldown,silver,against,477711,0.074,0.108,0.069
counterspell,silver,against,116678,0.109,0.205,0.087
crippling_headshot,silver,against,88371,-0.367,0.223,-0.281
crushing_fists,silver,against,90251,0.083,0.214,0.065
cultist_sacrifice,silver,against,102977,0.430,0.208,0.340
cursed_relic,silver,against,62475,-0.049,0.261,-0.035
debuff_reducer,silver,against,123423,0.223,0.202,0.179
decay,silver,against,30483,0.084,0.335,0.050
disarming_hex,silver,against,46668,0.414,0.301,0.267
dispel_magic,silver,against,253029,-0.576,0.149,-0.507
divine_barrier,silver,against,51551,0.031,0.257,0.022
diviners_kevlar,silver,against,54578,0.528,0.271,0.365
duration_extender,silver,against,281135,0.350,0.136,0.315
echo_shard,silver,against,76010,0.436,0.237,0.324
enchanters_emblem,silver,against,213478,-0.293,0.153,-0.256
enduring_speed,silver,against,344170,-0.182,0.121,-0.167
escalating_exposure,silver,against,324613,0.201,0.124,0.184
escalating_resilience,silver,against,43724,-0.630,0.303,-0.404
ethereal_shift,silver,against,46753,-0.594,0.281,-0.400
express_shot,silver,against,74948,0.458,0.249,0.332
extended_magazine,silver,against,201765,-0.179,0.160,-0.155
extra_charge,silver,against,510047,0.387,0.103,0.364
extra_health,silver,against,239219,-0.186,0.144,-0.165
extra_regen,silver,against,467975,0.144,0.107,0.135
extra_spirit,silver,against,740031,-0.140,0.086,-0.134
extra_stamina,silver,against,379255,-0.195,0.117,-0.180
fleetfoot,silver,against,122742,-0.099,0.195,-0.081
focus_lens,silver,against,21501,0.208,0.367,0.114
fortitude,silver,against,166934,0.392,0.166,0.335
frenzy,silver,against,24918,-0.878,0.348,-0.505
fury_trance,silver,against,20067,0.475,0.380,0.253
glass_cannon,silver,against,53796,0.007,0.262,0.005
golden_goose_egg,silver,against,43567,0.512,0.312,0.321
greater_expansion,silver,against,433048,0.361,0.108,0.337
grit,silver,against,221702,-0.038,0.153,-0.033
guardian_ward,silver,against,72709,0.289,0.234,0.217
headhunter,silver,against,118228,0.268,0.204,0.214
headshot_booster,silver,against,146617,0.344,0.185,0.284
healbane,silver,against,343360,0.051,0.125,0.046
healing_booster,silver,against,311209,0.225,0.129,0.204
healing_nova,silver,against,29386,-0.916,0.331,-0.550
healing_rite,silver,against,103221,-0.108,0.211,-0.085
healing_tempo,silver,against,94866,0.012,0.213,0.009
heroic_aura,silver,against,59121,0.642,0.255,0.460
high_velocity_rounds,silver,against,293165,0.331,0.134,0.298
hollow_point,silver,against,67592,-0.353,0.246,-0.257
hunters_aura,silver,against,129884,0.034,0.189,0.028
improved_spirit,silver,against,692792,-0.047,0.088,-0.045
indomitable,silver,against,120921,0.178,0.198,0.144
infuser,silver,against,82448,-0.177,0.224,-0.135
inhibitor,silver,against,63867,-0.393,0.253,-0.283
intensifying_magazine,silver,against,69112,-0.332,0.256,-0.237
juggernaut,silver,against,115784,-0.129,0.188,-0.106
kinetic_dash,silver,against,69010,-0.333,0.249,-0.242
knockdown,silver,against,60026,0.159,0.272,0.109
leech,silver,against,104597,-0.480,0.209,-0.379
lifestrike,silver,against,129118,-0.005,0.187,-0.004
lightning_scroll,silver,against,45581,-0.264,0.289,-0.175
long_range,silver,against,77785,-0.192,0.237,-0.143
lucky_shot,silver,against,63044,0.085,0.242,0.063
magic_carpet,silver,against,18745,0.227,0.380,0.121
majestic_leap,silver,against,38499,0.139,0.307,0.088
melee_charge,silver,against,121201,-0.165,0.195,-0.134
melee_lifesteal,silver,against,211113,-0.095,0.152,-0.083
mercurial_magnum,silver,against,167040,0.081,0.175,0.068
metal_skin,silver,against,60657,0.808,0.266,0.564
monster_rounds,silver,against,275658,-0.166,0.138,-0.148
mystic_burst,silver,against,513246,-0.145,0.102,-0.136
mystic_expansion,silver,against,518041,0.248,0.102,0.234
mystic_regeneration,silver,against,215214,-0.372,0.155,-0.325
mystic_reverb,silver,against,162177,0.339,0.172,0.288
mystic_shot,silver,against,155233,0.257,0.180,0.215
mystic_slow,silver,against,66537,0.077,0.258,0.055
mystic_vulnerability,silver,against,357245,0.293,0.122,0.269
opening_rounds,silver,against,224569,0.224,0.151,0.197
phantom_strike,silver,against,38838,0.254,0.298,0.165
plated_armor,silver,against,87162,0.012,0.223,0.009
point_blank,silver,against,137691,-0.275,0.185,-0.227
quicksilver_reload,silver,against,298342,-0.228,0.135,-0.205
radiant_regeneration,silver,against,209407,-0.275,0.157,-0.239
rapid_recharge,silver,against,428471,0.293,0.111,0.272
rapid_rounds,silver,against,300893,-0.295,0.131,-0.267
reactive_barrier,silver,against,126558,0.157,0.200,0.126
rebuttal,silver,against,43408,0.514,0.307,0.326
recharging_rush,silver,against,136937,0.113,0.187,0.093
refresher,silver,against,101872,0.651,0.207,0.515
rescue_beam,silver,against,40088,-0.265,0.306,-0.169
restorative_locket,silver,against,80194,-0.484,0.244,-0.355
restorative_shot,silver,against,205265,0.518,0.158,0.450
return_fire,silver,against,12355,-0.507,0.449,-0.227
ricochet,silver,against,202946,-0.046,0.158,-0.040
rusted_barrel,silver,against,38894,0.168,0.317,0.104
scourge,silver,against,67777,-0.476,0.244,-0.349
shadow_weave,silver,against,28700,-0.046,0.349,-0.026
sharpshooter,silver,against,90630,0.193,0.223,0.148
silence_wave,silver,against,14744,0.368,0.424,0.176
silencer,silver,against,102911,0.014,0.202,0.011
siphon_bullets,silver,against,89731,0.518,0.220,0.400
slowing_bullets,silver,against,40611,0.354,0.309,0.224
slowing_hex,silver,against,156579,0.238,0.185,0.197
spellbreaker,silver,against,71413,0.097,0.237,0.073
spellslinger,silver,against,48108,-0.400,0.270,-0.277
spirit_burn,silver,against,305637,-0.280,0.124,-0.256
spirit_lifesteal,silver,against,341547,-0.027,0.127,-0.025
spirit_rend,silver,against,76344,-0.278,0.238,-0.207
spirit_resilience,silver,against,290853,-0.136,0.131,-0.123
spirit_sap,silver,against,38720,-0.456,0.309,-0.288
spirit_shielding,silver,against,124596,0.323,0.198,0.260
spirit_shredder_bullets,silver,against,90825,-0.229,0.227,-0.174
spirit_snatch,silver,against,230260,-0.273,0.150,-0.240
spirit_strike,silver,against,231593,-0.221,0.150,-0.194
spiritual_overflow,silver,against,190856,-0.002,0.165,-0.002
split_shot,silver,against,40098,-0.031,0.312,-0.020
sprint_boots,silver,against,475053,-0.259,0.107,-0.242
stalker,silver,against,182529,-0.046,0.163,-0.040
stamina_mastery,silver,against,269944,-0.026,0.134,-0.023
superior_cooldown,silver,against,543943,-0.058,0.099,-0.055
superior_duration,silver,against,355452,0.257,0.120,0.236
suppressor,silver,against,76247,-0.226,0.240,-0.167
surge_of_power,silver,against,180115,-0.199,0.172,-0.169
swift_striker,silver,against,303877,-0.095,0.130,-0.086
tankbuster,silver,against,487649,0.001,0.104,0.001
tesla_bullets,silver,against,105089,-0.656,0.215,-0.512
titanic_magazine,silver,against,218526,-0.083,0.154,-0.073
torment_pulse,silver,against,209592,-0.085,0.153,-0.074
toxic_bullets,silver,against,139442,0.229,0.183,0.190
transcendent_cooldown,silver,against,344722,0.092,0.117,0.085
trophy_collector,silver,against,359113,-0.035,0.124,-0.032
unstoppable,silver,against,107242,0.376,0.210,0.296
vampiric_burst,silver,against,95881,-0.289,0.218,-0.224
veil_walker,silver,against,91715,-0.473,0.240,-0.350
vortex_web,silver,against,41516,0.218,0.300,0.141
warp_stone,silver,against,121869,0.118,0.196,0.096
weakening_headshot,silver,against,111400,-0.469,0.215,-0.366
weapon_shielding,silver,against,33078,0.584,0.335,0.347
weighted_shots,silver,against,60640,0.138,0.267,0.096
witchmail,silver,against,93320,-0.003,0.210,-0.002
active_reload,sinclair,against,40454,0.848,0.308,0.537
alchemical_fire,sinclair,against,13088,0.058,0.440,0.026
arcane_surge,sinclair,against,80830,-1.004,0.237,-0.747
arctic_blast,sinclair,against,52560,0.543,0.280,0.368
armor_piercing_rounds,sinclair,against,10214,-0.565,0.449,-0.253
ballistic_enchantment,sinclair,against,34618,-0.583,0.335,-0.346
battle_vest,sinclair,against,74510,0.242,0.253,0.174
berserker,sinclair,against,59564,-0.110,0.269,-0.076
blood_tribute,sinclair,against,10526,-0.548,0.476,-0.230
boundless_spirit,sinclair,against,280618,0.638,0.135,0.574
bullet_lifesteal,sinclair,against,98298,0.354,0.225,0.270
bullet_resilience,sinclair,against,24078,-1.040,0.359,-0.581
bullet_resist_shredder,sinclair,against,91973,0.729,0.226,0.556
burst_fire,sinclair,against,96907,0.099,0.222,0.076
capacitor,sinclair,against,37424,1.289,0.312,0.809
cheat_death,sinclair,against,22192,0.249,0.369,0.136
close_quarters,sinclair,against,139236,0.489,0.187,0.403
cold_front,sinclair,against,93072,0.491,0.227,0.373
colossus,sinclair,against,22799,-0.333,0.347,-0.192
compress_cooldown,sinclair,against,263016,-0.057,0.146,-0.050
counterspell,sinclair,against,71888,-0.277,0.255,-0.198
crippling_headshot,sinclair,against,47957,-0.004,0.284,-0.003
crushing_fists,sinclair,against,47025,0.971,0.279,0.659
cultist_sacrifice,sinclair,against,56508,0.391,0.268,0.271
cursed_relic,sinclair,against,36245,0.444,0.323,0.271
debuff_reducer,sinclair,against,82806,-0.704,0.241,-0.520
decay,sinclair,against,17103,-0.894,0.402,-0.450
disarming_hex,sinclair,against,17994,-0.364,0.413,-0.178
dispel_magic,sinclair,against,138398,-0.026,0.198,-0.021
divine_barrier,sinclair,against,29522,-0.061,0.321,-0.038
diviners_kevlar,sinclair,against,34488,0.125,0.327,0.076
duration_extender,sinclair,against,157371,-0.619,0.182,-0.515
echo_shard,sinclair,against,44348,1.216,0.297,0.791
enchanters_emblem,sinclair,against,122529,-0.304,0.201,-0.244
enduring_speed,sinclair,against,183950,-0.024,0.165,-0.021
escalating_exposure,sinclair,against,174041,-0.121,0.169,-0.103
escalating_resilience,sinclair,against,20768,0.764,0.388,0.398
ethereal_shift,sinclair,against,25605,-1.066,0.347,-0.615
express_shot,sinclair,against,44336,-0.630,0.302,-0.405
extended_magazine,sinclair,against,107622,0.119,0.214,0.093
extra_charge,sinclair,against,271230,-0.226,0.142,-0.201
extra_health,sinclair,against,131088,0.493,0.191,0.403
extra_regen,sinclair,against,258629,0.186,0.145,0.165
extra_spirit,sinclair,against,402465,0.043,0.118,0.039
extra_stamina,sinclair,against,217822,-0.201,0.155,-0.175
fleetfoot,sinclair,against,66117,0.376,0.254,0.269
focus_lens,sinclair,against,12542,-1.193,0.441,-0.546
fortitude,sinclair,against,92249,1.087,0.218,0.843
frenzy,sinclair,against,18912,0.329,0.377,0.177
fury_trance,sinclair,against,10552,0.565,0.463,0.245
glass_cannon,sinclair,against,30166,-0.956,0.327,-0.578
golden_goose_egg,sinclair,against,23327,-0.440,0.385,-0.231
greater_expansion,sinclair,against,228391,-0.100,0.149,-0.088
grit,sinclair,against,129627,-0.675,0.198,-0.544
guardian_ward,sinclair,against,41462,-0.514,0.295,-0.336
headhunter,sinclair,against,71874,0.061,0.252,0.044
headshot_booster,sinclair,against,87897,0.011,0.232,0.008
healbane,sinclair,against,191959,-0.265,0.168,-0.226
healing_booster,sinclair,against,172379,0.058,0.172,0.049
healing_nova,sinclair,against,16509,0.544,0.397,0.277
healing_rite,sinclair,against,57209,0.023,0.271,0.016
healing_tempo,sinclair,against,53328,-0.118,0.270,-0.082
heroic_aura,sinclair,against,33496,-0.579,0.320,-0.356
high_velocity_rounds,sinclair,against,159268,-0.784,0.181,-0.654
hollow_point,sinclair,against,36019,0.724,0.316,0.450
hunters_aura,sinclair,against,83399,0.311,0.233,0.233
improved_spirit,sinclair,against,374340,0.273,0.122,0.250
indomitable,sinclair,against,68346,-1.000,0.254,-0.717
infuser,sinclair,against,41464,-1.042,0.300,-0.672
inhibitor,sinclair,against,37783,-0.057,0.306,-0.036
intensifying_magazine,sinclair,against,34361,-0.176,0.330,-0.106
juggernaut,sinclair,against,58348,-0.138,0.254,-0.099
kinetic_dash,sinclair,against,37406,0.909,0.318,0.563
knockdown,sinclair,against,31778,0.104,0.340,0.061
leech,sinclair,against,54418,0.294,0.273,0.202
lifestrike,sinclair,against,82693,1.177,0.232,0.887
lightning_scroll,sinclair,against,24237,-1.356,0.364,-0.750
long_range,sinclair,against,44447,-0.839,0.298,-0.544
lucky_shot,sinclair,against,34055,-1.128,0.312,-0.708
magic_carpet,sinclair,against,9375,0.713,0.470,0.304
majestic_leap,sinclair,against,23385,0.045,0.367,0.025
melee_charge,sinclair,against,63053,0.605,0.257,0.431
melee_lifesteal,sinclair,against,131955,0.825,0.193,0.672
mercurial_magnum,sinclair,against,90388,0.492,0.231,0.372
metal_skin,sinclair,against,25960,-0.261,0.363,-0.145
monster_rounds,sinclair,against,147268,-0.174,0.185,-0.144
mystic_burst,sinclair,against,292145,0.487,0.138,0.436
mystic_expansion,sinclair,against,275529,-0.226,0.140,-0.202
mystic_regeneration,sinclair,against,111787,-0.903,0.209,-0.713
mystic_reverb,sinclair,against,93571,0.174,0.222,0.134
mystic_shot,sinclair,against,92116,0.242,0.229,0.183
mystic_slow,sinclair,against,33094,-1.598,0.337,-0.943
mystic_vulnerability,sinclair,against,191267,-0.674,0.167,-0.576
opening_rounds,sinclair,against,117919,-0.216,0.206,-0.171
phantom_strike,sinclair,against,22673,1.746,0.360,0.975
plated_armor,sinclair,against,42819,-0.105,0.297,-0.068
point_blank,sinclair,against,76230,0.657,0.242,0.484
quicksilver_reload,sinclair,against,163103,0.290,0.181,0.242
radiant_regeneration,sinclair,against,108218,-0.825,0.213,-0.646
rapid_recharge,sinclair,against,222970,-0.175,0.154,-0.153
rapid_rounds,sinclair,against,165586,0.172,0.176,0.145
reactive_barrier,sinclair,against,71023,-1.060,0.258,-0.753
rebuttal,sinclair,against,25877,0.482,0.364,0.266
recharging_rush,sinclair,against,76607,-0.747,0.241,-0.551
refresher,sinclair,against,58812,-1.420,0.263,-0.998
rescue_beam,sinclair,against,22844,0.003,0.376,0.002
restorative_locket,sinclair,against,45399,-0.173,0.305,-0.110
restorative_shot,sinclair,against,126668,-0.014,0.199,-0.011
return_fire,sinclair,against,6177,-0.679,0.550,-0.238
ricochet,sinclair,against,110290,0.264,0.209,0.208
rusted_barrel,sinclair,against,17009,-0.053,0.415,-0.026
scourge,sinclair,against,39386,-0.351,0.304,-0.224
shadow_weave,sinclair,against,16079,1.176,0.420,0.566
sharpshooter,sinclair,against,51506,-0.367,0.282,-0.247
silence_wave,sinclair,against,9304,-0.192,0.485,-0.079
silencer,sinclair,against,62391,-0.284,0.250,-0.206
siphon_bullets,sinclair,against,49160,-0.710,0.279,-0.481
slowing_bullets,sinclair,against,34347,0.409,0.327,0.248
slowing_hex,sinclair,against,96296,1.118,0.231,0.843
spellbreaker,sinclair,against,47999,-0.668,0.277,-0.455
spellslinger,sinclair,against,26653,-0.659,0.335,-0.391
spirit_burn,sinclair,against,173350,0.354,0.166,0.303
spirit_lifesteal,sinclair,against,181387,-0.754,0.175,-0.635
spirit_rend,sinclair,against,39908,-0.570,0.309,-0.360
spirit_resilience,sinclair,against,184543,-0.772,0.164,-0.663
spirit_sap,sinclair,against,20910,0.206,0.383,0.109
spirit_shielding,sinclair,against,79180,-0.094,0.242,-0.069
spirit_shredder_bullets,sinclair,against,47995,-0.066,0.295,-0.043
spirit_snatch,sinclair,against,128107,0.853,0.199,0.686
spirit_strike,sinclair,against,129153,0.530,0.200,0.426
spiritual_overflow,sinclair,against,105168,-0.891,0.217,-0.693
split_shot,sinclair,against,21427,0.660,0.381,0.350
sprint_boots,sinclair,against,263873,-0.215,0.144,-0.191
stalker,sinclair,against,115907,1.076,0.204,0.857
stamina_mastery,sinclair,against,156185,0.152,0.175,0.128
superior_cooldown,sinclair,against,298465,-0.199,0.135,-0.179
superior_duration,sinclair,against,200023,-0.667,0.161,-0.576
suppressor,sinclair,against,39529,-0.530,0.310,-0.334
surge_of_power,sinclair,against,99623,-0.596,0.226,-0.454
swift_striker,sinclair,against,167182,0.549,0.175,0.462
tankbuster,sinclair,against,278046,0.493,0.140,0.440
tesla_bullets,sinclair,against,58246,0.949,0.274,0.651
titanic_magazine,sinclair,against,116897,0.071,0.206,0.056
torment_pulse,sinclair,against,109928,-0.009,0.208,-0.007
toxic_bullets,sinclair,against,78954,-0.032,0.238,-0.024
transcendent_cooldown,sinclair,against,187162,0.118,0.158,0.102
trophy_collector,sinclair,against,204189,0.065,0.165,0.055
unstoppable,sinclair,against,71765,-0.665,0.252,-0.479
vampiric_burst,sinclair,against,51306,0.176,0.282,0.118
veil_walker,sinclair,against,49167,0.643,0.308,0.407
vortex_web,sinclair,against,22679,0.983,0.370,0.536
warp_stone,sinclair,against,69609,-0.211,0.251,-0.153
weakening_headshot,sinclair,against,58508,0.851,0.279,0.578
weapon_shielding,sinclair,against,15395,0.564,0.421,0.271
weighted_shots,sinclair,against,44791,0.491,0.300,0.317
witchmail,sinclair,against,57014,-0.048,0.260,-0.034
active_reload,venator,against,117807,-0.831,0.200,-0.669
alchemical_fire,venator,against,40164,0.354,0.306,0.225
arcane_surge,venator,against,206622,-0.009,0.154,-0.008
arctic_blast,venator,against,130276,0.356,0.190,0.292
armor_piercing_rounds,venator,against,27746,-0.874,0.327,-0.528
ballistic_enchantment,venator,against,61177,-0.072,0.270,-0.050
battle_vest,venator,against,152867,-0.556,0.186,-0.459
berserker,venator,against,134242,-0.359,0.189,-0.295
blood_tribute,venator,against,26015,-0.640,0.364,-0.354
boundless_spirit,venator,against,748383,0.161,0.082,0.154
bullet_lifesteal,venator,against,221388,-0.439,0.155,-0.383
bullet_resilience,venator,against,86902,-0.049,0.221,-0.038
bullet_resist_shredder,venator,against,249279,-0.219,0.142,-0.195
burst_fire,venator,against,270619,-0.318,0.137,-0.285
capacitor,venator,against,103823,-0.078,0.208,-0.062
cheat_death,venator,against,55167,-0.611,0.266,-0.427
close_quarters,venator,against,311838,-0.229,0.126,-0.209
cold_front,venator,against,233311,0.074,0.147,0.065
colossus,venator,against,59277,-0.661,0.245,-0.484
compress_cooldown,venator,against,676776,0.142,0.090,0.136
counterspell,venator,against,172570,-0.713,0.171,-0.605
crippling_headshot,venator,against,116265,0.142,0.197,0.114
crushing_fists,venator,against,118862,-0.239,0.189,-0.196
cultist_sacrifice,venator,against,139530,-0.358,0.185,-0.296
cursed_relic,venator,against,81690,0.456,0.236,0.340
debuff_reducer,venator,against,204275,0.075,0.159,0.065
decay,venator,against,38985,-0.030,0.307,-0.019
disarming_hex,venator,against,50790,0.644,0.292,0.424
dispel_magic,venator,against,349277,0.134,0.127,0.122
divine_barrier,venator,against,68419,0.508,0.227,0.387
diviners_kevlar,venator,against,95611,-0.220,0.219,-0.170
duration_extender,venator,against,416503,0.282,0.113,0.262
echo_shard,venator,against,109105,-0.139,0.206,-0.111
enchanters_emblem,venator,against,313524,0.084,0.128,0.077
enduring_speed,venator,against,457833,-0.072,0.105,-0.067
escalating_exposure,venator,against,469691,-0.055,0.103,-0.052
escalating_resilience,venator,against,53909,-0.504,0.280,-0.341
ethereal_shift,venator,against,64089,0.163,0.244,0.119
express_shot,venator,against,104277,-0.438,0.210,-0.345
extended_magazine,venator,against,272843,-0.326,0.138,-0.292
extra_charge,venator,against,677067,0.170,0.089,0.162
extra_health,venator,against,335081,-0.027,0.122,-0.024
extra_regen,venator,against,677238,-0.206,0.089,-0.197
extra_spirit,venator,against,1087350,-0.028,0.071,-0.028
extra_stamina,venator,against,567396,0.292,0.096,0.276
fleetfoot,venator,against,150890,-0.057,0.178,-0.047
focus_lens,venator,against,31272,0.385,0.326,0.234
fortitude,venator,against,226069,0.327,0.144,0.290
frenzy,venator,against,48558,-0.370,0.272,-0.255
fury_trance,venator,against,30942,-1.327,0.333,-0.790
glass_cannon,venator,against,71797,0.335,0.233,0.252
golden_goose_egg,venator,against,62006,0.736,0.277,0.501
greater_expansion,venator,against,613791,0.150,0.090,0.143
grit,venator,against,329677,-0.431,0.126,-0.393
guardian_ward,venator,against,94533,0.971,0.207,0.770
headhunter,venator,against,181061,0.094,0.167,0.080
headshot_booster,venator,against,222549,0.268,0.152,0.234
healbane,venator,against,496281,-0.193,0.104,-0.181
healing_booster,venator,against,446871,-0.031,0.108,-0.029
healing_nova,venator,against,37310,0.579,0.302,0.372
healing_rite,venator,against,140047,0.700,0.184,0.580
healing_tempo,venator,against,135510,0.449,0.181,0.375
heroic_aura,venator,against,81888,0.367,0.223,0.281
high_velocity_rounds,venator,against,401650,0.190,0.114,0.176
hollow_point,venator,against,53670,0.317,0.265,0.222
hunters_aura,venator,against,214023,-0.112,0.150,-0.098
improved_spirit,venator,against,996019,0.043,0.074,0.041
indomitable,venator,against,180204,-0.018,0.165,-0.015
infuser,venator,against,118189,0.142,0.192,0.115
inhibitor,venator,against,94414,0.357,0.212,0.280
intensifying_magazine,venator,against,63004,-0.157,0.262,-0.110
juggernaut,venator,against,155939,-0.360,0.165,-0.309
kinetic_dash,venator,against,103506,0.325,0.214,0.254
knockdown,venator,against,75805,1.552,0.248,1.127
leech,venator,against,154599,0.013,0.175,0.011
lifestrike,venator,against,212263,-0.385,0.150,-0.339
lightning_scroll,venator,against,65827,-0.041,0.250,-0.029
long_range,venator,against,111283,-0.127,0.204,-0.101
lucky_shot,venator,against,86063,-0.129,0.209,-0.102
magic_carpet,venator,against,27302,-0.157,0.334,-0.094
majestic_leap,venator,against,57853,-0.176,0.262,-0.124
melee_charge,venator,against,157742,-0.401,0.173,-0.339
melee_lifesteal,venator,against,341782,-0.112,0.121,-0.103
mercurial_magnum,venator,against,254357,0.052,0.144,0.046
metal_skin,venator,against,73022,0.945,0.249,0.686
monster_rounds,venator,against,382923,-0.063,0.117,-0.058
mystic_burst,venator,against,749921,0.145,0.085,0.139
mystic_expansion,venator,against,718222,0.211,0.086,0.202
mystic_regeneration,venator,against,293861,-0.057,0.132,-0.051
mystic_reverb,venator,against,240247,-0.044,0.142,-0.039
mystic_shot,venator,against,230403,-0.100,0.150,-0.088
mystic_slow,venator,against,93008,0.362,0.226,0.275
mystic_vulnerability,venator,against,515322,0.056,0.102,0.053
opening_rounds,venator,against,299870,0.109,0.131,0.099
phantom_strike,venator,against,57361,0.034,0.257,0.024
plated_armor,venator,against,133775,-0.070,0.183,-0.058
point_blank,venator,against,179845,-0.085,0.165,-0.073
quicksilver_reload,venator,against,443638,0.130,0.111,0.121
radiant_regeneration,venator,against,283247,-0.279,0.135,-0.251
rapid_recharge,venator,against,555115,-0.052,0.097,-0.049
rapid_rounds,venator,against,445045,-0.385,0.109,-0.359
reactive_barrier,venator,against,190429,-0.263,0.166,-0.225
rebuttal,venator,against,69216,0.405,0.257,0.288
recharging_rush,venator,against,183775,0.003,0.163,0.002
refresher,venator,against,153778,-0.384,0.172,-0.325
rescue_beam,venator,against,53292,0.522,0.275,0.356
restorative_locket,venator,against,112873,-0.180,0.211,-0.142
restorative_shot,venator,against,265091,-0.400,0.140,-0.357
return_fire,venator,against,17968,0.078,0.404,0.039
ricochet,venator,against,273713,-0.167,0.136,-0.150
rusted_barrel,venator,against,48166,0.737,0.294,0.482
scourge,venator,against,95579,-0.244,0.211,-0.192
shadow_weave,venator,against,42092,1.088,0.308,0.689
sharpshooter,venator,against,128818,-0.173,0.192,-0.141
silence_wave,venator,against,21157,-0.085,0.380,-0.045
silencer,venator,against,145090,-0.039,0.174,-0.033
siphon_bullets,venator,against,112484,0.387,0.198,0.313
slowing_bullets,venator,against,82715,0.319,0.237,0.238
slowing_hex,venator,against,241571,0.019,0.150,0.017
spellbreaker,venator,against,107141,-0.228,0.197,-0.184
spellslinger,venator,against,66249,0.043,0.235,0.032
spirit_burn,venator,against,449768,0.162,0.102,0.152
spirit_lifesteal,venator,against,504618,-0.079,0.105,-0.074
spirit_rend,venator,against,112301,0.418,0.201,0.335
spirit_resilience,venator,against,417055,-0.094,0.110,-0.088
spirit_sap,venator,against,55625,0.104,0.269,0.072
spirit_shielding,venator,against,191819,-0.171,0.163,-0.147
spirit_shredder_bullets,venator,against,133425,0.452,0.190,0.370
spirit_snatch,venator,against,329466,-0.184,0.126,-0.168
spirit_strike,venator,against,330580,-0.235,0.127,-0.214
spiritual_overflow,venator,against,290767,-0.279,0.134,-0.252
split_shot,venator,against,49910,0.300,0.277,0.204
sprint_boots,venator,against,661989,0.054,0.091,0.052
stalker,venator,against,306624,0.188,0.128,0.171
stamina_mastery,venator,against,405228,0.144,0.109,0.135
superior_cooldown,venator,against,773255,0.041,0.083,0.039
superior_duration,venator,against,526219,-0.021,0.099,-0.020
suppressor,venator,against,112351,0.228,0.202,0.182
surge_of_power,venator,against,281488,0.056,0.139,0.050
swift_striker,venator,against,445401,-0.231,0.109,-0.216
tankbuster,venator,against,715751,0.026,0.086,0.025
tesla_bullets,venator,against,161722,-0.061,0.176,-0.051
titanic_magazine,venator,against,293310,-0.125,0.134,-0.113
torment_pulse,venator,against,280056,0.138,0.133,0.125
toxic_bullets,venator,against,213896,0.053,0.152,0.047
transcendent_cooldown,venator,against,485662,0.245,0.098,0.232
trophy_collector,venator,against,508727,0.228,0.105,0.214
unstoppable,venator,against,184721,-0.056,0.163,-0.048
vampiric_burst,venator,against,96485,-0.047,0.216,-0.036
veil_walker,venator,against,137881,0.011,0.201,0.009
vortex_web,venator,against,56765,-0.144,0.265,-0.101
warp_stone,venator,against,179761,-0.194,0.163,-0.167
weakening_headshot,venator,against,116560,-0.483,0.206,-0.383
weapon_shielding,venator,against,49964,-0.436,0.288,-0.290
weighted_shots,venator,against,102895,0.306,0.219,0.237
witchmail,venator,against,135045,-0.775,0.178,-0.649
active_reload,victor,against,75884,0.186,0.238,0.138
alchemical_fire,victor,against,27577,-0.716,0.343,-0.416
arcane_surge,victor,against,141748,-0.211,0.179,-0.176
arctic_blast,victor,against,92828,0.560,0.217,0.435
armor_piercing_rounds,victor,against,19438,0.050,0.367,0.027
ballistic_enchantment,victor,against,64733,0.195,0.259,0.138
battle_vest,victor,against,145311,-0.317,0.186,-0.262
berserker,victor,against,117956,0.174,0.196,0.141
blood_tribute,victor,against,19006,0.498,0.401,0.251
boundless_spirit,victor,against,486420,0.047,0.100,0.044
bullet_lifesteal,victor,against,194216,-0.061,0.162,-0.053
bullet_resilience,victor,against,38893,-1.014,0.294,-0.663
bullet_resist_shredder,victor,against,178133,0.189,0.163,0.163
burst_fire,victor,against,183118,0.753,0.162,0.649
capacitor,victor,against,67022,0.468,0.246,0.341
cheat_death,victor,against,37687,-0.483,0.306,-0.307
close_quarters,victor,against,281433,0.340,0.129,0.309
cold_front,victor,against,166238,0.196,0.169,0.167
colossus,victor,against,45216,0.236,0.269,0.164
compress_cooldown,victor,against,456012,-0.415,0.108,-0.388
counterspell,victor,against,127555,0.867,0.191,0.709
crippling_headshot,victor,against,90742,-0.641,0.218,-0.497
crushing_fists,victor,against,94949,0.065,0.205,0.052
cultist_sacrifice,victor,against,107218,-0.038,0.198,-0.031
cursed_relic,victor,against,61232,-1.043,0.256,-0.744
debuff_reducer,victor,against,138259,-0.186,0.187,-0.154
decay,victor,against,38405,0.516,0.303,0.331
disarming_hex,victor,against,28374,0.275,0.347,0.158
dispel_magic,victor,against,231444,0.414,0.150,0.364
divine_barrier,victor,against,48725,-0.028,0.262,-0.020
diviners_kevlar,victor,against,62889,-0.807,0.259,-0.572
duration_extender,victor,against,295568,-0.251,0.131,-0.227
echo_shard,victor,against,71599,-0.247,0.242,-0.182
enchanters_emblem,victor,against,227897,0.451,0.146,0.399
enduring_speed,victor,against,319661,-0.084,0.123,-0.077
escalating_exposure,victor,against,297990,0.329,0.128,0.299
escalating_resilience,victor,against,40222,-0.376,0.305,-0.239
ethereal_shift,victor,against,37392,-0.429,0.301,-0.276
express_shot,victor,against,75885,-0.082,0.237,-0.061
extended_magazine,victor,against,201319,0.120,0.156,0.104
extra_charge,victor,against,483843,-0.237,0.104,-0.222
extra_health,victor,against,243550,-0.133,0.138,-0.119
extra_regen,victor,against,447902,0.179,0.107,0.167
extra_spirit,victor,against,704726,-0.087,0.086,-0.083
extra_stamina,victor,against,375798,-0.270,0.114,-0.251
fleetfoot,victor,against,119189,0.303,0.191,0.248
focus_lens,victor,against,21218,-0.095,0.368,-0.052
fortitude,victor,against,172855,0.141,0.159,0.122
frenzy,victor,against,35846,0.593,0.304,0.379
fury_trance,victor,against,20335,-0.542,0.373,-0.293
glass_cannon,victor,against,52422,0.920,0.264,0.645
golden_goose_egg,victor,against,40755,-0.941,0.314,-0.588
greater_expansion,victor,against,398504,-0.317,0.111,-0.295
grit,victor,against,231823,0.073,0.146,0.064
guardian_ward,victor,against,70556,-0.008,0.235,-0.006
headhunter,victor,against,107752,0.004,0.206,0.003
headshot_booster,victor,against,135420,-0.241,0.186,-0.199
healbane,victor,against,398168,-0.012,0.114,-0.011
healing_booster,victor,against,287297,0.324,0.131,0.293
healing_nova,victor,against,28617,0.316,0.328,0.190
healing_rite,victor,against,102421,-0.670,0.208,-0.530
healing_tempo,victor,against,93950,-0.403,0.210,-0.317
heroic_aura,victor,against,56757,-1.078,0.258,-0.766
high_velocity_rounds,victor,against,284595,-0.210,0.132,-0.190
hollow_point,victor,against,66637,0.295,0.242,0.217
hunters_aura,victor,against,160752,0.107,0.167,0.092
improved_spirit,victor,against,652138,-0.228,0.089,-0.218
indomitable,victor,against,124832,-0.421,0.194,-0.342
infuser,victor,against,51457,-0.782,0.272,-0.538
inhibitor,victor,against,83070,-0.885,0.226,-0.674
intensifying_magazine,victor,against,70421,0.269,0.245,0.197
juggernaut,victor,against,101485,-0.277,0.199,-0.223
kinetic_dash,victor,against,72707,0.671,0.239,0.498
knockdown,victor,against,60406,-0.096,0.267,-0.067
leech,victor,against,108668,-0.397,0.202,-0.318
lifestrike,victor,against,162336,0.286,0.164,0.246
lightning_scroll,victor,against,45845,-0.588,0.287,-0.391
long_range,victor,against,74093,0.325,0.235,0.243
lucky_shot,victor,against,62462,0.459,0.247,0.334
magic_carpet,victor,against,17647,0.101,0.387,0.053
majestic_leap,victor,against,37118,-0.577,0.305,-0.368
melee_charge,victor,against,125976,0.143,0.186,0.118
melee_lifesteal,victor,against,253531,0.157,0.136,0.141
mercurial_magnum,victor,against,166925,0.644,0.171,0.547
metal_skin,victor,against,41539,-1.048,0.290,-0.691
monster_rounds,victor,against,284564,0.005,0.131,0.004
mystic_burst,victor,against,504367,0.059,0.100,0.055
mystic_expansion,victor,against,482489,-0.018,0.103,-0.017
mystic_regeneration,victor,against,214158,-0.046,0.151,-0.040
mystic_reverb,victor,against,157863,-0.196,0.173,-0.166
mystic_shot,victor,against,148783,-0.168,0.178,-0.141
mystic_slow,victor,against,66407,-0.918,0.256,-0.655
mystic_vulnerability,victor,against,331434,-0.255,0.124,-0.233
opening_rounds,victor,against,217403,-0.045,0.149,-0.039
phantom_strike,victor,against,42628,1.185,0.286,0.790
plated_armor,victor,against,63126,-0.379,0.248,-0.275
point_blank,victor,against,156896,0.051,0.171,0.043
quicksilver_reload,victor,against,297962,0.383,0.132,0.347
radiant_regeneration,victor,against,207485,0.246,0.153,0.216
rapid_recharge,victor,against,412299,0.006,0.111,0.006
rapid_rounds,victor,against,307688,0.517,0.126,0.471
reactive_barrier,victor,against,128075,-0.282,0.195,-0.229
rebuttal,victor,against,38020,-0.081,0.315,-0.050
recharging_rush,victor,against,135397,0.253,0.182,0.210
refresher,victor,against,90354,0.310,0.218,0.240
rescue_beam,victor,against,39308,0.497,0.305,0.317
restorative_locket,victor,against,77645,0.018,0.239,0.013
restorative_shot,victor,against,238124,-0.012,0.143,-0.010
return_fire,victor,against,10563,1.345,0.455,0.593
ricochet,victor,against,207344,0.894,0.154,0.781
rusted_barrel,victor,against,28088,0.335,0.345,0.194
scourge,victor,against,69264,1.082,0.241,0.799
shadow_weave,victor,against,28829,0.184,0.340,0.108
sharpshooter,victor,against,85181,0.384,0.223,0.295
silence_wave,victor,against,15008,-0.824,0.415,-0.402
silencer,victor,against,115285,0.077,0.191,0.063
siphon_bullets,victor,against,86940,0.274,0.219,0.212
slowing_bullets,victor,against,67946,0.140,0.244,0.102
slowing_hex,victor,against,165382,0.414,0.173,0.350
spellbreaker,victor,against,87746,-0.394,0.212,-0.309
spellslinger,victor,against,48278,0.056,0.265,0.039
spirit_burn,victor,against,301955,-0.493,0.124,-0.450
spirit_lifesteal,victor,against,316090,-0.352,0.131,-0.319
spirit_rend,victor,against,72843,-0.739,0.237,-0.550
spirit_resilience,victor,against,370038,0.154,0.113,0.143
spirit_sap,victor,against,37730,-0.283,0.303,-0.181
spirit_shielding,victor,against,145476,-0.052,0.179,-0.043
spirit_shredder_bullets,victor,against,87023,-0.101,0.224,-0.077
spirit_snatch,victor,against,233451,0.455,0.144,0.404
spirit_strike,victor,against,232766,0.434,0.144,0.385
spiritual_overflow,victor,against,189573,0.107,0.162,0.092
split_shot,victor,against,39207,0.498,0.306,0.316
sprint_boots,victor,against,460907,-0.078,0.106,-0.073
stalker,victor,against,223384,0.463,0.144,0.412
stamina_mastery,victor,against,258640,-0.354,0.133,-0.319
superior_cooldown,victor,against,517462,-0.508,0.099,-0.479
superior_duration,victor,against,372854,-0.221,0.115,-0.205
suppressor,victor,against,68067,-0.927,0.245,-0.679
surge_of_power,victor,against,184097,-0.292,0.166,-0.250
swift_striker,victor,against,308620,0.532,0.126,0.485
tankbuster,victor,against,483477,-0.023,0.102,-0.022
tesla_bullets,victor,against,107870,0.283,0.208,0.224
titanic_magazine,victor,against,218577,0.044,0.150,0.039
torment_pulse,victor,against,178706,0.432,0.162,0.372
toxic_bullets,victor,against,155726,-0.239,0.172,-0.202
transcendent_cooldown,victor,against,322545,-0.218,0.119,-0.200
trophy_collector,victor,against,355362,0.091,0.122,0.083
unstoppable,victor,against,120781,-0.107,0.195,-0.087
vampiric_burst,victor,against,99147,0.465,0.211,0.365
veil_walker,victor,against,87437,0.246,0.236,0.184
vortex_web,victor,against,38923,-0.731,0.302,-0.470
warp_stone,victor,against,113299,-0.165,0.197,-0.134
weakening_headshot,victor,against,111498,-0.379,0.209,-0.300
weapon_shielding,victor,against,25298,-0.957,0.352,-0.544
weighted_shots,victor,against,88738,0.224,0.220,0.173
witchmail,victor,against,104626,0.493,0.199,0.397
active_reload,vindicta,against,72091,0.255,0.244,0.187
alchemical_fire,vindicta,against,24400,0.128,0.360,0.072
arcane_surge,vindicta,against,137703,-0.358,0.185,-0.297
arctic_blast,vindicta,against,84728,0.088,0.228,0.067
armor_piercing_rounds,vindicta,against,17273,0.057,0.383,0.030
ballistic_enchantment,vindicta,against,62131,-0.243,0.267,-0.169
battle_vest,vindicta,against,139059,0.304,0.191,0.249
berserker,vindicta,against,101785,-0.081,0.213,-0.064
blood_tribute,vindicta,against,13854,-0.661,0.444,-0.300
boundless_spirit,vindicta,against,475385,0.239,0.102,0.225
bullet_lifesteal,vindicta,against,171852,0.334,0.173,0.282
bullet_resilience,vindicta,against,56619,-0.071,0.259,-0.050
bullet_resist_shredder,vindicta,against,153708,0.419,0.178,0.351
burst_fire,vindicta,against,148173,0.140,0.180,0.117
capacitor,vindicta,against,65819,0.214,0.249,0.155
cheat_death,vindicta,against,37896,0.403,0.303,0.258
close_quarters,vindicta,against,238984,0.087,0.143,0.077
cold_front,vindicta,against,152204,-0.089,0.178,-0.074
colossus,vindicta,against,33781,0.834,0.299,0.539
compress_cooldown,vindicta,against,451901,0.086,0.109,0.080
counterspell,vindicta,against,92405,-0.166,0.223,-0.127
crippling_headshot,vindicta,against,75564,0.447,0.236,0.333
crushing_fists,vindicta,against,74218,0.136,0.229,0.103
cultist_sacrifice,vindicta,against,100593,0.133,0.207,0.105
cursed_relic,vindicta,against,60295,0.055,0.264,0.039
debuff_reducer,vindicta,against,126548,0.002,0.196,0.002
decay,vindicta,against,28141,0.210,0.340,0.123
disarming_hex,vindicta,against,34842,-0.492,0.329,-0.296
dispel_magic,vindicta,against,239456,-0.119,0.150,-0.104
divine_barrier,vindicta,against,49617,-0.508,0.262,-0.359
diviners_kevlar,vindicta,against,58589,-0.560,0.265,-0.392
duration_extender,vindicta,against,271686,-0.414,0.138,-0.371
echo_shard,vindicta,against,73599,-0.496,0.238,-0.369
enchanters_emblem,vindicta,against,205445,-0.545,0.155,-0.475
enduring_speed,vindicta,against,312345,-0.206,0.126,-0.188
escalating_exposure,vindicta,against,300478,-0.320,0.127,-0.292
escalating_resilience,vindicta,against,38647,0.365,0.316,0.227
ethereal_shift,vindicta,against,40738,-0.199,0.291,-0.131
express_shot,vindicta,against,75598,0.657,0.241,0.485
extended_magazine,vindicta,against,181442,0.389,0.166,0.333
extra_charge,vindicta,against,448795,-0.025,0.109,-0.023
extra_health,vindicta,against,224491,0.674,0.146,0.596
extra_regen,vindicta,against,450887,-0.104,0.108,-0.097
extra_spirit,vindicta,against,696501,-0.228,0.087,-0.217
extra_stamina,vindicta,against,371760,0.175,0.116,0.162
fleetfoot,vindicta,against,107845,0.188,0.207,0.149
focus_lens,vindicta,against,20004,0.442,0.376,0.238
fortitude,vindicta,against,161857,0.997,0.166,0.854
frenzy,vindicta,against,32935,-0.434,0.313,-0.272
fury_trance,vindicta,against,17458,-0.221,0.394,-0.113
glass_cannon,vindicta,against,49778,0.988,0.267,0.689
golden_goose_egg,vindicta,against,43659,-0.207,0.309,-0.130
greater_expansion,vindicta,against,401234,-0.356,0.111,-0.331
grit,vindicta,against,219370,-0.255,0.152,-0.223
guardian_ward,vindicta,against,72738,-0.727,0.234,-0.544
headhunter,vindicta,against,113437,0.582,0.205,0.462
headshot_booster,vindicta,against,140415,0.157,0.187,0.130
healbane,vindicta,against,323298,-0.069,0.127,-0.063
healing_booster,vindicta,against,301946,-0.164,0.130,-0.149
healing_nova,vindicta,against,27869,-0.998,0.336,-0.591
healing_rite,vindicta,against,97924,-0.135,0.215,-0.105
healing_tempo,vindicta,against,91344,0.325,0.215,0.253
heroic_aura,vindicta,against,56135,-0.326,0.259,-0.231
high_velocity_rounds,vindicta,against,255502,0.141,0.141,0.125
hollow_point,vindicta,against,64762,0.506,0.252,0.365
hunters_aura,vindicta,against,143525,0.390,0.180,0.325
improved_spirit,vindicta,against,644067,0.020,0.091,0.019
indomitable,vindicta,against,112504,0.006,0.202,0.005
infuser,vindicta,against,77012,-0.531,0.230,-0.402
inhibitor,vindicta,against,63115,-0.305,0.251,-0.220
intensifying_magazine,vindicta,against,63882,0.125,0.260,0.088
juggernaut,vindicta,against,104014,-0.388,0.196,-0.314
kinetic_dash,vindicta,against,69042,-0.171,0.249,-0.124
knockdown,vindicta,against,143643,-1.131,0.192,-0.923
leech,vindicta,against,96259,-0.066,0.214,-0.052
lifestrike,vindicta,against,138186,-0.107,0.180,-0.090
lightning_scroll,vindicta,against,43036,0.769,0.292,0.506
long_range,vindicta,against,46857,0.949,0.287,0.631
lucky_shot,vindicta,against,56904,1.034,0.251,0.747
magic_carpet,vindicta,against,17047,-1.731,0.394,-0.888
majestic_leap,vindicta,against,37877,-0.244,0.305,-0.155
melee_charge,vindicta,against,104529,-0.200,0.205,-0.159
melee_lifesteal,vindicta,against,226748,0.149,0.146,0.132
mercurial_magnum,vindicta,against,146135,0.089,0.185,0.074
metal_skin,vindicta,against,54613,-0.163,0.272,-0.113
monster_rounds,vindicta,against,262117,-0.053,0.140,-0.047
mystic_burst,vindicta,against,486961,-0.041,0.103,-0.039
mystic_expansion,vindicta,against,486244,-0.386,0.103,-0.362
mystic_regeneration,vindicta,against,198395,0.109,0.157,0.095
mystic_reverb,vindicta,against,158589,0.078,0.171,0.066
mystic_shot,vindicta,against,154158,0.202,0.179,0.169
mystic_slow,vindicta,against,62118,1.183,0.264,0.830
mystic_vulnerability,vindicta,against,338659,-0.021,0.124,-0.019
opening_rounds,vindicta,against,194290,-0.112,0.160,-0.097
phantom_strike,vindicta,against,75671,-2.878,0.239,-2.135
plated_armor,vindicta,against,95605,-0.283,0.211,-0.223
point_blank,vindicta,against,131457,0.361,0.188,0.297
quicksilver_reload,vindicta,against,255584,-0.088,0.143,-0.078
radiant_regeneration,vindicta,against,191916,-0.036,0.160,-0.031
rapid_recharge,vindicta,against,368243,-0.198,0.119,-0.182
rapid_rounds,vindicta,against,276404,0.378,0.135,0.340
reactive_barrier,vindicta,against,124844,-0.063,0.199,-0.051
rebuttal,vindicta,against,45094,-0.071,0.298,-0.046
recharging_rush,vindicta,against,129228,-0.434,0.189,-0.356
refresher,vindicta,against,95811,0.183,0.213,0.144
rescue_beam,vindicta,against,38743,0.553,0.309,0.349
restorative_locket,vindicta,against,74054,0.203,0.248,0.148
restorative_shot,vindicta,against,221585,0.206,0.151,0.181
return_fire,vindicta,against,12018,-0.234,0.449,-0.105
ricochet,vindicta,against,192922,-0.056,0.160,-0.048
rusted_barrel,vindicta,against,34112,0.057,0.330,0.034
scourge,vindicta,against,55718,-0.160,0.264,-0.112
shadow_weave,vindicta,against,28903,0.131,0.343,0.076
sharpshooter,vindicta,against,57560,1.478,0.266,1.031
silence_wave,vindicta,against,13181,0.034,0.435,0.016
silencer,vindicta,against,102989,0.510,0.199,0.410
siphon_bullets,vindicta,against,85194,0.476,0.221,0.366
slowing_bullets,vindicta,against,60818,-0.024,0.260,-0.017
slowing_hex,vindicta,against,160148,0.120,0.180,0.100
spellbreaker,vindicta,against,67158,-0.378,0.239,-0.281
spellslinger,vindicta,against,39330,-0.572,0.296,-0.373
spirit_burn,vindicta,against,286638,0.278,0.127,0.253
spirit_lifesteal,vindicta,against,317479,-0.355,0.131,-0.322
spirit_rend,vindicta,against,69235,0.752,0.243,0.552
spirit_resilience,vindicta,against,285638,0.104,0.131,0.094
spirit_sap,vindicta,against,34881,0.478,0.315,0.298
spirit_shielding,vindicta,against,123824,0.301,0.197,0.243
spirit_shredder_bullets,vindicta,against,84486,0.208,0.230,0.158
spirit_snatch,vindicta,against,215292,0.344,0.153,0.301
spirit_strike,vindicta,against,219446,0.234,0.152,0.205
spiritual_overflow,vindicta,against,164982,-0.143,0.173,-0.121
split_shot,vindicta,against,37089,-0.138,0.314,-0.086
sprint_boots,vindicta,against,444879,-0.266,0.109,-0.248
stalker,vindicta,against,199843,0.104,0.155,0.091
stamina_mastery,vindicta,against,259816,0.241,0.134,0.217
superior_cooldown,vindicta,against,511417,0.086,0.101,0.081
superior_duration,vindicta,against,340564,-0.452,0.122,-0.414
suppressor,vindicta,against,70327,0.355,0.245,0.259
surge_of_power,vindicta,against,180498,-0.004,0.169,-0.003
swift_striker,vindicta,against,271663,0.417,0.136,0.375
tankbuster,vindicta,against,463777,-0.094,0.106,-0.088
tesla_bullets,vindicta,against,103513,-0.243,0.213,-0.190
titanic_magazine,vindicta,against,185277,0.596,0.164,0.511
torment_pulse,vindicta,against,182989,-0.392,0.162,-0.338
toxic_bullets,vindicta,against,140008,0.261,0.183,0.217
transcendent_cooldown,vindicta,against,316325,-0.029,0.120,-0.026
trophy_collector,vindicta,against,336304,-0.022,0.126,-0.020
unstoppable,vindicta,against,110587,0.298,0.205,0.237
vampiric_burst,vindicta,against,88333,0.476,0.225,0.364
veil_walker,vindicta,against,89506,0.360,0.239,0.267
vortex_web,vindicta,against,38620,0.098,0.304,0.063
warp_stone,vindicta,against,111177,-0.760,0.202,-0.608
weakening_headshot,vindicta,against,99262,0.184,0.223,0.141
weapon_shielding,vindicta,against,31177,-0.094,0.334,-0.056
weighted_shots,vindicta,against,79151,0.056,0.236,0.042
witchmail,vindicta,against,82423,-0.145,0.219,-0.112
active_reload,viscous,against,40626,0.294,0.308,0.186
alchemical_fire,viscous,against,18401,0.402,0.399,0.204
arcane_surge,viscous,against,84910,-0.403,0.231,-0.304
arctic_blast,viscous,against,55817,-0.391,0.274,-0.268
armor_piercing_rounds,viscous,against,10986,0.338,0.441,0.154
ballistic_enchantment,viscous,against,33703,0.661,0.336,0.391
battle_vest,viscous,against,80207,0.760,0.247,0.554
berserker,viscous,against,64061,0.046,0.263,0.032
blood_tribute,viscous,against,11398,0.318,0.465,0.137
boundless_spirit,viscous,against,302511,-0.284,0.130,-0.257
bullet_lifesteal,viscous,against,105359,0.177,0.219,0.136
bullet_resilience,viscous,against,29958,0.065,0.336,0.039
bullet_resist_shredder,viscous,against,96000,0.378,0.222,0.290
burst_fire,viscous,against,101585,0.306,0.216,0.238
capacitor,viscous,against,39757,0.886,0.307,0.562
cheat_death,viscous,against,24114,-0.737,0.359,-0.412
close_quarters,viscous,against,146311,-0.203,0.183,-0.169
cold_front,viscous,against,97330,-0.149,0.221,-0.114
colossus,viscous,against,22843,-1.127,0.350,-0.645
compress_cooldown,viscous,against,279695,-0.295,0.141,-0.263
counterspell,viscous,against,73390,-0.243,0.251,-0.175
crippling_headshot,viscous,against,50787,0.370,0.281,0.250
crushing_fists,viscous,against,43043,-0.441,0.287,-0.293
cultist_sacrifice,viscous,against,59988,0.235,0.261,0.166
cursed_relic,viscous,against,40242,-0.295,0.312,-0.185
debuff_reducer,viscous,against,80828,-0.955,0.241,-0.704
decay,viscous,against,18061,0.070,0.397,0.036
disarming_hex,viscous,against,22020,-1.142,0.384,-0.600
dispel_magic,viscous,against,144990,-0.165,0.194,-0.134
divine_barrier,viscous,against,33402,-0.201,0.305,-0.128
diviners_kevlar,viscous,against,38530,-1.581,0.320,-0.974
duration_extender,viscous,against,174368,-0.127,0.173,-0.107
echo_shard,viscous,against,45575,-0.285,0.292,-0.188
enchanters_emblem,viscous,against,131019,0.070,0.193,0.057
enduring_speed,viscous,against,200395,0.347,0.158,0.301
escalating_exposure,viscous,against,192079,0.157,0.161,0.136
escalating_resilience,viscous,against,22560,0.167,0.382,0.088
ethereal_shift,viscous,against,26248,0.571,0.344,0.331
express_shot,viscous,against,42261,0.748,0.307,0.475
extended_magazine,viscous,against,116696,0.242,0.208,0.191
extra_charge,viscous,against,298846,-0.140,0.136,-0.126
extra_health,viscous,against,137101,0.539,0.187,0.445
extra_regen,viscous,against,277117,0.233,0.140,0.208
extra_spirit,viscous,against,430605,-0.109,0.113,-0.101
extra_stamina,viscous,against,226838,-0.179,0.151,-0.157
fleetfoot,viscous,against,71149,1.280,0.246,0.934
focus_lens,viscous,against,12917,-0.793,0.432,-0.370
fortitude,viscous,against,99055,0.676,0.211,0.531
frenzy,viscous,against,20464,0.016,0.370,0.009
fury_trance,viscous,against,10185,-0.274,0.469,-0.117
glass_cannon,viscous,against,31875,0.765,0.321,0.470
golden_goose_egg,viscous,against,25385,-0.519,0.374,-0.280
greater_expansion,viscous,against,250385,-0.425,0.143,-0.377
grit,viscous,against,136499,-0.209,0.192,-0.170
guardian_ward,viscous,against,47292,-0.505,0.281,-0.341
headhunter,viscous,against,74185,0.256,0.250,0.185
headshot_booster,viscous,against,89458,-0.053,0.233,-0.040
healbane,viscous,against,204605,-0.518,0.162,-0.447
healing_booster,viscous,against,188110,-0.059,0.166,-0.050
healing_nova,viscous,against,18670,0.009,0.382,0.005
healing_rite,viscous,against,60592,-0.341,0.263,-0.240
healing_tempo,viscous,against,60160,-0.889,0.258,-0.632
heroic_aura,viscous,against,35532,0.125,0.315,0.078
high_velocity_rounds,viscous,against,173476,0.562,0.173,0.475
hollow_point,viscous,against,38341,0.595,0.310,0.375
hunters_aura,viscous,against,90061,0.122,0.224,0.094
improved_spirit,viscous,against,404812,-0.163,0.117,-0.150
indomitable,viscous,against,72450,-0.240,0.249,-0.174
infuser,viscous,against,45999,-0.212,0.288,-0.141
inhibitor,viscous,against,39304,1.222,0.304,0.781
intensifying_magazine,viscous,against,37738,0.009,0.322,0.006
juggernaut,viscous,against,65983,-0.324,0.243,-0.238
kinetic_dash,viscous,against,41475,-0.197,0.306,-0.125
knockdown,viscous,against,38653,-0.405,0.322,-0.248
leech,viscous,against,61426,0.212,0.261,0.150
lifestrike,viscous,against,80812,-0.979,0.231,-0.737
lightning_scroll,viscous,against,28027,-0.317,0.345,-0.184
long_range,viscous,against,47478,1.213,0.290,0.801
lucky_shot,viscous,against,36449,0.513,0.304,0.328
magic_carpet,viscous,against,11027,-0.709,0.448,-0.319
majestic_leap,viscous,against,23100,-0.119,0.367,-0.065
melee_charge,viscous,against,59635,-0.582,0.260,-0.411
melee_lifesteal,viscous,against,134055,-0.660,0.189,-0.541
mercurial_magnum,viscous,against,97393,1.015,0.223,0.778
metal_skin,viscous,against,33798,0.116,0.334,0.069
monster_rounds,viscous,against,155978,0.306,0.181,0.255
mystic_burst,viscous,against,296706,0.019,0.136,0.017
mystic_expansion,viscous,against,296654,-0.420,0.135,-0.378
mystic_regeneration,viscous,against,123555,0.254,0.200,0.204
mystic_reverb,viscous,against,99251,-0.054,0.216,-0.042
mystic_shot,viscous,against,89491,-0.472,0.231,-0.356
mystic_slow,viscous,against,40699,-1.092,0.315,-0.680
mystic_vulnerability,viscous,against,211719,-0.206,0.158,-0.178
opening_rounds,viscous,against,134396,0.566,0.194,0.460
phantom_strike,viscous,against,23485,-0.409,0.356,-0.231
plated_armor,viscous,against,52269,-0.377,0.275,-0.258
point_blank,viscous,against,80190,-0.662,0.235,-0.494
quicksilver_reload,viscous,against,168985,0.483,0.178,0.405
radiant_regeneration,viscous,against,119739,0.287,0.203,0.229
rapid_recharge,viscous,against,250226,0.101,0.146,0.090
rapid_rounds,viscous,against,174596,0.751,0.172,0.636
reactive_barrier,viscous,against,75129,-0.181,0.251,-0.131
rebuttal,viscous,against,53927,-0.178,0.297,-0.116
recharging_rush,viscous,against,80664,0.342,0.236,0.255
refresher,viscous,against,63512,-0.833,0.258,-0.593
rescue_beam,viscous,against,22342,-0.271,0.371,-0.147
restorative_locket,viscous,against,47762,0.643,0.299,0.416
restorative_shot,viscous,against,133314,0.336,0.195,0.273
return_fire,viscous,against,6967,0.797,0.534,0.291
ricochet,viscous,against,115841,0.407,0.205,0.324
rusted_barrel,viscous,against,20243,-0.719,0.395,-0.369
scourge,viscous,against,39785,0.434,0.298,0.281
shadow_weave,viscous,against,18013,-0.000,0.402,-0.000
sharpshooter,viscous,against,54732,1.082,0.276,0.738
silence_wave,viscous,against,9898,-1.465,0.474,-0.617
silencer,viscous,against,64347,0.475,0.248,0.346
siphon_bullets,viscous,against,51441,1.295,0.275,0.885
slowing_bullets,viscous,against,36631,-0.333,0.321,-0.205
slowing_hex,viscous,against,103327,-0.225,0.223,-0.173
spellbreaker,viscous,against,47794,-0.396,0.277,-0.270
spellslinger,viscous,against,28688,1.447,0.325,0.879
spirit_burn,viscous,against,181190,0.013,0.161,0.012
spirit_lifesteal,viscous,against,199222,-0.012,0.166,-0.010
spirit_rend,viscous,against,41702,0.038,0.300,0.025
spirit_resilience,viscous,against,189372,0.083,0.163,0.072
spirit_sap,viscous,against,21264,-0.426,0.376,-0.228
spirit_shielding,viscous,against,79117,-0.120,0.243,-0.088
spirit_shredder_bullets,viscous,against,50324,-0.473,0.287,-0.315
spirit_snatch,viscous,against,126176,-0.753,0.200,-0.605
spirit_strike,viscous,against,128389,-0.604,0.198,-0.487
spiritual_overflow,viscous,against,112608,0.736,0.209,0.581
split_shot,viscous,against,22830,0.445,0.376,0.239
sprint_boots,viscous,against,285374,0.056,0.139,0.051
stalker,viscous,against,124391,-0.467,0.197,-0.378
stamina_mastery,viscous,against,159158,0.342,0.173,0.290
superior_cooldown,viscous,against,318773,-0.270,0.130,-0.245
superior_duration,viscous,against,221463,-0.011,0.153,-0.010
suppressor,viscous,against,44541,0.341,0.301,0.219
surge_of_power,viscous,against,104309,0.132,0.221,0.102
swift_striker,viscous,against,175273,0.671,0.171,0.569
tankbuster,viscous,against,284654,0.007,0.138,0.006
tesla_bullets,viscous,against,62143,0.621,0.268,0.431
titanic_magazine,viscous,against,127640,0.632,0.199,0.509
torment_pulse,viscous,against,117207,0.115,0.202,0.092
toxic_bullets,viscous,against,83187,-0.084,0.233,-0.063
transcendent_cooldown,viscous,against,199530,-0.587,0.153,-0.513
trophy_collector,viscous,against,219423,-0.330,0.159,-0.286
unstoppable,viscous,against,69402,-0.175,0.253,-0.125
vampiric_burst,viscous,against,55046,1.004,0.275,0.687
veil_walker,viscous,against,55107,0.325,0.296,0.212
vortex_web,viscous,against,27393,0.251,0.347,0.145
warp_stone,viscous,against,74358,0.074,0.244,0.054
weakening_headshot,viscous,against,61959,0.559,0.274,0.383
weapon_shielding,viscous,against,17311,0.288,0.407,0.143
weighted_shots,viscous,against,47902,-0.067,0.292,-0.044
witchmail,viscous,against,57400,-0.719,0.260,-0.508
active_reload,vyper,against,46234,-0.947,0.285,-0.633
alchemical_fire,vyper,against,16721,-1.456,0.399,-0.738
arcane_surge,vyper,against,83405,0.416,0.223,0.319
arctic_blast,vyper,against,51739,-0.026,0.271,-0.018
armor_piercing_rounds,vyper,against,9750,1.180,0.451,0.526
ballistic_enchantment,vyper,against,39325,0.614,0.308,0.389
battle_vest,vyper,against,89423,-0.320,0.226,-0.244
berserker,vyper,against,64307,0.051,0.251,0.036
blood_tribute,vyper,against,10933,-0.102,0.466,-0.044
boundless_spirit,vyper,against,291300,0.385,0.125,0.351
bullet_lifesteal,vyper,against,106521,0.428,0.209,0.338
bullet_resilience,vyper,against,36456,-0.192,0.304,-0.123
bullet_resist_shredder,vyper,against,92933,-1.002,0.217,-0.779
burst_fire,vyper,against,94352,-0.706,0.215,-0.550
capacitor,vyper,against,37994,0.137,0.303,0.088
cheat_death,vyper,against,21559,0.177,0.360,0.098
close_quarters,vyper,against,139959,0.020,0.179,0.017
cold_front,vyper,against,92435,-0.400,0.216,-0.312
colossus,vyper,against,21893,0.200,0.345,0.116
compress_cooldown,vyper,against,271535,0.005,0.135,0.005
counterspell,vyper,against,67359,-1.095,0.249,-0.794
crippling_headshot,vyper,against,47713,-0.671,0.275,-0.459
crushing_fists,vyper,against,47567,0.501,0.268,0.348
cultist_sacrifice,vyper,against,60858,0.282,0.251,0.204
cursed_relic,vyper,against,33766,-0.752,0.319,-0.463
debuff_reducer,vyper,against,76400,-0.810,0.240,-0.600
decay,vyper,against,16283,-0.537,0.397,-0.273
disarming_hex,vyper,against,32946,-1.274,0.330,-0.765
dispel_magic,vyper,against,138711,-0.188,0.189,-0.154
divine_barrier,vyper,against,29043,-0.096,0.314,-0.060
diviners_kevlar,vyper,against,35359,-0.292,0.313,-0.183
duration_extender,vyper,against,167629,0.276,0.168,0.235
echo_shard,vyper,against,43767,0.309,0.285,0.207
enchanters_emblem,vyper,against,125668,0.073,0.189,0.060
enduring_speed,vyper,against,201972,0.111,0.150,0.098
escalating_exposure,vyper,against,181340,-0.001,0.158,-0.001
escalating_resilience,vyper,against,25155,0.112,0.356,0.063
ethereal_shift,vyper,against,24130,-0.899,0.344,-0.522
express_shot,vyper,against,44383,-0.214,0.289,-0.142
extended_magazine,vyper,against,119317,0.171,0.196,0.138
extra_charge,vyper,against,293374,-0.215,0.130,-0.195
extra_health,vyper,against,140919,-0.102,0.177,-0.085
extra_regen,vyper,against,271210,-0.018,0.134,-0.016
extra_spirit,vyper,against,422998,0.225,0.109,0.210
extra_stamina,vyper,against,221910,-0.220,0.145,-0.195
fleetfoot,vyper,against,71742,-0.731,0.236,-0.545
focus_lens,vyper,against,11753,0.039,0.435,0.018
fortitude,vyper,against,98594,-0.149,0.204,-0.119
frenzy,vyper,against,19458,0.031,0.370,0.017
fury_trance,vyper,against,12342,-1.185,0.433,-0.552
glass_cannon,vyper,against,29683,-0.420,0.321,-0.258
golden_goose_egg,vyper,against,24712,0.397,0.365,0.219
greater_expansion,vyper,against,247203,0.073,0.137,0.066
grit,vyper,against,129331,-0.298,0.189,-0.244
guardian_ward,vyper,against,42180,0.012,0.285,0.008
headhunter,vyper,against,71197,0.446,0.244,0.327
headshot_booster,vyper,against,88535,0.384,0.223,0.294
healbane,vyper,against,197322,-0.138,0.157,-0.120
healing_booster,vyper,against,183655,0.030,0.159,0.026
healing_nova,vyper,against,16665,0.861,0.389,0.448
healing_rite,vyper,against,58096,0.567,0.259,0.402
healing_tempo,vyper,against,55914,-0.289,0.255,-0.207
heroic_aura,vyper,against,34877,-0.011,0.307,-0.007
high_velocity_rounds,vyper,against,169865,-0.145,0.166,-0.124
hollow_point,vyper,against,41526,0.057,0.292,0.038
hunters_aura,vyper,against,88012,-0.661,0.219,-0.512
improved_spirit,vyper,against,393275,0.432,0.112,0.401
indomitable,vyper,against,69354,-0.075,0.243,-0.055
infuser,vyper,against,45561,-0.217,0.278,-0.147
inhibitor,vyper,against,36607,-0.459,0.304,-0.294
intensifying_magazine,vyper,against,37466,1.536,0.310,0.968
juggernaut,vyper,against,67783,-0.745,0.230,-0.562
kinetic_dash,vyper,against,41658,-0.821,0.293,-0.538
knockdown,vyper,against,31196,0.073,0.333,0.043
leech,vyper,against,57722,0.688,0.256,0.492
lifestrike,vyper,against,86051,0.565,0.218,0.438
lightning_scroll,vyper,against,25642,0.288,0.342,0.168
long_range,vyper,against,45153,-0.045,0.284,-0.030
lucky_shot,vyper,against,34677,-0.131,0.298,-0.085
magic_carpet,vyper,against,11025,0.087,0.441,0.040
majestic_leap,vyper,against,22715,-0.149,0.359,-0.084
melee_charge,vyper,against,65390,0.564,0.245,0.413
melee_lifesteal,vyper,against,138626,0.084,0.180,0.070
mercurial_magnum,vyper,against,84947,0.618,0.226,0.471
metal_skin,vyper,against,45499,-0.740,0.289,-0.490
monster_rounds,vyper,against,157589,0.421,0.172,0.356
mystic_burst,vyper,against,298247,0.098,0.128,0.089
mystic_expansion,vyper,against,300296,0.050,0.127,0.045
mystic_regeneration,vyper,against,119896,0.129,0.193,0.105
mystic_reverb,vyper,against,92851,-0.004,0.211,-0.003
mystic_shot,vyper,against,91886,0.620,0.218,0.480
mystic_slow,vyper,against,38795,-0.493,0.306,-0.314
mystic_vulnerability,vyper,against,203837,-0.318,0.153,-0.278
opening_rounds,vyper,against,129229,0.180,0.188,0.148
phantom_strike,vyper,against,21422,0.534,0.358,0.300
plated_armor,vyper,against,66508,-1.485,0.244,-1.090
point_blank,vyper,against,79124,0.597,0.228,0.453
quicksilver_reload,vyper,against,161225,0.431,0.173,0.364
radiant_regeneration,vyper,against,116081,0.271,0.196,0.220
rapid_recharge,vyper,against,244251,-0.171,0.140,-0.153
rapid_rounds,vyper,against,171142,-0.302,0.166,-0.258
reactive_barrier,vyper,against,73160,0.154,0.244,0.113
rebuttal,vyper,against,25664,-0.540,0.356,-0.305
recharging_rush,vyper,against,81765,0.589,0.225,0.450
refresher,vyper,against,58331,-0.126,0.255,-0.090
rescue_beam,vyper,against,22960,0.085,0.359,0.047
restorative_locket,vyper,against,46031,0.184,0.291,0.121
restorative_shot,vyper,against,134854,0.236,0.186,0.195
return_fire,vyper,against,12728,-0.938,0.441,-0.428
ricochet,vyper,against,116196,0.526,0.198,0.424
rusted_barrel,vyper,against,28048,-1.626,0.347,-0.937
scourge,vyper,against,35154,0.072,0.305,0.046
shadow_weave,vyper,against,16811,-0.864,0.403,-0.434
sharpshooter,vyper,against,52410,-0.109,0.270,-0.076
silence_wave,vyper,against,8171,-0.628,0.487,-0.256
silencer,vyper,against,58971,-0.261,0.249,-0.190
siphon_bullets,vyper,against,50854,-0.319,0.268,-0.222
slowing_bullets,vyper,against,38029,0.400,0.308,0.253
slowing_hex,vyper,against,101030,-0.913,0.215,-0.712
spellbreaker,vyper,against,38561,0.087,0.290,0.058
spellslinger,vyper,against,27833,-0.250,0.321,-0.154
spirit_burn,vyper,against,173173,0.132,0.156,0.115
spirit_lifesteal,vyper,against,193985,0.174,0.160,0.151
spirit_rend,vyper,against,42905,0.546,0.289,0.361
spirit_resilience,vyper,against,170581,-0.198,0.162,-0.171
spirit_sap,vyper,against,22177,-0.845,0.361,-0.470
spirit_shielding,vyper,against,74051,-0.431,0.237,-0.321
spirit_shredder_bullets,vyper,against,52089,0.785,0.273,0.539
spirit_snatch,vyper,against,130350,0.022,0.187,0.018
spirit_strike,vyper,against,131623,-0.296,0.187,-0.244
spiritual_overflow,vyper,against,104450,0.614,0.207,0.487
split_shot,vyper,against,13167,0.496,0.438,0.228
sprint_boots,vyper,against,277241,-0.165,0.133,-0.149
stalker,vyper,against,122174,-0.256,0.190,-0.210
stamina_mastery,vyper,against,154087,0.084,0.167,0.072
superior_cooldown,vyper,against,307881,-0.057,0.125,-0.052
superior_duration,vyper,against,210627,-0.006,0.150,-0.005
suppressor,vyper,against,48850,-0.260,0.278,-0.176
surge_of_power,vyper,against,107732,0.607,0.209,0.480
swift_striker,vyper,against,178446,-0.221,0.162,-0.190
tankbuster,vyper,against,284248,0.145,0.130,0.131
tesla_bullets,vyper,against,57472,0.360,0.267,0.251
titanic_magazine,vyper,against,129622,0.010,0.189,0.008
torment_pulse,vyper,against,111877,0.155,0.196,0.126
toxic_bullets,vyper,against,83593,1.074,0.224,0.822
transcendent_cooldown,vyper,against,188995,0.056,0.150,0.049
trophy_collector,vyper,against,207514,-0.189,0.155,-0.165
unstoppable,vyper,against,68922,-0.922,0.245,-0.674
vampiric_burst,vyper,against,53583,-0.024,0.268,-0.017
veil_walker,vyper,against,54099,-0.887,0.284,-0.594
vortex_web,vyper,against,24023,-1.083,0.353,-0.616
warp_stone,vyper,against,72094,0.001,0.239,0.001
weakening_headshot,vyper,against,62424,-0.491,0.262,-0.346
weapon_shielding,vyper,against,20635,0.121,0.376,0.065
weighted_shots,vyper,against,49257,0.504,0.280,0.341
witchmail,vyper,against,50009,-0.220,0.262,-0.155
active_reload,warden,against,42862,0.160,0.310,0.101
alchemical_fire,warden,against,14592,0.002,0.430,0.001
arcane_surge,warden,against,74665,0.085,0.248,0.062
arctic_blast,warden,against,47258,0.373,0.295,0.243
armor_piercing_rounds,warden,against,10355,0.588,0.452,0.261
ballistic_enchantment,warden,against,35774,0.581,0.336,0.344
battle_vest,warden,against,77342,-0.022,0.259,-0.016
berserker,warden,against,57231,0.401,0.280,0.271
blood_tribute,warden,against,9377,0.667,0.497,0.266
boundless_spirit,warden,against,267957,0.303,0.141,0.270
bullet_lifesteal,warden,against,104339,-0.316,0.227,-0.240
bullet_resilience,warden,against,28939,-1.012,0.347,-0.583
bullet_resist_shredder,warden,against,87458,-0.063,0.236,-0.047
burst_fire,warden,against,98586,0.238,0.225,0.182
capacitor,warden,against,37154,0.133,0.320,0.081
cheat_death,warden,against,20087,-0.073,0.385,-0.039
close_quarters,warden,against,139827,-0.428,0.193,-0.349
cold_front,warden,against,84550,0.087,0.240,0.065
colossus,warden,against,21916,0.047,0.358,0.026
compress_cooldown,warden,against,250696,0.019,0.152,0.017
counterspell,warden,against,62761,0.593,0.271,0.409
crippling_headshot,warden,against,46992,-0.566,0.294,-0.370
crushing_fists,warden,against,48149,-0.278,0.283,-0.187
cultist_sacrifice,warden,against,55737,0.257,0.278,0.175
cursed_relic,warden,against,30580,0.433,0.346,0.250
debuff_reducer,warden,against,71621,0.334,0.259,0.237
decay,warden,against,15521,-0.113,0.422,-0.054
disarming_hex,warden,against,18846,-0.435,0.413,-0.213
dispel_magic,warden,against,144294,0.322,0.201,0.259
divine_barrier,warden,against,26475,0.054,0.336,0.032
diviners_kevlar,warden,against,32420,-0.114,0.334,-0.068
duration_extender,warden,against,154901,0.329,0.186,0.272
echo_shard,warden,against,39986,-0.168,0.310,-0.106
enchanters_emblem,warden,against,115802,-0.328,0.211,-0.258
enduring_speed,warden,against,179705,-0.172,0.171,-0.146
escalating_exposure,warden,against,174185,0.247,0.173,0.208
escalating_resilience,warden,against,23849,-1.407,0.380,-0.748
ethereal_shift,warden,against,23167,0.350,0.361,0.195
express_shot,warden,against,38548,-0.456,0.322,-0.280
extended_magazine,warden,against,102746,-0.362,0.223,-0.278
extra_charge,warden,against,271008,0.097,0.146,0.086
extra_health,warden,against,128907,-0.374,0.198,-0.302
extra_regen,warden,against,247010,0.200,0.152,0.175
extra_spirit,warden,against,392895,0.364,0.122,0.333
extra_stamina,warden,against,201747,0.105,0.164,0.090
fleetfoot,warden,against,56586,0.698,0.274,0.479
focus_lens,warden,against,11086,-0.021,0.459,-0.009
fortitude,warden,against,90962,-0.106,0.224,-0.081
frenzy,warden,against,18166,-0.393,0.385,-0.206
fury_trance,warden,against,11057,0.221,0.464,0.095
glass_cannon,warden,against,29209,-0.767,0.334,-0.456
golden_goose_egg,warden,against,24664,0.320,0.388,0.166
greater_expansion,warden,against,226823,0.242,0.153,0.212
grit,warden,against,120752,0.624,0.208,0.494
guardian_ward,warden,against,37313,0.284,0.311,0.178
headhunter,warden,against,60607,0.047,0.275,0.032
headshot_booster,warden,against,75855,0.093,0.252,0.067
healbane,warden,against,180374,0.575,0.177,0.483
healing_booster,warden,against,166573,-0.033,0.181,-0.027
healing_nova,warden,against,15285,0.376,0.416,0.183
healing_rite,warden,against,54393,-0.108,0.281,-0.073
healing_tempo,warden,against,53348,0.355,0.275,0.242
heroic_aura,warden,against,30442,-0.452,0.335,-0.268
high_velocity_rounds,warden,against,143748,0.044,0.192,0.036
hollow_point,warden,against,36482,-0.367,0.320,-0.226
hunters_aura,warden,against,76905,-0.139,0.245,-0.102
improved_spirit,warden,against,364326,0.139,0.127,0.127
indomitable,warden,against,67169,-0.276,0.260,-0.195
infuser,warden,against,44360,0.373,0.297,0.242
inhibitor,warden,against,36032,0.033,0.321,0.020
intensifying_magazine,warden,against,36744,-0.506,0.328,-0.306
juggernaut,warden,against,59562,-0.710,0.258,-0.505
kinetic_dash,warden,against,35704,-0.979,0.332,-0.585
knockdown,warden,against,32123,-0.386,0.345,-0.223
leech,warden,against,58307,-0.323,0.273,-0.222
lifestrike,warden,against,78447,-0.574,0.240,-0.425
lightning_scroll,warden,against,24887,-0.694,0.361,-0.387
long_range,warden,against,40398,0.276,0.313,0.173
lucky_shot,warden,against,34160,-0.236,0.313,-0.147
magic_carpet,warden,against,9333,0.495,0.471,0.210
majestic_leap,warden,against,19822,0.074,0.389,0.039
melee_charge,warden,against,63700,-0.479,0.263,-0.337
melee_lifesteal,warden,against,123927,-0.674,0.202,-0.539
mercurial_magnum,warden,against,82534,0.133,0.244,0.097
metal_skin,warden,against,25385,0.236,0.375,0.127
monster_rounds,warden,against,146638,0.238,0.192,0.195
mystic_burst,warden,against,267719,-0.191,0.147,-0.169
mystic_expansion,warden,against,270873,-0.049,0.145,-0.043
mystic_regeneration,warden,against,110181,-0.186,0.217,-0.145
mystic_reverb,warden,against,86203,-0.168,0.232,-0.127
mystic_shot,warden,against,80005,-0.786,0.248,-0.572
mystic_slow,warden,against,36034,-0.556,0.330,-0.334
mystic_vulnerability,warden,against,191963,0.337,0.170,0.286
opening_rounds,warden,against,108577,-0.060,0.218,-0.047
phantom_strike,warden,against,21997,-0.197,0.371,-0.107
plated_armor,warden,against,44748,0.077,0.301,0.050
point_blank,warden,against,79050,-0.893,0.246,-0.652
quicksilver_reload,warden,against,151293,-0.204,0.192,-0.166
radiant_regeneration,warden,against,106753,-0.074,0.220,-0.057
rapid_recharge,warden,against,228517,0.293,0.157,0.254
rapid_rounds,warden,against,162083,-0.159,0.182,-0.132
reactive_barrier,warden,against,69134,0.103,0.265,0.072
rebuttal,warden,against,21674,1.167,0.390,0.605
recharging_rush,warden,against,71782,0.453,0.253,0.326
refresher,warden,against,54490,0.365,0.276,0.249
rescue_beam,warden,against,21075,0.403,0.386,0.211
restorative_locket,warden,against,40823,0.525,0.324,0.320
restorative_shot,warden,against,119514,-0.524,0.210,-0.412
return_fire,warden,against,6315,-0.067,0.552,-0.023
ricochet,warden,against,114623,0.337,0.213,0.264
rusted_barrel,warden,against,17270,-0.776,0.418,-0.375
scourge,warden,against,36103,-0.128,0.315,-0.080
shadow_weave,warden,against,14982,0.106,0.430,0.050
sharpshooter,warden,against,46869,-0.059,0.298,-0.038
silence_wave,warden,against,7809,0.838,0.513,0.321
silencer,warden,against,58944,0.185,0.260,0.131
siphon_bullets,warden,against,46873,0.387,0.291,0.255
slowing_bullets,warden,against,33450,-0.383,0.336,-0.227
slowing_hex,warden,against,84713,0.082,0.245,0.060
spellbreaker,warden,against,40874,0.060,0.300,0.039
spellslinger,warden,against,23771,0.694,0.350,0.397
spirit_burn,warden,against,158120,-0.151,0.175,-0.128
spirit_lifesteal,warden,against,182532,0.034,0.178,0.029
spirit_rend,warden,against,40570,-0.919,0.313,-0.576
spirit_resilience,warden,against,162412,-0.027,0.179,-0.022
spirit_sap,warden,against,19895,-0.469,0.394,-0.241
spirit_shielding,warden,against,70777,0.406,0.259,0.288
spirit_shredder_bullets,warden,against,47510,-0.618,0.299,-0.399
spirit_snatch,warden,against,117230,-0.299,0.211,-0.235
spirit_strike,warden,against,117245,-0.377,0.212,-0.296
spiritual_overflow,warden,against,96722,0.684,0.228,0.519
split_shot,warden,against,20981,0.861,0.389,0.448
sprint_boots,warden,against,249718,0.234,0.151,0.205
stalker,warden,against,107493,-0.551,0.214,-0.430
stamina_mastery,warden,against,142139,0.042,0.186,0.034
superior_cooldown,warden,against,284981,-0.210,0.141,-0.188
superior_duration,warden,against,195356,0.487,0.166,0.417
suppressor,warden,against,39446,-0.434,0.321,-0.266
surge_of_power,warden,against,99845,0.185,0.231,0.140
swift_striker,warden,against,161873,-0.049,0.182,-0.041
tankbuster,warden,against,255781,-0.033,0.149,-0.029
tesla_bullets,warden,against,58457,-0.244,0.280,-0.165
titanic_magazine,warden,against,109007,-0.202,0.218,-0.156
torment_pulse,warden,against,107110,0.291,0.215,0.227
toxic_bullets,warden,against,78522,-0.060,0.247,-0.043
transcendent_cooldown,warden,against,179578,-0.454,0.165,-0.389
trophy_collector,warden,against,190073,0.064,0.174,0.054
unstoppable,warden,against,63750,0.256,0.266,0.179
vampiric_burst,warden,against,53388,-0.039,0.285,-0.026
veil_walker,warden,against,46264,0.223,0.315,0.139
vortex_web,warden,against,21250,-0.557,0.377,-0.298
warp_stone,warden,against,65229,0.326,0.263,0.229
weakening_headshot,warden,against,60065,-0.168,0.282,-0.113
weapon_shielding,warden,against,16017,-0.549,0.424,-0.261
weighted_shots,warden,against,43920,-0.727,0.308,-0.460
witchmail,warden,against,49806,-0.763,0.279,-0.517
active_reload,wraith,against,84103,-0.351,0.235,-0.262
alchemical_fire,wraith,against,28513,0.910,0.344,0.528
arcane_surge,wraith,against,141668,-0.577,0.184,-0.478
arctic_blast,wraith,against,84892,0.105,0.231,0.079
armor_piercing_rounds,wraith,against,17878,-0.232,0.379,-0.124
ballistic_enchantment,wraith,against,65932,0.433,0.265,0.302
battle_vest,wraith,against,146022,0.446,0.191,0.365
berserker,wraith,against,107717,-0.290,0.212,-0.228
blood_tribute,wraith,against,19710,-0.900,0.403,-0.452
boundless_spirit,wraith,against,485457,0.265,0.103,0.249
bullet_lifesteal,wraith,against,187202,0.677,0.171,0.575
bullet_resilience,wraith,against,49916,-0.254,0.277,-0.172
bullet_resist_shredder,wraith,against,163421,0.018,0.175,0.015
burst_fire,wraith,against,180503,0.008,0.168,0.007
capacitor,wraith,against,57918,0.111,0.269,0.077
cheat_death,wraith,against,36531,-1.466,0.315,-0.913
close_quarters,wraith,against,249757,0.056,0.142,0.050
cold_front,wraith,against,155335,-0.328,0.179,-0.274
colossus,wraith,against,37387,0.466,0.294,0.305
compress_cooldown,wraith,against,462691,0.208,0.110,0.193
counterspell,wraith,against,125135,-0.390,0.199,-0.314
crippling_headshot,wraith,against,82858,0.081,0.230,0.061
crushing_fists,wraith,against,79830,0.767,0.226,0.585
cultist_sacrifice,wraith,against,105134,-0.437,0.207,-0.346
cursed_relic,wraith,against,62431,-0.402,0.265,-0.281
debuff_reducer,wraith,against,136717,-0.574,0.193,-0.467
decay,wraith,against,27699,-0.985,0.348,-0.566
disarming_hex,wraith,against,44797,0.762,0.308,0.483
dispel_magic,wraith,against,217458,-0.671,0.160,-0.580
divine_barrier,wraith,against,49581,-0.487,0.266,-0.340
diviners_kevlar,wraith,against,61366,-0.417,0.265,-0.292
duration_extender,wraith,against,286564,-0.392,0.136,-0.352
echo_shard,wraith,against,73774,0.172,0.242,0.127
enchanters_emblem,wraith,against,211909,-0.242,0.156,-0.211
enduring_speed,wraith,against,340302,-0.146,0.123,-0.133
escalating_exposure,wraith,against,314010,-0.247,0.128,-0.225
escalating_resilience,wraith,against,41232,0.622,0.311,0.391
ethereal_shift,wraith,against,43887,-0.385,0.288,-0.256
express_shot,wraith,against,72270,0.506,0.248,0.368
extended_magazine,wraith,against,199898,0.211,0.161,0.182
extra_charge,wraith,against,501473,0.168,0.105,0.158
extra_health,wraith,against,228280,0.241,0.147,0.213
extra_regen,wraith,against,452848,-0.416,0.110,-0.388
extra_spirit,wraith,against,715073,-0.039,0.088,-0.037
extra_stamina,wraith,against,388014,-0.117,0.116,-0.108
fleetfoot,wraith,against,124321,-0.486,0.194,-0.396
focus_lens,wraith,against,21059,-0.563,0.376,-0.302
fortitude,wraith,against,165105,0.256,0.167,0.219
frenzy,wraith,against,34158,0.351,0.312,0.220
fury_trance,wraith,against,21524,-0.212,0.377,-0.113
glass_cannon,wraith,against,51908,0.975,0.266,0.681
golden_goose_egg,wraith,against,43479,-0.269,0.313,-0.168
greater_expansion,wraith,against,419104,-0.056,0.111,-0.052
grit,wraith,against,232253,-0.572,0.150,-0.503
guardian_ward,wraith,against,71282,-0.543,0.241,-0.401
headhunter,wraith,against,120756,-0.083,0.202,-0.067
headshot_booster,wraith,against,149889,0.160,0.184,0.133
healbane,wraith,against,337179,-0.020,0.127,-0.018
healing_booster,wraith,against,300160,0.088,0.132,0.080
healing_nova,wraith,against,27193,0.342,0.344,0.198
healing_rite,wraith,against,97493,-0.019,0.219,-0.015
healing_tempo,wraith,against,92321,0.362,0.217,0.282
heroic_aura,wraith,against,57620,-0.903,0.260,-0.639
high_velocity_rounds,wraith,against,284829,0.054,0.136,0.049
hollow_point,wraith,against,69491,0.925,0.248,0.672
hunters_aura,wraith,against,144678,0.113,0.183,0.094
improved_spirit,wraith,against,665190,-0.017,0.091,-0.016
indomitable,wraith,against,129711,-0.045,0.194,-0.037
infuser,wraith,against,78752,-0.382,0.234,-0.286
inhibitor,wraith,against,61943,-0.224,0.256,-0.160
intensifying_magazine,wraith,against,63454,-0.168,0.263,-0.118
juggernaut,wraith,against,110205,-0.502,0.194,-0.408
kinetic_dash,wraith,against,71020,0.157,0.251,0.113
knockdown,wraith,against,53516,1.478,0.287,0.983
leech,wraith,against,91510,0.354,0.223,0.272
lifestrike,wraith,against,142744,0.378,0.181,0.315
lightning_scroll,wraith,against,44871,0.242,0.293,0.159
long_range,wraith,against,78346,0.294,0.238,0.218
lucky_shot,wraith,against,60898,0.542,0.247,0.395
magic_carpet,wraith,against,17305,0.099,0.392,0.051
majestic_leap,wraith,against,39292,-0.874,0.305,-0.557
melee_charge,wraith,against,110681,0.462,0.203,0.369
melee_lifesteal,wraith,against,230637,0.066,0.148,0.059
mercurial_magnum,wraith,against,134264,0.304,0.193,0.248
metal_skin,wraith,against,48322,0.165,0.288,0.109
monster_rounds,wraith,against,246433,-0.013,0.145,-0.012
mystic_burst,wraith,against,508466,-0.030,0.104,-0.028
mystic_expansion,wraith,against,508513,0.093,0.104,0.087
mystic_regeneration,wraith,against,199490,0.683,0.161,0.590
mystic_reverb,wraith,against,159709,0.112,0.175,0.095
mystic_shot,wraith,against,156328,0.273,0.180,0.228
mystic_slow,wraith,against,66118,0.417,0.262,0.294
mystic_vulnerability,wraith,against,351458,-0.184,0.124,-0.168
opening_rounds,wraith,against,215659,0.198,0.156,0.172
phantom_strike,wraith,against,38678,0.346,0.302,0.222
plated_armor,wraith,against,96367,0.069,0.216,0.054
point_blank,wraith,against,137740,0.443,0.187,0.365
quicksilver_reload,wraith,against,262615,0.190,0.144,0.168
radiant_regeneration,wraith,against,191593,0.560,0.163,0.482
rapid_recharge,wraith,against,417139,0.258,0.114,0.239
rapid_rounds,wraith,against,285918,-0.214,0.135,-0.192
reactive_barrier,wraith,against,139136,-0.015,0.194,-0.013
rebuttal,wraith,against,45373,-0.032,0.304,-0.020
recharging_rush,wraith,against,128054,0.407,0.194,0.330
refresher,wraith,against,104064,-0.545,0.208,-0.431
rescue_beam,wraith,against,39215,0.151,0.312,0.095
restorative_locket,wraith,against,76053,-0.359,0.250,-0.260
restorative_shot,wraith,against,224312,0.213,0.153,0.187
return_fire,wraith,against,13507,0.834,0.441,0.382
ricochet,wraith,against,183202,-0.185,0.167,-0.158
rusted_barrel,wraith,against,40991,0.304,0.314,0.190
scourge,wraith,against,60195,-0.573,0.258,-0.407
shadow_weave,wraith,against,28781,-0.328,0.350,-0.188
sharpshooter,wraith,against,89966,0.519,0.225,0.396
silence_wave,wraith,against,14772,-1.004,0.422,-0.481
silencer,wraith,against,108838,0.007,0.199,0.006
siphon_bullets,wraith,against,89276,-0.406,0.221,-0.313
slowing_bullets,wraith,against,63832,0.231,0.258,0.164
slowing_hex,wraith,against,187373,-0.249,0.171,-0.211
spellbreaker,wraith,against,69576,-0.806,0.237,-0.600
spellslinger,wraith,against,45119,0.307,0.277,0.209
spirit_burn,wraith,against,296780,0.082,0.127,0.075
spirit_lifesteal,wraith,against,317662,0.219,0.133,0.198
spirit_rend,wraith,against,66871,0.144,0.252,0.103
spirit_resilience,wraith,against,309026,-0.056,0.128,-0.051
spirit_sap,wraith,against,38459,0.076,0.309,0.048
spirit_shielding,wraith,against,132561,-0.559,0.193,-0.456
spirit_shredder_bullets,wraith,against,82532,0.406,0.236,0.303
spirit_snatch,wraith,against,220422,0.047,0.154,0.041
spirit_strike,wraith,against,221972,0.146,0.154,0.127
spiritual_overflow,wraith,against,168488,0.094,0.174,0.079
split_shot,wraith,against,34128,-0.592,0.333,-0.353
sprint_boots,wraith,against,471439,-0.054,0.108,-0.051
stalker,wraith,against,203148,0.154,0.157,0.134
stamina_mastery,wraith,against,271284,0.293,0.134,0.264
superior_cooldown,wraith,against,524273,0.133,0.101,0.125
superior_duration,wraith,against,358585,-0.412,0.121,-0.378
suppressor,wraith,against,80038,0.156,0.236,0.116
surge_of_power,wraith,against,158906,0.364,0.184,0.302
swift_striker,wraith,against,294917,0.122,0.133,0.110
tankbuster,wraith,against,481290,-0.164,0.106,-0.153
tesla_bullets,wraith,against,82763,-0.451,0.239,-0.334
titanic_magazine,wraith,against,217986,0.245,0.155,0.214
torment_pulse,wraith,against,188448,-0.643,0.162,-0.554
toxic_bullets,wraith,against,143098,-0.126,0.185,-0.104
transcendent_cooldown,wraith,against,319034,0.294,0.122,0.270
trophy_collector,wraith,against,354627,-0.179,0.126,-0.163
unstoppable,wraith,against,124632,-0.514,0.199,-0.415
vampiric_burst,wraith,against,101494,0.288,0.215,0.225
veil_walker,wraith,against,91147,-0.583,0.242,-0.430
vortex_web,wraith,against,41910,-0.583,0.298,-0.378
warp_stone,wraith,against,121503,-0.462,0.197,-0.373
weakening_headshot,wraith,against,109733,0.415,0.217,0.322
weapon_shielding,wraith,against,27805,-0.535,0.351,-0.305
weighted_shots,wraith,against,83027,0.410,0.233,0.308
witchmail,wraith,against,89221,-0.303,0.216,-0.236
active_reload,yamato,against,63287,-0.206,0.258,-0.146
alchemical_fire,yamato,against,25635,-0.486,0.355,-0.275
arcane_surge,yamato,against,125496,-0.225,0.192,-0.184
arctic_blast,yamato,against,88678,-0.254,0.223,-0.195
armor_piercing_rounds,yamato,against,16471,0.056,0.386,0.029
ballistic_enchantment,yamato,against,54823,-0.166,0.281,-0.112
battle_vest,yamato,against,127959,-0.067,0.199,-0.054
berserker,yamato,against,97517,0.418,0.220,0.322
blood_tribute,yamato,against,16911,-0.489,0.416,-0.237
boundless_spirit,yamato,against,438944,-0.074,0.105,-0.069
bullet_lifesteal,yamato,against,160099,0.251,0.179,0.210
bullet_resilience,yamato,against,39715,1.208,0.296,0.787
bullet_resist_shredder,yamato,against,148429,-0.282,0.182,-0.234
burst_fire,yamato,against,156861,-0.247,0.174,-0.208
capacitor,yamato,against,57320,0.070,0.261,0.049
cheat_death,yamato,against,33776,1.506,0.314,0.940
close_quarters,yamato,against,230261,0.293,0.147,0.259
cold_front,yamato,against,154442,-0.240,0.177,-0.201
colossus,yamato,against,33156,0.127,0.302,0.082
compress_cooldown,yamato,against,418305,0.368,0.113,0.342
counterspell,yamato,against,118038,0.485,0.202,0.389
crippling_headshot,yamato,against,73595,-0.352,0.238,-0.262
crushing_fists,yamato,against,73779,0.734,0.230,0.555
cultist_sacrifice,yamato,against,95493,-0.320,0.212,-0.251
cursed_relic,yamato,against,56949,-0.255,0.269,-0.177
debuff_reducer,yamato,against,127309,-0.242,0.197,-0.195
decay,yamato,against,26844,0.593,0.345,0.343
disarming_hex,yamato,against,28337,0.264,0.353,0.150
dispel_magic,yamato,against,235800,-0.966,0.152,-0.847
divine_barrier,yamato,against,45485,-0.755,0.269,-0.524
diviners_kevlar,yamato,against,51733,0.187,0.277,0.127
duration_extender,yamato,against,257623,-0.219,0.141,-0.196
echo_shard,yamato,against,68147,0.390,0.244,0.286
enchanters_emblem,yamato,against,201290,0.365,0.156,0.318
enduring_speed,yamato,against,304936,0.311,0.127,0.283
escalating_exposure,yamato,against,284649,-0.069,0.130,-0.063
escalating_resilience,yamato,against,33844,0.287,0.329,0.173
ethereal_shift,yamato,against,43925,-0.408,0.282,-0.275
express_shot,yamato,against,68043,-0.409,0.256,-0.292
extended_magazine,yamato,against,171727,-0.147,0.171,-0.124
extra_charge,yamato,against,444184,-0.074,0.109,-0.069
extra_health,yamato,against,212966,-0.285,0.149,-0.251
extra_regen,yamato,against,413333,0.260,0.113,0.242
extra_spirit,yamato,against,650265,0.069,0.090,0.065
extra_stamina,yamato,against,353026,0.178,0.119,0.164
fleetfoot,yamato,against,109831,-1.202,0.201,-0.965
focus_lens,yamato,against,20757,-0.006,0.369,-0.003
fortitude,yamato,against,148375,-0.534,0.172,-0.453
frenzy,yamato,against,29994,0.336,0.322,0.205
fury_trance,yamato,against,15985,0.504,0.406,0.251
glass_cannon,yamato,against,47328,-0.361,0.274,-0.248
golden_goose_egg,yamato,against,38320,-0.321,0.321,-0.197
greater_expansion,yamato,against,375042,0.004,0.115,0.003
grit,yamato,against,208130,0.097,0.155,0.084
guardian_ward,yamato,against,64788,-0.513,0.243,-0.377
headhunter,yamato,against,107281,-1.191,0.211,-0.937
headshot_booster,yamato,against,132823,-0.930,0.192,-0.759
healbane,yamato,against,297860,0.248,0.133,0.224
healing_booster,yamato,against,271754,0.028,0.137,0.025
healing_nova,yamato,against,24802,0.306,0.345,0.177
healing_rite,yamato,against,87903,0.212,0.224,0.162
healing_tempo,yamato,against,82924,0.268,0.222,0.206
heroic_aura,yamato,against,52324,1.064,0.267,0.741
high_velocity_rounds,yamato,against,261258,-0.553,0.140,-0.494
hollow_point,yamato,against,58182,0.166,0.261,0.117
hunters_aura,yamato,against,133449,-0.336,0.187,-0.277
improved_spirit,yamato,against,602008,-0.003,0.094,-0.003
indomitable,yamato,against,105328,1.061,0.208,0.839
infuser,yamato,against,71382,-0.227,0.238,-0.169
inhibitor,yamato,against,56202,0.296,0.261,0.209
intensifying_magazine,yamato,against,55610,-0.054,0.276,-0.037
juggernaut,yamato,against,93495,0.685,0.204,0.546
kinetic_dash,yamato,against,65444,0.277,0.254,0.199
knockdown,yamato,against,53689,0.550,0.282,0.371
leech,yamato,against,90490,0.688,0.219,0.532
lifestrike,yamato,against,123074,0.183,0.190,0.150
lightning_scroll,yamato,against,39513,0.131,0.303,0.084
long_range,yamato,against,71337,-0.826,0.243,-0.608
lucky_shot,yamato,against,54973,0.234,0.255,0.167
magic_carpet,yamato,against,15664,-0.418,0.398,-0.212
majestic_leap,yamato,against,36074,-0.430,0.309,-0.272
melee_charge,yamato,against,103195,0.987,0.206,0.784
melee_lifesteal,yamato,against,204892,-0.073,0.153,-0.063
mercurial_magnum,yamato,against,143441,-0.893,0.185,-0.739
metal_skin,yamato,against,45156,0.326,0.296,0.213
monster_rounds,yamato,against,247372,-0.201,0.143,-0.178
mystic_burst,yamato,against,465661,0.183,0.106,0.171
mystic_expansion,yamato,against,455784,0.077,0.107,0.072
mystic_regeneration,yamato,against,189429,0.515,0.165,0.442
mystic_reverb,yamato,against,135952,0.492,0.182,0.409
mystic_shot,yamato,against,125006,-0.127,0.194,-0.104
mystic_slow,yamato,against,57472,1.485,0.271,1.025
mystic_vulnerability,yamato,against,320570,0.477,0.127,0.434
opening_rounds,yamato,against,197469,-0.183,0.159,-0.159
phantom_strike,yamato,against,38659,-0.655,0.298,-0.425
plated_armor,yamato,against,69406,-0.046,0.242,-0.034
point_blank,yamato,against,128414,0.624,0.191,0.510
quicksilver_reload,yamato,against,266652,-0.319,0.140,-0.285
radiant_regeneration,yamato,against,182250,0.364,0.167,0.311
rapid_recharge,yamato,against,367103,-0.071,0.119,-0.066
rapid_rounds,yamato,against,272117,-0.380,0.136,-0.342
reactive_barrier,yamato,against,114167,0.476,0.207,0.377
rebuttal,yamato,against,43225,0.345,0.303,0.222
recharging_rush,yamato,against,110005,0.187,0.206,0.149
refresher,yamato,against,82825,0.022,0.225,0.017
rescue_beam,yamato,against,34381,-0.710,0.322,-0.435
restorative_locket,yamato,against,69257,-0.437,0.253,-0.314
restorative_shot,yamato,against,188055,-0.146,0.164,-0.125
return_fire,yamato,against,11085,0.228,0.463,0.099
ricochet,yamato,against,173033,-0.533,0.168,-0.455
rusted_barrel,yamato,against,28141,0.074,0.352,0.042
scourge,yamato,against,62318,-0.224,0.249,-0.162
shadow_weave,yamato,against,28938,0.849,0.343,0.494
sharpshooter,yamato,against,81998,-1.139,0.230,-0.860
silence_wave,yamato,against,15828,-0.085,0.412,-0.042
silencer,yamato,against,96793,-0.076,0.204,-0.060
siphon_bullets,yamato,against,75459,-0.690,0.231,-0.520
slowing_bullets,yamato,against,56078,-0.211,0.270,-0.146
slowing_hex,yamato,against,148380,-0.435,0.185,-0.360
spellbreaker,yamato,against,77554,0.357,0.226,0.272
spellslinger,yamato,against,42297,-0.223,0.279,-0.151
spirit_burn,yamato,against,270100,0.108,0.130,0.098
spirit_lifesteal,yamato,against,298449,0.052,0.135,0.047
spirit_rend,yamato,against,66304,0.504,0.250,0.364
spirit_resilience,yamato,against,296478,0.042,0.129,0.038
spirit_sap,yamato,against,38041,-0.020,0.306,-0.013
spirit_shielding,yamato,against,129235,-0.074,0.193,-0.061
spirit_shredder_bullets,yamato,against,80822,0.230,0.236,0.172
spirit_snatch,yamato,against,196161,0.059,0.158,0.051
spirit_strike,yamato,against,196161,-0.045,0.159,-0.039
spiritual_overflow,yamato,against,161173,-0.252,0.175,-0.212
split_shot,yamato,against,33057,0.304,0.325,0.184
sprint_boots,yamato,against,432573,0.131,0.111,0.122
stalker,yamato,against,187639,-0.202,0.161,-0.175
stamina_mastery,yamato,against,249165,0.187,0.137,0.168
superior_cooldown,yamato,against,472390,0.305,0.104,0.286
superior_duration,yamato,against,325425,-0.136,0.124,-0.124
suppressor,yamato,against,64649,0.359,0.253,0.258
surge_of_power,yamato,against,158666,-0.011,0.179,-0.009
swift_striker,yamato,against,274246,-0.405,0.135,-0.365
tankbuster,yamato,against,436766,0.050,0.109,0.046
tesla_bullets,yamato,against,91568,0.173,0.224,0.133
titanic_magazine,yamato,against,185914,-0.368,0.165,-0.316
torment_pulse,yamato,against,175700,0.229,0.164,0.196
toxic_bullets,yamato,against,126373,-0.218,0.191,-0.178
transcendent_cooldown,yamato,against,288279,0.120,0.125,0.110
trophy_collector,yamato,against,329063,-0.220,0.128,-0.200
unstoppable,yamato,against,106884,-1.180,0.209,-0.932
vampiric_burst,yamato,against,82344,0.197,0.230,0.149
veil_walker,yamato,against,86711,0.344,0.241,0.254
vortex_web,yamato,against,34916,0.111,0.316,0.069
warp_stone,yamato,against,114269,-0.393,0.200,-0.316
weakening_headshot,yamato,against,93761,0.232,0.227,0.177
weapon_shielding,yamato,against,24592,0.859,0.360,0.479
weighted_shots,yamato,against,73616,-0.026,0.245,-0.019
witchmail,yamato,against,86456,0.547,0.217,0.425
arcane_surge,abrams,as,35695,-1.038,0.496,-0.983
battle_vest,abrams,as,39481,3.429,0.463,3.267
berserker,abrams,as,56803,3.781,0.390,3.653
boundless_spirit,abrams,as,15027,2.880,0.651,2.623
bullet_resilience,abrams,as,20067,-0.296,0.601,-0.273
bullet_resist_shredder,abrams,as,131814,0.416,0.269,0.409
close_quarters,abrams,as,202340,0.787,0.216,0.779
cold_front,abrams,as,4818,-0.367,0.979,-0.301
colossus,abrams,as,57784,0.568,0.359,0.552
compress_cooldown,abrams,as,24870,1.562,0.564,1.455
counterspell,abrams,as,17793,0.093,0.655,0.085
crippling_headshot,abrams,as,2124,1.050,1.421,0.717
crushing_fists,abrams,as,154111,-1.065,0.235,-1.051
cultist_sacrifice,abrams,as,4797,-2.836,0.967,-2.332
debuff_reducer,abrams,as,54860,0.872,0.387,0.843
disarming_hex,abrams,as,2031,-6.683,1.426,-4.549
dispel_magic,abrams,as,39049,0.594,0.496,0.562
duration_extender,abrams,as,117376,-0.810,0.278,-0.796
echo_shard,abrams,as,6839,2.653,0.860,2.266
enchanters_emblem,abrams,as,32108,-0.540,0.496,-0.510
enduring_speed,abrams,as,36684,0.271,0.459,0.258
escalating_exposure,abrams,as,12955,1.679,0.701,1.508
ethereal_shift,abrams,as,3034,-1.765,1.069,-1.396
extra_health,abrams,as,74076,0.901,0.337,0.878
extra_regen,abrams,as,176038,-1.318,0.233,-1.302
extra_spirit,abrams,as,21483,-1.024,0.610,-0.943
extra_stamina,abrams,as,31877,-0.189,0.512,-0.178
fortitude,abrams,as,29766,-2.197,0.480,-2.086
frenzy,abrams,as,3679,-1.535,1.011,-1.242
golden_goose_egg,abrams,as,2812,-3.961,1.358,-2.778
greater_expansion,abrams,as,23317,-0.234,0.573,-0.218
grit,abrams,as,23623,-0.658,0.611,-0.606
healbane,abrams,as,30672,-1.516,0.528,-1.424
healing_booster,abrams,as,109106,-0.183,0.296,-0.179
healing_tempo,abrams,as,23203,0.071,0.556,0.066
hunters_aura,abrams,as,147499,0.276,0.251,0.272
improved_spirit,abrams,as,16834,1.516,0.657,1.379
indomitable,abrams,as,20560,1.336,0.591,1.236
infuser,abrams,as,4031,-2.066,1.010,-1.672
juggernaut,abrams,as,36211,0.620,0.434,0.594
kinetic_dash,abrams,as,6161,-3.916,0.867,-3.337
knockdown,abrams,as,3812,-5.725,1.072,-4.525
leech,abrams,as,2027,-1.866,1.441,-1.261
lifestrike,abrams,as,134062,0.396,0.251,0.390
magic_carpet,abrams,as,2067,0.751,1.426,0.511
melee_charge,abrams,as,227647,-1.123,0.204,-1.113
melee_lifesteal,abrams,as,184007,0.224,0.222,0.221
metal_skin,abrams,as,11364,-0.615,0.757,-0.543
monster_rounds,abrams,as,80579,0.117,0.349,0.113
mystic_expansion,abrams,as,26312,-0.138,0.559,-0.129
mystic_regeneration,abrams,as,4489,-1.109,1.019,-0.895
mystic_shot,abrams,as,7048,1.838,0.850,1.575
mystic_vulnerability,abrams,as,12736,1.184,0.726,1.055
phantom_strike,abrams,as,108161,-0.684,0.282,-0.672
plated_armor,abrams,as,33475,1.795,0.480,1.705
point_blank,abrams,as,121635,0.656,0.271,0.645
radiant_regeneration,abrams,as,4604,-2.343,1.004,-1.900
reactive_barrier,abrams,as,20471,0.391,0.622,0.359
rebuttal,abrams,as,16581,-0.630,0.681,-0.569
refresher,abrams,as,4382,-2.848,1.012,-2.304
restorative_locket,abrams,as,28441,0.582,0.562,0.543
restorative_shot,abrams,as,68515,1.551,0.351,1.508
return_fire,abrams,as,9898,-1.587,0.782,-1.390
scourge,abrams,as,26192,-0.486,0.526,-0.456
shadow_weave,abrams,as,7807,-0.469,0.774,-0.412
slowing_bullets,abrams,as,11007,6.009,0.789,5.255
slowing_hex,abrams,as,17896,0.117,0.673,0.106
spellbreaker,abrams,as,37223,1.056,0.431,1.013
spirit_burn,abrams,as,2191,-0.111,1.413,-0.076
spirit_lifesteal,abrams,as,8426,-2.840,0.830,-2.451
spirit_resilience,abrams,as,118721,0.888,0.279,0.872
spirit_shielding,abrams,as,21523,-1.438,0.625,-1.319
spirit_snatch,abrams,as,114164,1.099,0.271,1.080
spirit_strike,abrams,as,107807,0.337,0.285,0.331
sprint_boots,abrams,as,55921,-1.718,0.374,-1.665
stalker,abrams,as,144973,1.338,0.257,1.318
stamina_mastery,abrams,as,4223,2.408,0.915,2.019
superior_cooldown,abrams,as,31426,0.509,0.500,0.481
superior_duration,abrams,as,172977,-1.629,0.232,-1.609
surge_of_power,abrams,as,4228,-1.227,1.009,-0.994
torment_pulse,abrams,as,44453,-3.403,0.408,-3.277
transcendent_cooldown,abrams,as,19823,1.265,0.571,1.177
trophy_collector,abrams,as,11364,0.218,0.777,0.191
unstoppable,abrams,as,28644,0.956,0.516,0.901
warp_stone,abrams,as,87724,-1.489,0.327,-1.453
weapon_shielding,abrams,as,2927,-1.881,1.350,-1.324
weighted_shots,abrams,as,25442,4.166,0.578,3.867
witchmail,abrams,as,43277,-0.428,0.419,-0.411
arctic_blast,apollo,as,14312,1.643,0.659,1.494
battle_vest,apollo,as,2012,1.221,1.447,0.824
berserker,apollo,as,4994,3.489,0.950,2.888
boundless_spirit,apollo,as,159240,-1.250,0.240,-1.233
bullet_lifesteal,apollo,as,3227,2.314,1.097,1.811
bullet_resilience,apollo,as,8707,0.553,0.784,0.484
close_quarters,apollo,as,25590,0.057,0.483,0.054
cold_front,apollo,as,61584,0.680,0.365,0.660
colossus,apollo,as,2156,-1.445,1.423,-0.985
compress_cooldown,apollo,as,101234,-0.159,0.299,-0.156
counterspell,apollo,as,15354,-0.597,0.673,-0.541
crushing_fists,apollo,as,14022,0.353,0.670,0.320
debuff_reducer,apollo,as,17260,-0.718,0.650,-0.655
dispel_magic,apollo,as,76169,1.394,0.350,1.356
duration_extender,apollo,as,10418,-2.151,0.816,-1.865
enchanters_emblem,apollo,as,25702,1.238,0.562,1.154
enduring_speed,apollo,as,4622,-0.338,0.953,-0.279
escalating_exposure,apollo,as,41038,0.434,0.430,0.416
ethereal_shift,apollo,as,14966,-2.120,0.658,-1.927
extra_health,apollo,as,6110,0.564,0.933,0.470
extra_regen,apollo,as,131445,-0.667,0.267,-0.656
extra_spirit,apollo,as,155924,-0.623,0.246,-0.615
extra_stamina,apollo,as,90689,0.375,0.318,0.366
fortitude,apollo,as,2849,0.620,1.356,0.436
greater_expansion,apollo,as,118799,-1.638,0.269,-1.611
grit,apollo,as,14854,1.048,0.687,0.945
healbane,apollo,as,127769,1.067,0.266,1.050
healing_booster,apollo,as,117044,-0.905,0.280,-0.889
healing_rite,apollo,as,5903,-0.033,0.898,-0.028
healing_tempo,apollo,as,7810,-0.741,0.816,-0.642
high_velocity_rounds,apollo,as,2036,-1.063,1.443,-0.718
hunters_aura,apollo,as,7013,1.917,0.831,1.654
improved_spirit,apollo,as,169221,0.027,0.236,0.027
indomitable,apollo,as,20312,-0.026,0.594,-0.024
infuser,apollo,as,15160,-0.480,0.660,-0.436
juggernaut,apollo,as,3152,-0.492,1.043,-0.393
leech,apollo,as,9864,-0.915,0.768,-0.805
lifestrike,apollo,as,21080,-0.892,0.510,-0.842
lightning_scroll,apollo,as,3832,-2.324,1.032,-1.866
melee_charge,apollo,as,43685,-1.223,0.423,-1.174
melee_lifesteal,apollo,as,25476,-0.162,0.483,-0.154
metal_skin,apollo,as,5989,-0.275,0.915,-0.230
monster_rounds,apollo,as,2597,-2.631,1.377,-1.830
mystic_burst,apollo,as,180825,1.075,0.226,1.063
mystic_expansion,apollo,as,164848,-0.898,0.235,-0.887
mystic_regeneration,apollo,as,83739,0.798,0.323,0.779
mystic_reverb,apollo,as,38867,3.858,0.452,3.684
mystic_shot,apollo,as,4372,0.233,1.028,0.187
mystic_slow,apollo,as,7493,-4.406,0.865,-3.758
mystic_vulnerability,apollo,as,73649,-1.151,0.344,-1.121
plated_armor,apollo,as,10797,-0.192,0.727,-0.171
point_blank,apollo,as,17459,-0.583,0.550,-0.545
radiant_regeneration,apollo,as,84375,0.609,0.322,0.595
reactive_barrier,apollo,as,24067,0.963,0.575,0.895
rebuttal,apollo,as,6840,-0.444,0.876,-0.377
restorative_locket,apollo,as,54897,1.176,0.440,1.126
restorative_shot,apollo,as,7398,2.007,0.856,1.716
scourge,apollo,as,13504,-2.608,0.658,-2.371
slowing_hex,apollo,as,16239,-0.176,0.744,-0.156
spellbreaker,apollo,as,11477,0.108,0.719,0.097
spirit_burn,apollo,as,85923,1.592,0.304,1.559
spirit_lifesteal,apollo,as,51409,-0.268,0.429,-0.257
spirit_resilience,apollo,as,51766,1.254,0.392,1.211
spirit_shielding,apollo,as,6933,-0.478,0.887,-0.404
spirit_shredder_bullets,apollo,as,2070,-1.499,1.438,-1.015
spirit_snatch,apollo,as,88894,-0.053,0.315,-0.052
spirit_strike,apollo,as,77128,0.271,0.334,0.265
spiritual_overflow,apollo,as,2401,1.856,1.393,1.282
sprint_boots,apollo,as,15891,0.596,0.678,0.538
stalker,apollo,as,8713,3.529,0.804,3.071
stamina_mastery,apollo,as,100931,1.048,0.296,1.027
superior_cooldown,apollo,as,136948,-0.995,0.255,-0.981
superior_duration,apollo,as,9520,-3.545,0.826,-3.063
surge_of_power,apollo,as,4775,-1.279,0.990,-1.043
tankbuster,apollo,as,161471,0.644,0.238,0.636
torment_pulse,apollo,as,78544,0.336,0.334,0.327
transcendent_cooldown,apollo,as,58619,-1.607,0.358,-1.561
trophy_collector,apollo,as,19322,2.750,0.645,2.509
unstoppable,apollo,as,9028,-3.284,0.793,-2.868
warp_stone,apollo,as,7104,-2.920,0.828,-2.521
weapon_shielding,apollo,as,2476,-2.246,1.387,-1.556
witchmail,apollo,as,27879,1.792,0.510,1.690
arcane_surge,bebop,as,40873,-4.516,0.484,-4.284
arctic_blast,bebop,as,2985,1.622,1.346,1.144
battle_vest,bebop,as,9572,2.389,0.819,2.068
berserker,bebop,as,9074,-0.213,0.652,-0.194
boundless_spirit,bebop,as,156266,0.374,0.258,0.368
bullet_lifesteal,bebop,as,11723,0.922,0.683,0.832
bullet_resilience,bebop,as,20579,1.917,0.607,1.767
bullet_resist_shredder,bebop,as,22520,0.374,0.641,0.341
burst_fire,bebop,as,30908,-2.459,0.531,-2.308
capacitor,bebop,as,34281,-3.296,0.501,-3.116
close_quarters,bebop,as,6411,1.625,0.947,1.347
cold_front,bebop,as,7199,2.860,0.935,2.380
colossus,bebop,as,2410,-1.428,1.395,-0.985
compress_cooldown,bebop,as,111898,0.544,0.313,0.532
counterspell,bebop,as,32504,-0.974,0.537,-0.913
crippling_headshot,bebop,as,25805,-1.295,0.554,-1.209
crushing_fists,bebop,as,4948,1.139,1.008,0.923
cursed_relic,bebop,as,35941,1.863,0.517,1.755
debuff_reducer,bebop,as,28346,0.104,0.565,0.097
disarming_hex,bebop,as,9250,-2.266,0.849,-1.942
dispel_magic,bebop,as,35257,-0.178,0.488,-0.169
divine_barrier,bebop,as,4039,0.008,0.989,0.006
diviners_kevlar,bebop,as,5132,-1.046,1.008,-0.847
duration_extender,bebop,as,4114,-3.922,1.044,-3.134
echo_shard,bebop,as,120906,-2.007,0.287,-1.970
enchanters_emblem,bebop,as,81561,0.613,0.342,0.597
enduring_speed,bebop,as,187506,-0.061,0.232,-0.060
escalating_exposure,bebop,as,25899,0.091,0.526,0.085
escalating_resilience,bebop,as,2160,-0.316,1.425,-0.215
extended_magazine,bebop,as,4138,-0.053,1.037,-0.042
extra_health,bebop,as,38326,0.665,0.429,0.638
extra_regen,bebop,as,165152,-0.469,0.250,-0.462
extra_spirit,bebop,as,172966,-0.160,0.247,-0.158
extra_stamina,bebop,as,45158,-2.098,0.448,-2.005
fleetfoot,bebop,as,54041,0.480,0.435,0.460
focus_lens,bebop,as,13161,0.449,0.705,0.403
fortitude,bebop,as,40332,1.070,0.412,1.030
golden_goose_egg,bebop,as,5265,-3.080,0.988,-2.513
greater_expansion,bebop,as,63009,-2.221,0.391,-2.146
grit,bebop,as,26244,0.833,0.604,0.768
guardian_ward,bebop,as,3853,2.324,1.024,1.871
headhunter,bebop,as,77912,0.116,0.370,0.112
headshot_booster,bebop,as,82222,1.053,0.359,1.022
healbane,bebop,as,62450,-0.148,0.379,-0.143
healing_booster,bebop,as,85097,0.259,0.338,0.253
healing_rite,bebop,as,14527,-1.486,0.691,-1.338
healing_tempo,bebop,as,8494,1.657,0.799,1.444
heroic_aura,bebop,as,4084,-1.113,1.049,-0.888
hunters_aura,bebop,as,22095,1.960,0.627,1.796
improved_spirit,bebop,as,191333,0.385,0.237,0.380
indomitable,bebop,as,28668,-1.069,0.560,-0.997
infuser,bebop,as,7537,-1.033,0.860,-0.882
inhibitor,bebop,as,5770,-2.173,0.916,-1.820
juggernaut,bebop,as,48205,-0.823,0.410,-0.792
knockdown,bebop,as,17071,-3.520,0.696,-3.167
leech,bebop,as,7478,0.826,0.864,0.705
lifestrike,bebop,as,53045,1.856,0.434,1.779
lightning_scroll,bebop,as,22273,-3.856,0.641,-3.522
magic_carpet,bebop,as,2407,-0.522,1.396,-0.360
majestic_leap,bebop,as,6846,2.231,0.903,1.878
melee_charge,bebop,as,7794,2.079,0.898,1.753
melee_lifesteal,bebop,as,53188,2.175,0.442,2.081
mercurial_magnum,bebop,as,3045,0.969,1.342,0.685
metal_skin,bebop,as,19958,1.236,0.639,1.130
monster_rounds,bebop,as,6870,0.897,0.916,0.751
mystic_burst,bebop,as,262817,0.976,0.199,0.967
mystic_expansion,bebop,as,81218,-2.267,0.358,-2.202
mystic_regeneration,bebop,as,52343,1.472,0.375,1.425
mystic_reverb,bebop,as,116275,1.690,0.282,1.660
mystic_slow,bebop,as,18523,-3.829,0.697,-3.443
mystic_vulnerability,bebop,as,28942,0.271,0.539,0.254
phantom_strike,bebop,as,2351,-0.437,1.401,-0.301
plated_armor,bebop,as,29115,0.787,0.532,0.739
point_blank,bebop,as,4670,1.318,1.024,1.062
quicksilver_reload,bebop,as,4281,0.619,1.061,0.491
radiant_regeneration,bebop,as,58643,0.529,0.368,0.513
rapid_rounds,bebop,as,40122,-0.751,0.485,-0.712
reactive_barrier,bebop,as,30570,0.164,0.562,0.153
rebuttal,bebop,as,15603,1.782,0.713,1.595
refresher,bebop,as,2527,-12.553,1.375,-8.738
restorative_locket,bebop,as,7458,2.287,0.913,1.918
restorative_shot,bebop,as,27355,-1.412,0.557,-1.318
return_fire,bebop,as,2959,1.507,1.341,1.065
rusted_barrel,bebop,as,6050,-4.571,0.963,-3.765
shadow_weave,bebop,as,12259,2.023,0.826,1.748
silence_wave,bebop,as,5027,-0.961,0.992,-0.783
silencer,bebop,as,16835,-1.356,0.672,-1.228
siphon_bullets,bebop,as,39762,-1.141,0.493,-1.081
slowing_bullets,bebop,as,17622,0.408,0.783,0.358
slowing_hex,bebop,as,120945,-0.207,0.301,-0.202
spellbreaker,bebop,as,23453,3.174,0.554,2.964
spirit_burn,bebop,as,80452,1.417,0.331,1.382
spirit_lifesteal,bebop,as,37584,-2.855,0.505,-2.696
spirit_rend,bebop,as,5214,-0.270,0.995,-0.220
spirit_resilience,bebop,as,120688,-0.489,0.289,-0.480
spirit_sap,bebop,as,9874,3.633,0.797,3.168
spirit_shielding,bebop,as,21958,0.129,0.653,0.117
spirit_shredder_bullets,bebop,as,5755,0.964,0.964,0.793
spirit_snatch,bebop,as,195826,0.235,0.231,0.233
spirit_strike,bebop,as,244912,0.420,0.213,0.416
spiritual_overflow,bebop,as,2994,0.389,1.345,0.275
sprint_boots,bebop,as,245851,-1.020,0.209,-1.010
stalker,bebop,as,48346,-0.266,0.442,-0.254
stamina_mastery,bebop,as,18076,0.497,0.607,0.458
superior_cooldown,bebop,as,117792,0.057,0.287,0.056
superior_duration,bebop,as,5713,-4.003,0.935,-3.332
suppressor,bebop,as,2862,-3.796,1.351,-2.672
surge_of_power,bebop,as,80068,-1.429,0.351,-1.390
swift_striker,bebop,as,16937,1.449,0.701,1.301
tankbuster,bebop,as,173224,0.553,0.243,0.545
tesla_bullets,bebop,as,45409,-1.978,0.455,-1.887
titanic_magazine,bebop,as,2763,-1.939,1.360,-1.359
torment_pulse,bebop,as,17346,1.153,0.553,1.077
toxic_bullets,bebop,as,4659,-3.853,1.006,-3.124
transcendent_cooldown,bebop,as,81758,0.915,0.329,0.892
trophy_collector,bebop,as,228577,-0.254,0.215,-0.251
unstoppable,bebop,as,14734,-3.428,0.739,-3.044
vampiric_burst,bebop,as,7535,-0.894,0.748,-0.792
veil_walker,bebop,as,139357,1.533,0.313,1.499
warp_stone,bebop,as,24028,-2.921,0.601,-2.696
weakening_headshot,bebop,as,26499,0.953,0.574,0.885
weapon_shielding,bebop,as,10353,2.435,0.881,2.065
weighted_shots,bebop,as,25729,0.858,0.696,0.772
witchmail,bebop,as,91074,0.605,0.316,0.591
arctic_blast,billy,as,2182,4.958,1.415,3.391
ballistic_enchantment,billy,as,5635,0.675,0.984,0.551
battle_vest,billy,as,74833,1.361,0.357,1.322
berserker,billy,as,85944,2.065,0.328,2.015
boundless_spirit,billy,as,6496,1.165,0.873,0.990
bullet_lifesteal,billy,as,10305,-6.056,0.780,-5.311
bullet_resilience,billy,as,16090,-0.038,0.644,-0.035
bullet_resist_shredder,billy,as,133642,-0.394,0.263,-0.388
burst_fire,billy,as,4103,-6.504,1.005,-5.275
close_quarters,billy,as,229158,0.372,0.203,0.368
cold_front,billy,as,3725,-0.033,1.040,-0.026
colossus,billy,as,80375,-0.338,0.320,-0.330
compress_cooldown,billy,as,4302,-1.017,1.002,-0.826
counterspell,billy,as,25047,0.912,0.575,0.848
crippling_headshot,billy,as,28994,-0.531,0.545,-0.497
crushing_fists,billy,as,156172,-0.064,0.237,-0.064
cultist_sacrifice,billy,as,95151,-0.157,0.310,-0.154
cursed_relic,billy,as,3551,-5.678,1.065,-4.500
debuff_reducer,billy,as,31108,0.208,0.518,0.196
disarming_hex,billy,as,2997,-4.956,1.330,-3.519
dispel_magic,billy,as,52090,1.358,0.436,1.301
divine_barrier,billy,as,2176,-0.507,1.117,-0.394
diviners_kevlar,billy,as,4319,1.055,0.938,0.877
enchanters_emblem,billy,as,58402,-0.114,0.416,-0.109
enduring_speed,billy,as,70515,0.054,0.364,0.052
escalating_resilience,billy,as,50779,-0.598,0.409,-0.575
ethereal_shift,billy,as,3390,-5.728,1.036,-4.591
extended_magazine,billy,as,31981,0.477,0.460,0.455
extra_charge,billy,as,110107,-0.356,0.296,-0.349
extra_health,billy,as,66208,3.209,0.368,3.112
extra_regen,billy,as,63596,-2.434,0.390,-2.351
extra_spirit,billy,as,8225,-0.775,0.865,-0.661
extra_stamina,billy,as,7682,-5.877,0.809,-5.105
fleetfoot,billy,as,27533,-0.656,0.534,-0.615
fortitude,billy,as,20041,1.195,0.637,1.092
frenzy,billy,as,12264,0.007,0.712,0.006
greater_expansion,billy,as,89409,0.866,0.329,0.845
grit,billy,as,150851,-1.041,0.253,-1.026
healbane,billy,as,27513,-3.970,0.570,-3.693
healing_booster,billy,as,16403,-2.382,0.692,-2.145
healing_rite,billy,as,8706,-2.666,0.819,-2.309
healing_tempo,billy,as,6963,-0.114,0.881,-0.097
heroic_aura,billy,as,3354,-0.778,1.033,-0.625
hunters_aura,billy,as,27225,0.747,0.471,0.710
improved_spirit,billy,as,8984,-1.272,0.830,-1.097
indomitable,billy,as,33456,1.326,0.477,1.260
inhibitor,billy,as,6676,-5.136,0.870,-4.372
juggernaut,billy,as,53020,1.827,0.394,1.764
knockdown,billy,as,5467,-5.856,0.953,-4.842
leech,billy,as,10807,-2.869,0.761,-2.531
lifestrike,billy,as,175747,-1.048,0.224,-1.036
melee_charge,billy,as,152196,0.264,0.243,0.261
melee_lifesteal,billy,as,220400,-0.407,0.205,-0.403
metal_skin,billy,as,15982,1.289,0.686,1.163
monster_rounds,billy,as,164791,0.411,0.242,0.405
mystic_burst,billy,as,8022,2.272,0.881,1.926
mystic_expansion,billy,as,62937,1.351,0.388,1.305
mystic_regeneration,billy,as,3470,-3.785,1.089,-2.972
phantom_strike,billy,as,14990,-0.477,0.641,-0.436
plated_armor,billy,as,34269,1.511,0.480,1.435
point_blank,billy,as,155384,-0.728,0.258,-0.717
quicksilver_reload,billy,as,2711,-1.237,1.367,-0.864
radiant_regeneration,billy,as,3979,-2.890,1.048,-2.306
rapid_recharge,billy,as,139679,-0.115,0.263,-0.113
rapid_rounds,billy,as,6078,-6.098,0.899,-5.139
reactive_barrier,billy,as,34414,0.650,0.496,0.615
rebuttal,billy,as,14866,-0.796,0.684,-0.719
recharging_rush,billy,as,2121,-1.700,1.431,-1.154
restorative_locket,billy,as,2065,-0.619,1.439,-0.419
restorative_shot,billy,as,9082,-2.398,0.804,-2.087
return_fire,billy,as,6020,0.016,0.916,0.013
rusted_barrel,billy,as,2506,-4.393,1.378,-3.055
scourge,billy,as,52296,-1.744,0.400,-1.682
silencer,billy,as,12192,-0.192,0.689,-0.173
siphon_bullets,billy,as,14621,-0.566,0.688,-0.510
slowing_bullets,billy,as,28670,3.621,0.544,3.390
slowing_hex,billy,as,69044,-0.686,0.384,-0.663
spellbreaker,billy,as,27069,1.207,0.520,1.136
spirit_lifesteal,billy,as,5937,-3.101,0.961,-2.556
spirit_resilience,billy,as,133066,0.125,0.262,0.123
spirit_shielding,billy,as,123169,1.092,0.280,1.073
spirit_snatch,billy,as,230025,-0.058,0.210,-0.057
spirit_strike,billy,as,172857,0.740,0.241,0.730
sprint_boots,billy,as,57970,0.020,0.402,0.019
stalker,billy,as,183636,0.246,0.227,0.243
stamina_mastery,billy,as,4935,-0.840,0.872,-0.715
superior_cooldown,billy,as,5466,-1.002,0.924,-0.837
superior_duration,billy,as,3490,0.747,1.066,0.592
surge_of_power,billy,as,8702,0.830,0.866,0.708
swift_striker,billy,as,2047,-7.668,1.433,-5.204
tankbuster,billy,as,18092,0.899,0.685,0.811
titanic_magazine,billy,as,4559,-5.326,0.997,-4.332
torment_pulse,billy,as,14650,-2.907,0.671,-2.634
toxic_bullets,billy,as,2322,-8.958,1.399,-6.172
transcendent_cooldown,billy,as,4684,3.765,0.942,3.125
trophy_collector,billy,as,18548,0.042,0.683,0.038
unstoppable,billy,as,22416,0.948,0.554,0.885
vortex_web,billy,as,4063,1.319,1.007,1.069
warp_stone,billy,as,7725,-1.419,0.852,-1.215
weakening_headshot,billy,as,45617,-0.755,0.491,-0.715
weapon_shielding,billy,as,9994,-1.125,0.816,-0.975
weighted_shots,billy,as,51728,1.702,0.418,1.636
witchmail,billy,as,18345,-0.320,0.587,-0.296
arctic_blast,calico,as,174676,-2.207,0.243,-2.177
boundless_spirit,calico,as,124575,0.325,0.275,0.319
bullet_lifesteal,calico,as,6695,-1.405,0.925,-1.173
bullet_resilience,calico,as,3209,-1.088,1.072,-0.860
burst_fire,calico,as,7162,-3.102,0.903,-2.610
close_quarters,calico,as,21751,-0.570,0.624,-0.523
cold_front,calico,as,186776,0.727,0.235,0.718
colossus,calico,as,2700,0.448,1.359,0.314
compress_cooldown,calico,as,66069,3.031,0.374,2.936
counterspell,calico,as,24029,0.233,0.575,0.216
crippling_headshot,calico,as,5160,2.805,0.961,2.313
crushing_fists,calico,as,15126,1.194,0.692,1.075
cursed_relic,calico,as,7080,-1.283,0.901,-1.081
debuff_reducer,calico,as,11482,-2.474,0.753,-2.188
disarming_hex,calico,as,2430,-6.533,1.377,-4.544
dispel_magic,calico,as,87391,1.864,0.339,1.816
diviners_kevlar,calico,as,6602,0.182,0.897,0.154
enchanters_emblem,calico,as,4690,-3.090,1.008,-2.503
enduring_speed,calico,as,68216,-1.315,0.358,-1.277
escalating_exposure,calico,as,62161,0.290,0.369,0.281
ethereal_shift,calico,as,11544,0.502,0.743,0.445
extended_magazine,calico,as,8203,-3.392,0.868,-2.890
extra_health,calico,as,14292,1.083,0.716,0.969
extra_regen,calico,as,6117,-4.589,0.934,-3.819
extra_spirit,calico,as,82810,1.597,0.337,1.556
extra_stamina,calico,as,2708,-1.484,1.096,-1.162
fleetfoot,calico,as,8936,-1.322,0.846,-1.135
focus_lens,calico,as,23127,3.739,0.575,3.474
fortitude,calico,as,12932,1.863,0.733,1.658
glass_cannon,calico,as,5792,-2.263,0.945,-1.876
grit,calico,as,14197,3.352,0.726,2.989
healbane,calico,as,25302,-3.175,0.577,-2.949
healing_rite,calico,as,3196,-1.916,1.094,-1.502
hunters_aura,calico,as,92666,-0.935,0.319,-0.914
improved_spirit,calico,as,130010,0.718,0.274,0.706
indomitable,calico,as,22502,2.700,0.587,2.501
juggernaut,calico,as,21397,0.334,0.564,0.311
knockdown,calico,as,4385,-4.978,1.026,-4.006
lifestrike,calico,as,56140,-0.729,0.418,-0.701
lucky_shot,calico,as,5331,-1.317,0.964,-1.085
melee_charge,calico,as,21235,-0.549,0.634,-0.502
melee_lifesteal,calico,as,197697,-0.130,0.230,-0.129
mercurial_magnum,calico,as,2568,-0.359,1.379,-0.249
metal_skin,calico,as,5640,-2.726,0.914,-2.286
monster_rounds,calico,as,2060,-3.006,1.439,-2.034
mystic_burst,calico,as,14656,6.168,0.683,5.568
mystic_shot,calico,as,44671,0.759,0.462,0.723
mystic_vulnerability,calico,as,104150,-1.569,0.301,-1.536
phantom_strike,calico,as,4836,-0.613,0.960,-0.505
plated_armor,calico,as,7287,-3.031,0.856,-2.593
point_blank,calico,as,20359,0.607,0.645,0.554
quicksilver_reload,calico,as,2828,-2.004,1.358,-1.406
rapid_rounds,calico,as,5831,-2.548,0.951,-2.108
reactive_barrier,calico,as,24954,0.659,0.590,0.610
rebuttal,calico,as,14128,-0.087,0.705,-0.078
restorative_locket,calico,as,2110,-0.275,1.433,-0.186
scourge,calico,as,68482,-1.055,0.362,-1.024
shadow_weave,calico,as,14319,-1.534,0.773,-1.348
silence_wave,calico,as,8366,3.542,0.835,3.051
silencer,calico,as,2023,0.105,1.432,0.071
slowing_hex,calico,as,28745,-1.046,0.562,-0.975
spellbreaker,calico,as,11507,1.080,0.708,0.969
spirit_burn,calico,as,56581,1.415,0.380,1.369
spirit_rend,calico,as,15878,0.127,0.700,0.114
spirit_resilience,calico,as,16074,-3.787,0.665,-3.436
spirit_sap,calico,as,14259,8.729,0.693,7.858
spirit_shielding,calico,as,5150,-2.539,0.969,-2.087
spirit_shredder_bullets,calico,as,51204,0.420,0.438,0.402
spirit_snatch,calico,as,188776,-0.837,0.234,-0.827
spirit_strike,calico,as,190748,0.241,0.233,0.238
split_shot,calico,as,6751,0.340,0.923,0.284
sprint_boots,calico,as,160869,-1.168,0.252,-1.151
stalker,calico,as,191039,-0.117,0.233,-0.116
stamina_mastery,calico,as,2489,-0.781,1.086,-0.614
superior_cooldown,calico,as,90572,2.095,0.318,2.047
swift_striker,calico,as,6363,-2.480,0.933,-2.065
tankbuster,calico,as,29941,2.608,0.519,2.456
titanic_magazine,calico,as,9278,-2.187,0.841,-1.880
torment_pulse,calico,as,103766,-0.654,0.322,-0.639
transcendent_cooldown,calico,as,65914,2.495,0.353,2.425
trophy_collector,calico,as,142018,-0.783,0.272,-0.769
unstoppable,calico,as,4921,-5.068,1.011,-4.102
vampiric_burst,calico,as,5964,-0.185,0.948,-0.153
veil_walker,calico,as,8632,3.215,0.870,2.737
weakening_headshot,calico,as,2230,3.094,1.414,2.117
witchmail,calico,as,5353,-1.066,0.931,-0.888
arcane_surge,celeste,as,17469,-4.333,0.647,-3.952
arctic_blast,celeste,as,5078,2.981,0.934,2.482
blood_tribute,celeste,as,5562,3.490,0.979,2.859
boundless_spirit,celeste,as,62566,1.742,0.355,1.693
bullet_lifesteal,celeste,as,4382,6.439,1.004,5.225
bullet_resilience,celeste,as,8445,0.192,0.768,0.169
cold_front,celeste,as,17025,-0.102,0.652,-0.093
compress_cooldown,celeste,as,51267,0.116,0.404,0.112
counterspell,celeste,as,18300,0.790,0.615,0.726
debuff_reducer,celeste,as,11086,-2.295,0.728,-2.045
disarming_hex,celeste,as,2158,-3.727,1.406,-2.560
dispel_magic,celeste,as,22390,1.309,0.601,1.208
enchanters_emblem,celeste,as,9980,-0.670,0.752,-0.592
enduring_speed,celeste,as,4998,-0.750,0.907,-0.630
escalating_exposure,celeste,as,111740,-0.234,0.272,-0.230
ethereal_shift,celeste,as,14993,1.477,0.657,1.344
extra_charge,celeste,as,34221,-3.801,0.489,-3.603
extra_health,celeste,as,11545,-3.828,0.773,-3.365
extra_regen,celeste,as,175164,-0.259,0.226,-0.256
extra_spirit,celeste,as,58654,-0.894,0.392,-0.863
extra_stamina,celeste,as,104400,0.192,0.295,0.188
fortitude,celeste,as,8037,-4.224,0.856,-3.612
golden_goose_egg,celeste,as,5654,-3.885,0.953,-3.212
greater_expansion,celeste,as,169690,-0.415,0.231,-0.410
grit,celeste,as,64850,1.774,0.369,1.720
healbane,celeste,as,61957,-0.925,0.377,-0.895
healing_booster,celeste,as,162852,-0.108,0.234,-0.106
healing_rite,celeste,as,4615,-5.447,0.954,-4.501
healing_tempo,celeste,as,23287,-1.265,0.574,-1.175
high_velocity_rounds,celeste,as,196884,0.832,0.215,0.823
improved_spirit,celeste,as,62512,-0.483,0.374,-0.468
indomitable,celeste,as,16003,-0.624,0.649,-0.569
infuser,celeste,as,15364,-4.215,0.650,-3.841
juggernaut,celeste,as,3105,-2.024,1.034,-1.623
kinetic_dash,celeste,as,36616,-1.622,0.491,-1.536
knockdown,celeste,as,5849,-4.833,0.934,-4.024
leech,celeste,as,15230,0.182,0.674,0.165
lightning_scroll,celeste,as,20348,-1.003,0.588,-0.929
mercurial_magnum,celeste,as,13524,-2.640,0.714,-2.362
metal_skin,celeste,as,9751,-0.702,0.752,-0.621
mystic_burst,celeste,as,52430,1.674,0.402,1.614
mystic_expansion,celeste,as,154491,-0.549,0.244,-0.541
mystic_regeneration,celeste,as,175351,0.497,0.224,0.491
mystic_reverb,celeste,as,2339,-1.740,1.403,-1.196
mystic_slow,celeste,as,21724,-2.656,0.583,-2.463
mystic_vulnerability,celeste,as,104248,-0.339,0.290,-0.332
opening_rounds,celeste,as,144509,0.791,0.249,0.780
plated_armor,celeste,as,15457,1.215,0.632,1.112
quicksilver_reload,celeste,as,16283,-3.369,0.680,-3.045
radiant_regeneration,celeste,as,187548,0.960,0.220,0.950
rapid_recharge,celeste,as,35915,-3.089,0.478,-2.934
rapid_rounds,celeste,as,21956,-2.593,0.608,-2.389
reactive_barrier,celeste,as,20797,-0.477,0.600,-0.440
rebuttal,celeste,as,5250,0.069,0.971,0.057
refresher,celeste,as,35892,0.100,0.463,0.095
restorative_locket,celeste,as,110131,2.311,0.274,2.272
scourge,celeste,as,7112,0.396,0.831,0.342
slowing_hex,celeste,as,6609,-1.678,0.867,-1.430
spellbreaker,celeste,as,9123,0.120,0.758,0.106
spellslinger,celeste,as,52783,1.560,0.380,1.510
spirit_burn,celeste,as,21964,0.438,0.563,0.408
spirit_lifesteal,celeste,as,98243,-1.915,0.304,-1.875
spirit_rend,celeste,as,5749,-0.661,0.960,-0.545
spirit_resilience,celeste,as,26319,-2.067,0.513,-1.949
spirit_shielding,celeste,as,65293,3.009,0.364,2.919
spirit_shredder_bullets,celeste,as,5165,-1.267,0.959,-1.046
spiritual_overflow,celeste,as,72007,-0.066,0.330,-0.064
sprint_boots,celeste,as,9050,-1.705,0.803,-1.485
stamina_mastery,celeste,as,110358,1.541,0.274,1.515
superior_cooldown,celeste,as,81535,-0.021,0.324,-0.021
suppressor,celeste,as,92119,0.542,0.292,0.531
surge_of_power,celeste,as,12802,-3.792,0.755,-3.351
swift_striker,celeste,as,37735,-2.592,0.487,-2.457
tankbuster,celeste,as,43824,1.347,0.422,1.294
titanic_magazine,celeste,as,2498,-4.280,1.384,-2.968
torment_pulse,celeste,as,167064,-0.517,0.231,-0.510
toxic_bullets,celeste,as,2194,-1.917,1.421,-1.308
transcendent_cooldown,celeste,as,44638,-0.520,0.407,-0.501
trophy_collector,celeste,as,9553,-0.059,0.828,-0.051
unstoppable,celeste,as,5682,-0.992,0.901,-0.835
weapon_shielding,celeste,as,14871,3.609,0.662,3.278
witchmail,celeste,as,97229,-0.485,0.288,-0.475
active_reload,doorman,as,4203,-7.220,0.980,-5.911
alchemical_fire,doorman,as,3843,0.772,1.030,0.620
arctic_blast,doorman,as,5741,-1.916,0.946,-1.588
ballistic_enchantment,doorman,as,18012,2.091,0.626,1.918
boundless_spirit,doorman,as,82638,0.378,0.324,0.369
bullet_lifesteal,doorman,as,5754,-3.912,0.908,-3.287
cheat_death,doorman,as,64609,-0.229,0.382,-0.221
cold_front,doorman,as,7802,-2.251,0.854,-1.927
compress_cooldown,doorman,as,71480,0.373,0.364,0.362
counterspell,doorman,as,12045,0.467,0.725,0.417
crippling_headshot,doorman,as,2257,-3.961,1.414,-2.711
cultist_sacrifice,doorman,as,2110,0.556,1.430,0.378
cursed_relic,doorman,as,14978,3.781,0.677,3.419
debuff_reducer,doorman,as,9762,-0.907,0.783,-0.794
decay,doorman,as,3253,-1.873,1.075,-1.479
disarming_hex,doorman,as,6266,1.659,0.915,1.390
dispel_magic,doorman,as,6937,-0.430,0.882,-0.365
divine_barrier,doorman,as,12787,-0.791,0.643,-0.722
duration_extender,doorman,as,4143,-0.597,1.015,-0.483
echo_shard,doorman,as,3158,0.319,1.099,0.249
enchanters_emblem,doorman,as,12799,-1.165,0.691,-1.050
enduring_speed,doorman,as,26665,-0.412,0.524,-0.388
escalating_exposure,doorman,as,4411,2.218,1.007,1.798
express_shot,doorman,as,6205,-0.566,0.883,-0.479
extra_charge,doorman,as,121711,0.194,0.276,0.190
extra_health,doorman,as,33095,0.577,0.472,0.549
extra_regen,doorman,as,19898,0.132,0.587,0.122
extra_spirit,doorman,as,66345,1.177,0.359,1.143
extra_stamina,doorman,as,17242,-3.338,0.592,-3.088
focus_lens,doorman,as,2019,0.898,1.446,0.606
fortitude,doorman,as,42477,1.523,0.427,1.462
glass_cannon,doorman,as,2004,-0.034,1.447,-0.023
golden_goose_egg,doorman,as,6784,-0.481,0.904,-0.405
greater_expansion,doorman,as,112149,-1.637,0.289,-1.606
grit,doorman,as,52062,-0.577,0.406,-0.556
guardian_ward,doorman,as,23227,-1.538,0.523,-1.446
headhunter,doorman,as,9545,-1.084,0.782,-0.950
headshot_booster,doorman,as,11572,-1.105,0.728,-0.984
healbane,doorman,as,14879,-1.421,0.629,-1.302
healing_rite,doorman,as,12662,-0.059,0.721,-0.053
heroic_aura,doorman,as,15932,-1.857,0.576,-1.725
high_velocity_rounds,doorman,as,74148,0.246,0.337,0.239
improved_spirit,doorman,as,91265,0.979,0.312,0.958
indomitable,doorman,as,14445,2.531,0.690,2.281
infuser,doorman,as,6088,-1.393,0.953,-1.152
juggernaut,doorman,as,6069,-0.182,0.853,-0.156
kinetic_dash,doorman,as,14107,-2.132,0.636,-1.950
knockdown,doorman,as,23149,0.451,0.595,0.417
long_range,doorman,as,11148,-1.233,0.733,-1.097
lucky_shot,doorman,as,3587,-4.755,1.045,-3.798
monster_rounds,doorman,as,8403,0.931,0.818,0.807
mystic_burst,doorman,as,116992,1.673,0.280,1.643
mystic_expansion,doorman,as,123163,-0.835,0.278,-0.820
mystic_regeneration,doorman,as,4363,-2.393,0.992,-1.950
mystic_reverb,doorman,as,35201,3.650,0.472,3.472
mystic_shot,doorman,as,12452,-0.407,0.652,-0.370
mystic_slow,doorman,as,4443,-1.972,1.020,-1.590
mystic_vulnerability,doorman,as,3943,1.885,1.032,1.513
opening_rounds,doorman,as,71834,0.210,0.348,0.204
phantom_strike,doorman,as,5430,-2.843,0.954,-2.350
plated_armor,doorman,as,3219,-0.052,1.072,-0.041
radiant_regeneration,doorman,as,3459,-0.234,1.073,-0.185
rapid_recharge,doorman,as,115836,-0.074,0.281,-0.073
rapid_rounds,doorman,as,4721,-1.740,0.942,-1.445
reactive_barrier,doorman,as,16634,1.270,0.648,1.158
rebuttal,doorman,as,6254,1.324,0.934,1.102
recharging_rush,doorman,as,33603,1.704,0.496,1.612
refresher,doorman,as,4016,-5.214,1.030,-4.188
rescue_beam,doorman,as,6627,0.134,0.882,0.114
restorative_shot,doorman,as,2663,-0.511,1.369,-0.357
rusted_barrel,doorman,as,4620,-1.841,0.983,-1.505
shadow_weave,doorman,as,4127,1.065,1.038,0.853
sharpshooter,doorman,as,12754,-1.090,0.700,-0.979
silence_wave,doorman,as,4167,0.080,1.016,0.065
slowing_hex,doorman,as,85560,1.099,0.332,1.072
spellbreaker,doorman,as,7984,0.079,0.792,0.069
spirit_burn,doorman,as,51383,2.225,0.390,2.150
spirit_lifesteal,doorman,as,16706,0.874,0.738,0.777
spirit_resilience,doorman,as,12914,-1.260,0.689,-1.136
spirit_shielding,doorman,as,17615,-0.086,0.632,-0.079
sprint_boots,doorman,as,81104,-0.645,0.345,-0.628
stamina_mastery,doorman,as,6878,0.635,0.806,0.553
superior_cooldown,doorman,as,75835,0.209,0.344,0.203
superior_duration,doorman,as,8231,-0.035,0.829,-0.030
suppressor,doorman,as,2430,-1.411,1.391,-0.975
surge_of_power,doorman,as,9697,3.355,0.779,2.943
swift_striker,doorman,as,5460,-2.499,0.886,-2.116
tankbuster,doorman,as,111150,1.485,0.286,1.458
transcendent_cooldown,doorman,as,56774,0.004,0.385,0.004
trophy_collector,doorman,as,75060,0.429,0.356,0.417
unstoppable,doorman,as,5801,-3.413,0.944,-2.831
vampiric_burst,doorman,as,3801,-3.494,1.049,-2.787
veil_walker,doorman,as,17576,1.921,0.693,1.729
vortex_web,doorman,as,71540,-3.061,0.360,-2.973
warp_stone,doorman,as,5173,-2.904,0.892,-2.454
weakening_headshot,doorman,as,5269,-4.838,0.921,-4.046
weapon_shielding,doorman,as,5886,1.222,0.904,1.028
witchmail,doorman,as,7280,2.610,0.858,2.232
arcane_surge,drifter,as,2044,-4.894,1.442,-3.307
arctic_blast,drifter,as,44294,-1.478,0.398,-1.426
armor_piercing_rounds,drifter,as,6365,3.472,0.834,2.992
battle_vest,drifter,as,18401,0.062,0.660,0.056
berserker,drifter,as,2288,-0.441,1.410,-0.303
blood_tribute,drifter,as,12920,-0.541,0.740,-0.480
boundless_spirit,drifter,as,53054,-1.786,0.405,-1.721
bullet_lifesteal,drifter,as,69750,0.874,0.365,0.848
bullet_resilience,drifter,as,6317,-1.432,0.861,-1.222
bullet_resist_shredder,drifter,as,26175,0.568,0.471,0.540
burst_fire,drifter,as,162942,-0.305,0.237,-0.301
close_quarters,drifter,as,166962,2.029,0.231,2.004
cold_front,drifter,as,60728,-1.380,0.345,-1.343
colossus,drifter,as,6458,0.299,0.658,0.272
compress_cooldown,drifter,as,14833,2.577,0.701,2.314
counterspell,drifter,as,34162,-0.351,0.496,-0.332
crippling_headshot,drifter,as,41637,0.815,0.450,0.779
crushing_fists,drifter,as,24744,-0.457,0.468,-0.435
cultist_sacrifice,drifter,as,2362,-5.626,1.398,-3.876
cursed_relic,drifter,as,24630,0.496,0.610,0.456
debuff_reducer,drifter,as,20626,2.290,0.552,2.139
decay,drifter,as,4814,-0.324,0.944,-0.269
disarming_hex,drifter,as,13283,0.364,0.780,0.319
dispel_magic,drifter,as,51370,0.991,0.438,0.949
duration_extender,drifter,as,60266,0.882,0.402,0.850
enchanters_emblem,drifter,as,18033,-3.293,0.663,-2.989
enduring_speed,drifter,as,95993,0.033,0.299,0.032
escalating_exposure,drifter,as,17414,-0.173,0.656,-0.157
escalating_resilience,drifter,as,3404,-1.072,1.088,-0.842
ethereal_shift,drifter,as,8857,0.115,0.824,0.099
extended_magazine,drifter,as,10496,0.505,0.804,0.439
extra_health,drifter,as,135382,0.851,0.245,0.840
extra_regen,drifter,as,55265,-0.805,0.404,-0.776
extra_spirit,drifter,as,100200,-2.872,0.313,-2.808
extra_stamina,drifter,as,105774,1.209,0.286,1.186
fleetfoot,drifter,as,41887,1.201,0.429,1.152
focus_lens,drifter,as,9598,-0.504,0.809,-0.438
fortitude,drifter,as,140628,0.936,0.241,0.924
frenzy,drifter,as,28925,0.860,0.528,0.808
glass_cannon,drifter,as,37837,2.914,0.376,2.822
golden_goose_egg,drifter,as,2002,-3.455,1.446,-2.331
grit,drifter,as,18174,0.737,0.658,0.670
headhunter,drifter,as,2234,0.416,1.417,0.284
headshot_booster,drifter,as,12243,-0.820,0.722,-0.732
healbane,drifter,as,85405,-3.963,0.343,-3.859
healing_booster,drifter,as,5518,0.157,0.960,0.130
healing_rite,drifter,as,9768,-0.591,0.813,-0.512
healing_tempo,drifter,as,2176,0.296,1.416,0.203
high_velocity_rounds,drifter,as,17187,-0.469,0.666,-0.425
hollow_point,drifter,as,49083,3.985,0.364,3.867
hunters_aura,drifter,as,189497,0.495,0.212,0.490
improved_spirit,drifter,as,44003,-0.018,0.455,-0.017
indomitable,drifter,as,21943,-0.885,0.594,-0.818
inhibitor,drifter,as,39487,0.580,0.461,0.553
juggernaut,drifter,as,41338,-1.686,0.420,-1.620
kinetic_dash,drifter,as,132889,2.506,0.262,2.467
knockdown,drifter,as,5668,-6.669,0.941,-5.538
leech,drifter,as,41497,-2.023,0.444,-1.935
lifestrike,drifter,as,87480,-1.409,0.310,-1.378
lucky_shot,drifter,as,67809,0.986,0.339,0.961
melee_charge,drifter,as,52169,-0.656,0.367,-0.636
melee_lifesteal,drifter,as,235486,-0.797,0.195,-0.790
mercurial_magnum,drifter,as,22364,1.941,0.625,1.781
metal_skin,drifter,as,18603,0.556,0.627,0.510
monster_rounds,drifter,as,6849,-1.950,0.877,-1.656
mystic_burst,drifter,as,194650,-0.267,0.233,-0.264
mystic_expansion,drifter,as,2314,-2.414,1.407,-1.657
mystic_reverb,drifter,as,14090,-1.458,0.689,-1.315
mystic_shot,drifter,as,8920,-2.966,0.879,-2.516
mystic_vulnerability,drifter,as,14518,0.319,0.719,0.285
opening_rounds,drifter,as,26086,-1.155,0.577,-1.073
phantom_strike,drifter,as,5237,-3.612,0.941,-2.999
plated_armor,drifter,as,21586,-0.724,0.564,-0.675
point_blank,drifter,as,149273,1.288,0.252,1.269
quicksilver_reload,drifter,as,23576,0.976,0.616,0.897
rapid_rounds,drifter,as,133915,1.759,0.253,1.734
reactive_barrier,drifter,as,17137,-0.869,0.671,-0.787
rebuttal,drifter,as,15851,0.405,0.668,0.368
restorative_locket,drifter,as,2241,1.333,1.415,0.912
restorative_shot,drifter,as,7287,-0.714,0.864,-0.609
ricochet,drifter,as,16820,5.407,0.611,4.979
rusted_barrel,drifter,as,20015,0.023,0.757,0.021
shadow_weave,drifter,as,83927,-0.294,0.355,-0.285
silence_wave,drifter,as,2445,-1.604,1.391,-1.109
silencer,drifter,as,77581,-0.386,0.321,-0.377
siphon_bullets,drifter,as,20834,-0.085,0.604,-0.078
slowing_bullets,drifter,as,39419,1.642,0.492,1.555
slowing_hex,drifter,as,40066,-1.155,0.485,-1.096
spellbreaker,drifter,as,24570,0.419,0.527,0.393
spirit_burn,drifter,as,74127,-2.693,0.333,-2.626
spirit_lifesteal,drifter,as,24829,1.583,0.571,1.472
spirit_rend,drifter,as,9442,-1.957,0.774,-1.719
spirit_resilience,drifter,as,74510,-1.207,0.328,-1.177
spirit_sap,drifter,as,10221,1.488,0.768,1.310
spirit_shielding,drifter,as,15999,-2.265,0.674,-2.051
spirit_shredder_bullets,drifter,as,10161,-0.438,0.757,-0.386
spirit_snatch,drifter,as,213167,-1.481,0.212,-1.466
spirit_strike,drifter,as,202694,-0.827,0.213,-0.819
spiritual_overflow,drifter,as,25656,-0.203,0.567,-0.189
sprint_boots,drifter,as,189806,-0.666,0.233,-0.657
stalker,drifter,as,310036,-0.522,0.175,-0.518
stamina_mastery,drifter,as,6156,2.320,0.817,2.011
superior_cooldown,drifter,as,22840,2.221,0.585,2.058
superior_duration,drifter,as,107026,-0.300,0.298,-0.294
surge_of_power,drifter,as,18870,-0.755,0.645,-0.689
swift_striker,drifter,as,88745,1.796,0.299,1.760
tankbuster,drifter,as,187253,-0.755,0.233,-0.745
titanic_magazine,drifter,as,13914,0.948,0.705,0.850
torment_pulse,drifter,as,2377,0.396,1.397,0.273
toxic_bullets,drifter,as,54754,-0.900,0.407,-0.867
transcendent_cooldown,drifter,as,20882,2.019,0.573,1.877
trophy_collector,drifter,as,156931,-0.784,0.252,-0.772
unstoppable,drifter,as,13816,0.062,0.591,0.057
vampiric_burst,drifter,as,59131,2.603,0.379,2.520
veil_walker,drifter,as,94795,0.360,0.304,0.352
warp_stone,drifter,as,26244,-1.227,0.636,-1.122
weakening_headshot,drifter,as,30282,1.205,0.546,1.127
weapon_shielding,drifter,as,2181,-4.245,1.420,-2.897
weighted_shots,drifter,as,60916,1.480,0.416,1.423
witchmail,drifter,as,4897,-5.093,0.963,-4.196
arcane_surge,dynamo,as,80938,-0.664,0.335,-0.647
ballistic_enchantment,dynamo,as,4870,2.492,0.968,2.049
battle_vest,dynamo,as,4169,1.124,1.031,0.903
berserker,dynamo,as,6808,2.588,0.936,2.153
boundless_spirit,dynamo,as,45239,0.398,0.424,0.382
bullet_resilience,dynamo,as,10747,0.362,0.755,0.320
bullet_resist_shredder,dynamo,as,11898,0.508,0.781,0.446
cheat_death,dynamo,as,14834,2.378,0.666,2.157
close_quarters,dynamo,as,11001,2.055,0.725,1.833
compress_cooldown,dynamo,as,144129,-0.438,0.270,-0.431
counterspell,dynamo,as,3300,-1.711,1.075,-1.351
crippling_headshot,dynamo,as,3285,-0.000,1.091,-0.000
cultist_sacrifice,dynamo,as,7928,1.088,0.893,0.919
cursed_relic,dynamo,as,6359,-4.770,0.912,-4.002
debuff_reducer,dynamo,as,51938,-0.431,0.432,-0.414
disarming_hex,dynamo,as,8258,0.068,0.874,0.058
dispel_magic,dynamo,as,10266,-1.853,0.808,-1.610
divine_barrier,dynamo,as,7222,0.802,0.850,0.688
diviners_kevlar,dynamo,as,27603,1.267,0.540,1.188
duration_extender,dynamo,as,123853,-0.465,0.286,-0.456
enchanters_emblem,dynamo,as,61371,0.396,0.364,0.385
enduring_speed,dynamo,as,70315,-1.035,0.380,-1.001
escalating_exposure,dynamo,as,8094,0.572,0.846,0.491
extra_charge,dynamo,as,193594,-0.444,0.231,-0.438
extra_health,dynamo,as,4724,0.276,0.998,0.225
extra_regen,dynamo,as,142301,-0.076,0.274,-0.074
extra_spirit,dynamo,as,78344,-1.035,0.365,-1.004
extra_stamina,dynamo,as,65225,0.446,0.375,0.432
fleetfoot,dynamo,as,7350,1.958,0.902,1.649
fortitude,dynamo,as,2825,-0.766,1.358,-0.537
golden_goose_egg,dynamo,as,13302,1.612,0.756,1.424
greater_expansion,dynamo,as,168465,-0.818,0.241,-0.807
grit,dynamo,as,33242,0.543,0.513,0.511
guardian_ward,dynamo,as,11052,-0.449,0.771,-0.395
headhunter,dynamo,as,98714,1.858,0.323,1.814
headshot_booster,dynamo,as,115460,1.222,0.295,1.198
healbane,dynamo,as,14516,-3.888,0.706,-3.487
healing_booster,dynamo,as,104948,0.448,0.317,0.438
healing_nova,dynamo,as,13277,0.470,0.764,0.414
healing_rite,dynamo,as,34628,0.078,0.519,0.073
healing_tempo,dynamo,as,48775,1.084,0.429,1.040
heroic_aura,dynamo,as,15888,1.425,0.692,1.283
high_velocity_rounds,dynamo,as,19760,1.626,0.601,1.501
improved_spirit,dynamo,as,69625,-0.066,0.367,-0.064
indomitable,dynamo,as,32739,0.512,0.504,0.484
juggernaut,dynamo,as,22278,-2.287,0.593,-2.115
knockdown,dynamo,as,18238,-2.025,0.671,-1.835
magic_carpet,dynamo,as,3515,5.928,1.032,4.759
majestic_leap,dynamo,as,2023,3.048,1.443,2.059
mercurial_magnum,dynamo,as,9073,0.774,0.857,0.662
metal_skin,dynamo,as,4411,-2.551,1.002,-2.071
monster_rounds,dynamo,as,28308,0.390,0.561,0.364
mystic_burst,dynamo,as,82361,0.696,0.338,0.679
mystic_expansion,dynamo,as,198120,-0.620,0.228,-0.613
mystic_regeneration,dynamo,as,2650,-1.649,1.373,-1.149
mystic_reverb,dynamo,as,51251,0.418,0.418,0.402
mystic_vulnerability,dynamo,as,9797,-1.641,0.816,-1.422
opening_rounds,dynamo,as,19073,2.164,0.612,1.992
phantom_strike,dynamo,as,4294,-2.088,1.030,-1.677
plated_armor,dynamo,as,13270,2.683,0.700,2.410
quicksilver_reload,dynamo,as,7896,2.619,0.902,2.205
radiant_regeneration,dynamo,as,4030,-2.774,1.042,-2.218
rapid_recharge,dynamo,as,166898,-0.342,0.246,-0.337
rapid_rounds,dynamo,as,10066,1.080,0.821,0.935
reactive_barrier,dynamo,as,25813,1.327,0.573,1.234
rebuttal,dynamo,as,5490,1.135,0.972,0.932
recharging_rush,dynamo,as,108187,0.545,0.315,0.533
refresher,dynamo,as,119249,-1.272,0.284,-1.249
rescue_beam,dynamo,as,18155,1.092,0.646,0.996
rusted_barrel,dynamo,as,9157,-0.996,0.849,-0.854
scourge,dynamo,as,3363,-2.433,1.077,-1.919
shadow_weave,dynamo,as,3871,-1.156,0.844,-0.992
siphon_bullets,dynamo,as,3313,3.491,1.316,2.494
slowing_hex,dynamo,as,15731,0.177,0.654,0.161
spellbreaker,dynamo,as,8686,-1.346,0.801,-1.172
spirit_burn,dynamo,as,31847,1.367,0.504,1.291
spirit_lifesteal,dynamo,as,8090,0.707,0.865,0.602
spirit_resilience,dynamo,as,58871,0.870,0.382,0.842
spirit_shielding,dynamo,as,13292,0.193,0.689,0.174
spiritual_overflow,dynamo,as,7939,1.877,0.860,1.603
sprint_boots,dynamo,as,127426,-0.246,0.280,-0.242
stamina_mastery,dynamo,as,4539,-0.622,0.913,-0.522
superior_cooldown,dynamo,as,165806,-0.370,0.248,-0.364
superior_duration,dynamo,as,127240,-0.472,0.275,-0.464
suppressor,dynamo,as,3166,-5.515,1.097,-4.316
surge_of_power,dynamo,as,34064,-0.350,0.534,-0.328
swift_striker,dynamo,as,10559,1.238,0.820,1.072
tankbuster,dynamo,as,85185,1.193,0.332,1.164
torment_pulse,dynamo,as,3469,-3.300,1.086,-2.595
transcendent_cooldown,dynamo,as,109104,-0.594,0.287,-0.583
trophy_collector,dynamo,as,111361,1.252,0.296,1.227
unstoppable,dynamo,as,68554,-0.449,0.374,-0.435
veil_walker,dynamo,as,11519,2.580,0.751,2.283
vortex_web,dynamo,as,4118,1.914,1.006,1.552
warp_stone,dynamo,as,99744,-0.126,0.313,-0.123
weakening_headshot,dynamo,as,2569,2.030,1.378,1.411
witchmail,dynamo,as,17464,2.341,0.637,2.141
active_reload,graves,as,30035,-3.905,0.514,-3.681
arcane_surge,graves,as,177079,-1.319,0.226,-1.303
battle_vest,graves,as,2014,-1.030,1.446,-0.695
boundless_spirit,graves,as,164037,0.780,0.230,0.771
bullet_lifesteal,graves,as,31585,-0.524,0.515,-0.494
bullet_resilience,graves,as,5158,-5.699,0.925,-4.759
bullet_resist_shredder,graves,as,2391,-0.755,1.395,-0.521
burst_fire,graves,as,5524,-1.724,0.934,-1.435
capacitor,graves,as,23387,-1.438,0.548,-1.345
cheat_death,graves,as,3679,0.575,1.032,0.461
close_quarters,graves,as,8499,-0.861,0.855,-0.737
compress_cooldown,graves,as,119828,0.596,0.290,0.585
counterspell,graves,as,17895,0.776,0.641,0.709
cultist_sacrifice,graves,as,5804,-0.043,0.938,-0.036
cursed_relic,graves,as,8645,-0.755,0.804,-0.657
debuff_reducer,graves,as,9068,-1.747,0.802,-1.521
decay,graves,as,13159,2.226,0.581,2.065
disarming_hex,graves,as,10274,1.185,0.833,1.021
dispel_magic,graves,as,16755,-0.878,0.656,-0.798
diviners_kevlar,graves,as,54706,-0.038,0.422,-0.036
duration_extender,graves,as,148069,-0.186,0.261,-0.183
echo_shard,graves,as,116887,0.381,0.278,0.374
enchanters_emblem,graves,as,116156,0.687,0.262,0.676
enduring_speed,graves,as,25329,-0.996,0.523,-0.937
escalating_exposure,graves,as,87941,0.234,0.317,0.229
escalating_resilience,graves,as,12666,-2.326,0.707,-2.085
ethereal_shift,graves,as,2264,-1.833,1.403,-1.260
extended_magazine,graves,as,24595,-0.766,0.580,-0.711
extra_charge,graves,as,60827,0.047,0.378,0.045
extra_health,graves,as,21644,0.993,0.599,0.918
extra_regen,graves,as,25855,-2.495,0.472,-2.373
extra_spirit,graves,as,206568,-0.439,0.214,-0.434
extra_stamina,graves,as,246327,0.148,0.200,0.147
fleetfoot,graves,as,3319,-0.581,1.076,-0.459
fortitude,graves,as,11997,0.949,0.733,0.844
golden_goose_egg,graves,as,19518,-0.802,0.677,-0.725
greater_expansion,graves,as,8019,-0.241,0.846,-0.207
grit,graves,as,48305,-0.215,0.434,-0.206
healbane,graves,as,52293,0.962,0.411,0.926
healing_booster,graves,as,9035,-1.713,0.730,-1.525
healing_rite,graves,as,10915,-1.559,0.777,-1.369
healing_tempo,graves,as,3272,-4.050,0.991,-3.302
heroic_aura,graves,as,141884,-0.930,0.256,-0.916
improved_spirit,graves,as,224627,0.657,0.206,0.650
indomitable,graves,as,22656,-2.117,0.582,-1.964
infuser,graves,as,18304,-2.579,0.642,-2.356
inhibitor,graves,as,17445,-1.884,0.620,-1.731
intensifying_magazine,graves,as,3433,-2.724,1.068,-2.156
juggernaut,graves,as,7999,-1.720,0.781,-1.508
knockdown,graves,as,12163,-4.420,0.776,-3.882
leech,graves,as,47459,-1.654,0.413,-1.591
lightning_scroll,graves,as,17909,-0.271,0.632,-0.248
magic_carpet,graves,as,9755,2.701,0.701,2.426
mercurial_magnum,graves,as,16956,2.167,0.659,1.970
metal_skin,graves,as,11213,0.413,0.759,0.364
monster_rounds,graves,as,55583,-0.033,0.384,-0.032
mystic_burst,graves,as,48040,2.605,0.443,2.492
mystic_expansion,graves,as,8451,-2.053,0.833,-1.770
mystic_regeneration,graves,as,6470,-2.375,0.914,-1.991
mystic_reverb,graves,as,35829,-1.283,0.473,-1.220
mystic_shot,graves,as,151997,1.958,0.249,1.930
mystic_slow,graves,as,17847,-0.539,0.663,-0.489
mystic_vulnerability,graves,as,120487,0.053,0.297,0.052
plated_armor,graves,as,8292,-2.252,0.818,-1.950
point_blank,graves,as,5212,-1.625,0.971,-1.334
quicksilver_reload,graves,as,25951,1.452,0.563,1.353
radiant_regeneration,graves,as,5651,-2.515,0.948,-2.083
rapid_recharge,graves,as,55759,-0.041,0.386,-0.040
rapid_rounds,graves,as,12616,-0.619,0.739,-0.549
reactive_barrier,graves,as,31060,0.262,0.515,0.246
rebuttal,graves,as,18869,-0.582,0.668,-0.528
recharging_rush,graves,as,37788,-0.215,0.459,-0.205
refresher,graves,as,68216,0.390,0.362,0.379
restorative_locket,graves,as,21318,0.605,0.585,0.561
restorative_shot,graves,as,245112,0.714,0.199,0.707
ricochet,graves,as,54819,1.443,0.387,1.395
rusted_barrel,graves,as,9371,0.617,0.827,0.533
scourge,graves,as,2103,-4.574,1.425,-3.115
silencer,graves,as,17580,-1.534,0.613,-1.411
siphon_bullets,graves,as,13833,-0.199,0.666,-0.181
slowing_bullets,graves,as,4980,-0.668,0.980,-0.547
slowing_hex,graves,as,14337,0.710,0.736,0.631
spellbreaker,graves,as,10572,-0.655,0.738,-0.582
spirit_burn,graves,as,77625,0.934,0.326,0.911
spirit_lifesteal,graves,as,147498,-1.438,0.275,-1.413
spirit_resilience,graves,as,58769,-1.825,0.374,-1.768
spirit_sap,graves,as,2247,0.965,1.413,0.660
spirit_shielding,graves,as,51871,0.999,0.411,0.962
spirit_shredder_bullets,graves,as,4985,-0.282,0.976,-0.231
spiritual_overflow,graves,as,65104,-0.078,0.378,-0.076
split_shot,graves,as,31759,-1.754,0.482,-1.665
sprint_boots,graves,as,53143,-1.355,0.403,-1.306
stamina_mastery,graves,as,134429,1.286,0.262,1.266
superior_cooldown,graves,as,121351,-0.211,0.284,-0.208
superior_duration,graves,as,158797,-0.534,0.246,-0.526
suppressor,graves,as,27469,-0.579,0.502,-0.547
surge_of_power,graves,as,36834,-1.412,0.478,-1.341
swift_striker,graves,as,15290,-1.054,0.685,-0.951
tankbuster,graves,as,81056,2.340,0.339,2.280
tesla_bullets,graves,as,48632,-1.327,0.422,-1.275
titanic_magazine,graves,as,22626,-0.278,0.609,-0.256
toxic_bullets,graves,as,155166,1.290,0.244,1.272
transcendent_cooldown,graves,as,94764,-0.398,0.299,-0.390
trophy_collector,graves,as,44499,-0.029,0.429,-0.028
unstoppable,graves,as,4207,-0.944,1.003,-0.766
vampiric_burst,graves,as,4279,0.492,0.996,0.400
veil_walker,graves,as,3333,4.282,1.318,3.057
vortex_web,graves,as,4475,2.654,0.965,2.184
warp_stone,graves,as,20124,-1.644,0.619,-1.510
weapon_shielding,graves,as,6499,-3.099,0.886,-2.624
weighted_shots,graves,as,2668,-1.635,1.370,-1.141
witchmail,graves,as,9847,-2.361,0.747,-2.092
arcane_surge,grey_talon,as,3294,-7.483,1.085,-5.886
battle_vest,grey_talon,as,9316,1.673,0.712,1.497
boundless_spirit,grey_talon,as,95804,-1.634,0.307,-1.600
bullet_lifesteal,grey_talon,as,9977,1.822,0.795,1.591
burst_fire,grey_talon,as,12163,0.288,0.750,0.255
compress_cooldown,grey_talon,as,94422,-1.839,0.313,-1.799
counterspell,grey_talon,as,17839,1.546,0.631,1.416
crippling_headshot,grey_talon,as,5515,2.196,0.943,1.823
debuff_reducer,grey_talon,as,3320,-2.015,1.062,-1.599
dispel_magic,grey_talon,as,11117,-0.058,0.769,-0.051
diviners_kevlar,grey_talon,as,6785,-0.802,0.901,-0.676
duration_extender,grey_talon,as,8385,0.723,0.840,0.622
enchanters_emblem,grey_talon,as,81845,-0.649,0.344,-0.631
enduring_speed,grey_talon,as,2074,-1.941,1.437,-1.315
escalating_exposure,grey_talon,as,6966,1.539,0.854,1.317
express_shot,grey_talon,as,4195,9.121,1.024,7.344
extra_charge,grey_talon,as,113225,-0.707,0.287,-0.693
extra_regen,grey_talon,as,11793,0.530,0.732,0.471
extra_spirit,grey_talon,as,94462,-1.016,0.313,-0.994
extra_stamina,grey_talon,as,67446,0.602,0.355,0.585
fortitude,grey_talon,as,2078,3.063,1.437,2.075
glass_cannon,grey_talon,as,9291,0.619,0.799,0.540
golden_goose_egg,grey_talon,as,2522,-3.114,1.380,-2.163
greater_expansion,grey_talon,as,8687,-1.168,0.819,-1.012
grit,grey_talon,as,9985,2.915,0.730,2.596
healbane,grey_talon,as,8012,-3.294,0.868,-2.806
healing_rite,grey_talon,as,7350,-1.067,0.836,-0.919
high_velocity_rounds,grey_talon,as,80425,1.006,0.336,0.981
hollow_point,grey_talon,as,2876,5.788,1.353,4.069
improved_spirit,grey_talon,as,110309,-0.657,0.291,-0.645
indomitable,grey_talon,as,15147,2.713,0.637,2.481
kinetic_dash,grey_talon,as,3341,2.855,1.084,2.246
lightning_scroll,grey_talon,as,6926,0.022,0.878,0.019
long_range,grey_talon,as,60796,1.696,0.382,1.641
lucky_shot,grey_talon,as,5652,2.798,0.926,2.336
mercurial_magnum,grey_talon,as,6333,5.228,0.925,4.367
metal_skin,grey_talon,as,3395,0.316,1.059,0.251
monster_rounds,grey_talon,as,5989,-1.793,0.898,-1.511
mystic_burst,grey_talon,as,114080,0.628,0.287,0.616
mystic_expansion,grey_talon,as,10451,-3.376,0.797,-2.944
mystic_reverb,grey_talon,as,63805,0.793,0.368,0.769
mystic_shot,grey_talon,as,44915,1.389,0.417,1.336
mystic_slow,grey_talon,as,4329,-0.842,1.026,-0.677
mystic_vulnerability,grey_talon,as,7210,-0.805,0.877,-0.684
opening_rounds,grey_talon,as,71087,1.093,0.358,1.062
plated_armor,grey_talon,as,3146,-1.815,1.065,-1.439
quicksilver_reload,grey_talon,as,6713,3.846,0.923,3.214
rapid_recharge,grey_talon,as,108416,-0.748,0.293,-0.733
rapid_rounds,grey_talon,as,23833,-0.071,0.551,-0.067
reactive_barrier,grey_talon,as,15226,2.016,0.629,1.848
recharging_rush,grey_talon,as,46605,0.530,0.403,0.511
refresher,grey_talon,as,5859,-1.313,0.909,-1.103
restorative_shot,grey_talon,as,17733,2.175,0.643,1.986
ricochet,grey_talon,as,2028,1.609,1.444,1.086
sharpshooter,grey_talon,as,58281,1.909,0.387,1.846
slowing_bullets,grey_talon,as,4513,1.340,1.002,1.088
spellbreaker,grey_talon,as,6067,-0.492,0.857,-0.421
spirit_burn,grey_talon,as,72363,-0.177,0.343,-0.172
spirit_lifesteal,grey_talon,as,10325,2.753,0.785,2.410
spirit_resilience,grey_talon,as,10705,-2.118,0.738,-1.881
spirit_shielding,grey_talon,as,3287,-0.897,1.073,-0.709
spiritual_overflow,grey_talon,as,17237,3.936,0.629,3.607
sprint_boots,grey_talon,as,11641,-1.380,0.781,-1.210
stamina_mastery,grey_talon,as,82776,0.658,0.325,0.642
superior_cooldown,grey_talon,as,85830,-1.729,0.323,-1.689
superior_duration,grey_talon,as,5814,0.580,0.937,0.482
surge_of_power,grey_talon,as,24323,0.835,0.578,0.776
swift_striker,grey_talon,as,29303,0.799,0.513,0.754
tankbuster,grey_talon,as,110628,0.152,0.291,0.149
transcendent_cooldown,grey_talon,as,47006,-1.419,0.409,-1.367
trophy_collector,grey_talon,as,16123,-0.989,0.683,-0.893
vampiric_burst,grey_talon,as,6474,3.375,0.886,2.857
weakening_headshot,grey_talon,as,8209,2.288,0.861,1.954
weighted_shots,grey_talon,as,2239,3.318,1.416,2.268
active_reload,haze,as,295408,-2.073,0.188,-2.056
armor_piercing_rounds,haze,as,37198,-1.248,0.443,-1.193
battle_vest,haze,as,99085,2.978,0.342,2.899
blood_tribute,haze,as,15740,-3.609,0.695,-3.247
boundless_spirit,haze,as,16936,-0.392,0.676,-0.355
bullet_lifesteal,haze,as,256414,-0.887,0.208,-0.878
bullet_resilience,haze,as,4869,-3.845,0.958,-3.173
bullet_resist_shredder,haze,as,153618,0.795,0.256,0.783
burst_fire,haze,as,318964,-0.179,0.181,-0.178
capacitor,haze,as,103797,-0.937,0.325,-0.915
cheat_death,haze,as,7124,-1.628,0.850,-1.395
close_quarters,haze,as,7876,-2.273,0.898,-1.916
compress_cooldown,haze,as,7564,-2.496,0.883,-2.115
counterspell,haze,as,18533,-1.077,0.646,-0.982
crippling_headshot,haze,as,85300,0.757,0.331,0.738
cultist_sacrifice,haze,as,7166,-1.540,0.891,-1.301
cursed_relic,haze,as,28352,1.365,0.556,1.274
debuff_reducer,haze,as,62508,0.837,0.406,0.807
disarming_hex,haze,as,2268,-3.544,1.404,-2.436
dispel_magic,haze,as,14747,-1.383,0.735,-1.230
duration_extender,haze,as,11262,-1.945,0.825,-1.681
echo_shard,haze,as,5698,-3.280,0.995,-2.670
enchanters_emblem,haze,as,17647,-2.103,0.747,-1.863
enduring_speed,haze,as,137015,-1.575,0.279,-1.547
escalating_resilience,haze,as,48523,2.790,0.474,2.653
ethereal_shift,haze,as,9011,-4.781,0.807,-4.156
extended_magazine,haze,as,162113,1.913,0.252,1.885
extra_charge,haze,as,53839,0.271,0.411,0.261
extra_health,haze,as,171187,1.485,0.241,1.466
extra_regen,haze,as,117929,-1.031,0.293,-1.011
extra_spirit,haze,as,310317,-0.728,0.189,-0.722
extra_stamina,haze,as,40437,-1.831,0.479,-1.738
fleetfoot,haze,as,58171,0.341,0.411,0.328
focus_lens,haze,as,8199,1.841,0.847,1.580
fortitude,haze,as,138649,1.582,0.259,1.558
frenzy,haze,as,24309,2.768,0.581,2.568
fury_trance,haze,as,89057,-1.641,0.328,-1.601
glass_cannon,haze,as,30874,1.779,0.506,1.680
golden_goose_egg,haze,as,24255,-1.323,0.635,-1.210
greater_expansion,haze,as,2004,-0.159,1.444,-0.107
grit,haze,as,25558,-0.951,0.587,-0.881
headhunter,haze,as,4709,1.062,1.010,0.859
headshot_booster,haze,as,34736,0.305,0.535,0.286
healbane,haze,as,4613,-5.658,1.047,-4.516
healing_booster,haze,as,30484,-0.671,0.496,-0.635
healing_rite,haze,as,12106,-2.099,0.732,-1.868
healing_tempo,haze,as,23988,4.940,0.545,4.623
high_velocity_rounds,haze,as,23603,0.383,0.567,0.357
hollow_point,haze,as,29969,5.383,0.562,5.017
hunters_aura,haze,as,2703,0.861,1.366,0.602
improved_spirit,haze,as,27008,-3.103,0.593,-2.870
indomitable,haze,as,24066,-0.932,0.601,-0.860
inhibitor,haze,as,81868,1.316,0.330,1.284
intensifying_magazine,haze,as,9417,-1.350,0.847,-1.158
juggernaut,haze,as,16881,-1.119,0.628,-1.026
kinetic_dash,haze,as,40155,0.872,0.488,0.827
knockdown,haze,as,2451,-8.817,1.385,-6.111
leech,haze,as,26400,-1.853,0.592,-1.714
lucky_shot,haze,as,88576,-0.737,0.281,-0.724
magic_carpet,haze,as,4745,-9.674,0.963,-7.969
mercurial_magnum,haze,as,55223,3.242,0.427,3.112
metal_skin,haze,as,6340,-4.111,0.902,-3.461
monster_rounds,haze,as,24380,-3.574,0.579,-3.318
mystic_burst,haze,as,2119,-3.041,1.432,-2.065
mystic_expansion,haze,as,2716,-1.753,1.367,-1.225
mystic_shot,haze,as,4254,-4.113,1.280,-2.984
opening_rounds,haze,as,11101,-3.307,0.807,-2.875
plated_armor,haze,as,8813,-1.477,0.796,-1.288
point_blank,haze,as,7474,-1.548,0.908,-1.300
quicksilver_reload,haze,as,61866,1.055,0.431,1.011
rapid_recharge,haze,as,48957,1.985,0.418,1.908
rapid_rounds,haze,as,346373,0.740,0.176,0.734
reactive_barrier,haze,as,21496,-2.949,0.629,-2.703
rebuttal,haze,as,8695,-4.093,0.796,-3.571
recharging_rush,haze,as,50840,2.410,0.451,2.302
restorative_shot,haze,as,11991,0.140,0.774,0.123
ricochet,haze,as,300392,-1.229,0.184,-1.219
rusted_barrel,haze,as,7577,2.586,0.763,2.280
sharpshooter,haze,as,2199,-0.768,1.421,-0.524
silence_wave,haze,as,11168,3.830,0.781,3.357
silencer,haze,as,185798,-0.066,0.229,-0.065
siphon_bullets,haze,as,116617,1.832,0.274,1.800
slowing_bullets,haze,as,17559,-0.589,0.714,-0.527
slowing_hex,haze,as,134975,0.392,0.267,0.386
spellbreaker,haze,as,20867,0.686,0.593,0.635
spellslinger,haze,as,10482,2.380,0.759,2.101
spirit_lifesteal,haze,as,23207,-0.076,0.662,-0.069
spirit_rend,haze,as,2020,-3.788,1.445,-2.556
spirit_resilience,haze,as,88472,1.294,0.317,1.265
spirit_sap,haze,as,4964,5.193,1.008,4.207
spirit_shielding,haze,as,22674,-0.116,0.597,-0.108
spiritual_overflow,haze,as,29782,1.854,0.595,1.714
sprint_boots,haze,as,114373,-1.567,0.308,-1.533
stamina_mastery,haze,as,13712,-2.837,0.665,-2.575
superior_cooldown,haze,as,6923,0.076,0.895,0.064
superior_duration,haze,as,21003,-0.865,0.661,-0.786
surge_of_power,haze,as,265934,0.125,0.207,0.124
swift_striker,haze,as,368975,0.889,0.169,0.883
tankbuster,haze,as,2095,-2.555,1.435,-1.732
tesla_bullets,haze,as,118673,-1.110,0.316,-1.085
titanic_magazine,haze,as,152567,1.298,0.248,1.280
toxic_bullets,haze,as,50775,-2.704,0.444,-2.586
transcendent_cooldown,haze,as,7751,3.561,0.837,3.065
trophy_collector,haze,as,7835,-1.317,0.874,-1.120
unstoppable,haze,as,88677,-0.707,0.338,-0.689
vampiric_burst,haze,as,114085,-0.223,0.301,-0.218
veil_walker,haze,as,34001,-0.602,0.559,-0.562
warp_stone,haze,as,8206,-3.655,0.905,-3.074
weakening_headshot,haze,as,118450,0.852,0.294,0.836
weighted_shots,haze,as,13656,0.052,0.781,0.046
active_reload,holliday,as,4150,-0.124,1.033,-0.099
alchemical_fire,holliday,as,9290,-0.457,0.834,-0.394
armor_piercing_rounds,holliday,as,3066,-1.375,1.092,-1.078
ballistic_enchantment,holliday,as,9620,0.014,0.827,0.012
battle_vest,holliday,as,6216,3.789,0.907,3.185
boundless_spirit,holliday,as,80158,-1.177,0.330,-1.148
bullet_lifesteal,holliday,as,8298,3.385,0.859,2.893
bullet_resilience,holliday,as,2201,-0.979,1.416,-0.670
bullet_resist_shredder,holliday,as,43576,-0.670,0.469,-0.638
burst_fire,holliday,as,9182,-0.832,0.844,-0.715
cheat_death,holliday,as,4589,1.281,0.977,1.050
compress_cooldown,holliday,as,56332,0.032,0.399,0.031
counterspell,holliday,as,25885,0.362,0.558,0.338
crippling_headshot,holliday,as,22298,0.410,0.588,0.380
cultist_sacrifice,holliday,as,3139,-2.139,1.333,-1.517
cursed_relic,holliday,as,14297,1.431,0.686,1.291
debuff_reducer,holliday,as,6168,-3.178,0.906,-2.672
disarming_hex,holliday,as,3787,-2.011,1.046,-1.606
dispel_magic,holliday,as,31748,-0.294,0.531,-0.276
divine_barrier,holliday,as,2261,1.917,1.157,1.464
diviners_kevlar,holliday,as,9307,0.662,0.780,0.580
duration_extender,holliday,as,51437,-1.862,0.427,-1.787
enchanters_emblem,holliday,as,26803,-0.577,0.542,-0.540
enduring_speed,holliday,as,4246,-2.738,0.992,-2.232
escalating_exposure,holliday,as,44798,0.370,0.420,0.356
extended_magazine,holliday,as,43931,1.506,0.464,1.435
extra_charge,holliday,as,168149,-0.727,0.245,-0.717
extra_health,holliday,as,52235,0.571,0.424,0.548
extra_regen,holliday,as,14292,-1.100,0.709,-0.986
extra_spirit,holliday,as,125457,-1.223,0.278,-1.202
extra_stamina,holliday,as,127598,-0.129,0.279,-0.127
fortitude,holliday,as,51087,1.143,0.423,1.097
glass_cannon,holliday,as,33943,-0.696,0.499,-0.658
golden_goose_egg,holliday,as,2006,-3.782,1.440,-2.559
greater_expansion,holliday,as,8025,-3.028,0.817,-2.624
grit,holliday,as,11098,1.180,0.781,1.035
headhunter,holliday,as,86560,1.135,0.345,1.105
headshot_booster,holliday,as,99464,1.095,0.320,1.069
healbane,holliday,as,16310,-3.819,0.662,-3.468
healing_rite,holliday,as,9339,-0.851,0.773,-0.748
high_velocity_rounds,holliday,as,38126,1.456,0.476,1.384
hollow_point,holliday,as,7106,2.228,0.890,1.884
improved_spirit,holliday,as,99124,-1.010,0.305,-0.989
indomitable,holliday,as,14167,-0.216,0.695,-0.194
inhibitor,holliday,as,2295,-2.257,1.409,-1.547
kinetic_dash,holliday,as,3123,-1.146,1.335,-0.812
knockdown,holliday,as,8420,-2.083,0.855,-1.782
long_range,holliday,as,29822,2.972,0.547,2.780
lucky_shot,holliday,as,22924,0.634,0.577,0.589
magic_carpet,holliday,as,2759,-0.281,1.120,-0.218
mercurial_magnum,holliday,as,17410,4.166,0.658,3.788
metal_skin,holliday,as,3002,-1.229,1.329,-0.873
monster_rounds,holliday,as,8014,-0.904,0.867,-0.770
mystic_burst,holliday,as,82679,1.123,0.340,1.094
mystic_expansion,holliday,as,16442,-2.730,0.671,-2.473
mystic_reverb,holliday,as,9085,0.665,0.784,0.582
mystic_shot,holliday,as,46344,-0.434,0.422,-0.417
mystic_vulnerability,holliday,as,34893,2.021,0.490,1.915
opening_rounds,holliday,as,19721,0.903,0.563,0.842
plated_armor,holliday,as,3474,-0.989,1.049,-0.789
quicksilver_reload,holliday,as,15484,3.616,0.715,3.234
rapid_recharge,holliday,as,161524,-0.831,0.249,-0.820
rapid_rounds,holliday,as,31378,0.397,0.534,0.372
reactive_barrier,holliday,as,12452,0.776,0.755,0.686
rebuttal,holliday,as,2527,-1.610,1.382,-1.118
recharging_rush,holliday,as,106246,0.012,0.299,0.011
restorative_locket,holliday,as,5218,0.834,0.990,0.680
restorative_shot,holliday,as,14470,0.767,0.690,0.691
ricochet,holliday,as,9752,2.100,0.815,1.821
rusted_barrel,holliday,as,2425,-1.571,1.387,-1.088
shadow_weave,holliday,as,3441,1.553,1.317,1.109
sharpshooter,holliday,as,52214,2.474,0.428,2.374
silencer,holliday,as,4460,-2.476,0.999,-2.013
siphon_bullets,holliday,as,2043,-3.291,1.442,-2.224
slowing_hex,holliday,as,13767,0.549,0.756,0.485
spellbreaker,holliday,as,9148,-0.498,0.761,-0.439
spellslinger,holliday,as,10183,1.956,0.732,1.741
spirit_burn,holliday,as,52258,-0.272,0.393,-0.263
spirit_lifesteal,holliday,as,6865,-0.754,0.900,-0.635
spirit_resilience,holliday,as,15164,-2.285,0.669,-2.071
spirit_shielding,holliday,as,6887,-2.328,0.901,-1.961
spirit_snatch,holliday,as,9642,1.929,0.854,1.651
spirit_strike,holliday,as,8957,2.058,0.867,1.754
spiritual_overflow,holliday,as,11429,0.548,0.744,0.486
sprint_boots,holliday,as,50675,-0.296,0.429,-0.284
stamina_mastery,holliday,as,146091,0.004,0.261,0.004
superior_cooldown,holliday,as,71750,0.207,0.354,0.201
superior_duration,holliday,as,75822,-1.428,0.352,-1.388
suppressor,holliday,as,14683,-0.912,0.666,-0.827
surge_of_power,holliday,as,70923,-0.768,0.382,-0.743
swift_striker,holliday,as,49314,1.143,0.440,1.094
tankbuster,holliday,as,96046,0.952,0.314,0.931
titanic_magazine,holliday,as,46206,1.614,0.454,1.541
transcendent_cooldown,holliday,as,38186,-1.027,0.443,-0.982
trophy_collector,holliday,as,70790,-0.964,0.365,-0.935
unstoppable,holliday,as,2586,-3.605,1.379,-2.506
vampiric_burst,holliday,as,9219,4.733,0.813,4.107
veil_walker,holliday,as,26429,0.170,0.555,0.159
weakening_headshot,holliday,as,13679,1.517,0.716,1.356
arctic_blast,infernus,as,2578,4.019,1.375,2.797
armor_piercing_rounds,infernus,as,4062,-3.297,0.995,-2.684
battle_vest,infernus,as,4023,-1.212,1.069,-0.959
boundless_spirit,infernus,as,178846,0.554,0.231,0.547
bullet_lifesteal,infernus,as,30273,4.670,0.538,4.378
bullet_resilience,infernus,as,11201,-1.147,0.738,-1.019
burst_fire,infernus,as,75437,-0.983,0.357,-0.955
capacitor,infernus,as,5705,0.651,0.865,0.555
cheat_death,infernus,as,7941,2.811,0.852,2.408
cold_front,infernus,as,4384,3.715,1.021,2.995
compress_cooldown,infernus,as,7811,3.084,0.876,2.619
counterspell,infernus,as,26759,0.631,0.563,0.588
crippling_headshot,infernus,as,9070,0.126,0.789,0.110
debuff_reducer,infernus,as,27853,0.886,0.559,0.826
disarming_hex,infernus,as,2245,-5.321,1.392,-3.677
dispel_magic,infernus,as,120597,2.099,0.292,2.058
diviners_kevlar,infernus,as,2237,3.067,1.406,2.106
duration_extender,infernus,as,253957,-1.673,0.199,-1.658
enchanters_emblem,infernus,as,31370,1.003,0.538,0.941
enduring_speed,infernus,as,97753,1.066,0.318,1.041
escalating_exposure,infernus,as,244778,-2.066,0.202,-2.047
escalating_resilience,infernus,as,11938,-2.259,0.731,-2.011
ethereal_shift,infernus,as,2333,-0.983,1.403,-0.676
extended_magazine,infernus,as,269421,0.326,0.194,0.323
extra_charge,infernus,as,110665,1.492,0.306,1.461
extra_health,infernus,as,11791,-0.123,0.741,-0.109
extra_regen,infernus,as,90503,-1.085,0.328,-1.059
extra_spirit,infernus,as,268887,-1.010,0.196,-1.001
extra_stamina,infernus,as,5323,-1.838,0.909,-1.544
fleetfoot,infernus,as,2908,2.739,1.352,1.926
fortitude,infernus,as,10354,0.492,0.738,0.437
golden_goose_egg,infernus,as,7533,-0.614,0.918,-0.514
greater_expansion,infernus,as,8371,1.294,0.845,1.111
grit,infernus,as,55336,0.568,0.440,0.544
headhunter,infernus,as,5670,3.956,0.980,3.238
headshot_booster,infernus,as,8477,3.732,0.846,3.203
healbane,infernus,as,189553,1.243,0.224,1.229
healing_booster,infernus,as,24023,1.602,0.605,1.477
healing_rite,infernus,as,12027,0.406,0.743,0.360
healing_tempo,infernus,as,9043,3.186,0.818,2.760
high_velocity_rounds,infernus,as,4424,-0.844,1.021,-0.681
improved_spirit,infernus,as,312019,-0.113,0.182,-0.112
indomitable,infernus,as,33378,0.519,0.527,0.488
infuser,infernus,as,28793,-1.087,0.535,-1.020
inhibitor,infernus,as,27512,2.041,0.520,1.921
juggernaut,infernus,as,33199,1.002,0.490,0.950
knockdown,infernus,as,3295,-5.843,1.319,-4.170
leech,infernus,as,74229,0.202,0.353,0.197
lucky_shot,infernus,as,2159,-4.018,1.425,-2.736
mercurial_magnum,infernus,as,41353,3.654,0.463,3.481
metal_skin,infernus,as,16721,2.695,0.668,2.443
monster_rounds,infernus,as,5628,-2.363,0.945,-1.960
mystic_expansion,infernus,as,7636,1.497,0.888,1.267
mystic_regeneration,infernus,as,28530,2.658,0.563,2.477
mystic_slow,infernus,as,10864,2.311,0.822,1.999
mystic_vulnerability,infernus,as,267780,-1.549,0.196,-1.535
opening_rounds,infernus,as,2238,-2.989,1.413,-2.046
plated_armor,infernus,as,15739,-0.982,0.662,-0.892
quicksilver_reload,infernus,as,98551,0.930,0.335,0.907
radiant_regeneration,infernus,as,28036,3.037,0.568,2.826
rapid_recharge,infernus,as,129256,1.172,0.285,1.151
rapid_rounds,infernus,as,279852,-0.036,0.191,-0.035
reactive_barrier,infernus,as,35735,1.421,0.526,1.336
rebuttal,infernus,as,8611,-1.434,0.854,-1.227
restorative_shot,infernus,as,7921,-0.801,0.851,-0.687
ricochet,infernus,as,179150,1.155,0.233,1.141
silencer,infernus,as,18131,-0.098,0.605,-0.090
siphon_bullets,infernus,as,4163,-1.294,1.025,-1.042
slowing_hex,infernus,as,7575,-2.328,0.888,-1.970
spellbreaker,infernus,as,19757,0.758,0.596,0.701
spirit_burn,infernus,as,43158,2.840,0.437,2.720
spirit_lifesteal,infernus,as,303793,-2.145,0.184,-2.129
spirit_rend,infernus,as,99563,2.187,0.307,2.140
spirit_resilience,infernus,as,68283,-0.702,0.364,-0.681
spirit_sap,infernus,as,3139,1.876,1.081,1.478
spirit_shielding,infernus,as,28128,0.181,0.554,0.169
spirit_shredder_bullets,infernus,as,105134,1.666,0.302,1.632
spiritual_overflow,infernus,as,189721,-1.219,0.226,-1.205
sprint_boots,infernus,as,58214,0.456,0.408,0.440
stamina_mastery,infernus,as,3548,1.655,0.954,1.367
superior_cooldown,infernus,as,10130,1.833,0.799,1.598
superior_duration,infernus,as,281637,-2.351,0.191,-2.331
suppressor,infernus,as,39920,2.480,0.500,2.345
surge_of_power,infernus,as,3814,0.711,1.063,0.564
swift_striker,infernus,as,230378,0.885,0.210,0.876
tesla_bullets,infernus,as,6291,-1.030,0.893,-0.870
titanic_magazine,infernus,as,279607,0.962,0.190,0.954
toxic_bullets,infernus,as,240900,0.086,0.207,0.085
transcendent_cooldown,infernus,as,7206,0.627,0.883,0.531
trophy_collector,infernus,as,8070,0.739,0.892,0.624
unstoppable,infernus,as,24922,0.525,0.581,0.487
veil_walker,infernus,as,6606,1.610,0.962,1.327
warp_stone,infernus,as,25856,2.155,0.548,2.015
weakening_headshot,infernus,as,3700,3.351,1.047,2.675
weapon_shielding,infernus,as,6431,3.776,0.950,3.125
witchmail,infernus,as,6937,-0.879,0.869,-0.748
active_reload,ivy,as,55989,-1.950,0.373,-1.889
alchemical_fire,ivy,as,32119,2.339,0.520,2.202
arcane_surge,ivy,as,13532,-1.113,0.719,-0.995
arctic_blast,ivy,as,10879,1.888,0.782,1.655
armor_piercing_rounds,ivy,as,2461,-5.970,1.130,-4.610
ballistic_enchantment,ivy,as,2816,1.813,1.358,1.272
battle_vest,ivy,as,4359,-0.789,1.007,-0.640
boundless_spirit,ivy,as,47166,2.091,0.415,2.011
bullet_lifesteal,ivy,as,7184,-4.052,0.888,-3.428
bullet_resilience,ivy,as,5718,-2.347,0.887,-1.987
bullet_resist_shredder,ivy,as,49156,-0.820,0.406,-0.790
burst_fire,ivy,as,10747,0.114,0.747,0.101
capacitor,ivy,as,115835,-1.707,0.281,-1.677
close_quarters,ivy,as,4823,1.983,0.969,1.630
cold_front,ivy,as,13774,2.229,0.741,1.978
colossus,ivy,as,2983,0.151,1.065,0.120
compress_cooldown,ivy,as,60447,1.464,0.387,1.415
counterspell,ivy,as,8152,-1.590,0.835,-1.369
crippling_headshot,ivy,as,23893,0.254,0.563,0.237
cultist_sacrifice,ivy,as,4208,-2.141,1.012,-1.731
cursed_relic,ivy,as,10501,-2.030,0.774,-1.784
debuff_reducer,ivy,as,7302,-6.336,0.867,-5.400
decay,ivy,as,20678,5.317,0.613,4.894
disarming_hex,ivy,as,16166,0.720,0.660,0.654
dispel_magic,ivy,as,13740,0.146,0.702,0.131
divine_barrier,ivy,as,7459,-1.243,0.795,-1.085
diviners_kevlar,ivy,as,6774,3.799,0.859,3.246
duration_extender,ivy,as,56043,1.190,0.393,1.149
echo_shard,ivy,as,30463,4.027,0.514,3.795
enchanters_emblem,ivy,as,18136,-0.121,0.648,-0.110
enduring_speed,ivy,as,34728,-1.566,0.468,-1.490
escalating_exposure,ivy,as,52705,2.220,0.395,2.143
escalating_resilience,ivy,as,7129,-0.898,0.865,-0.765
extended_magazine,ivy,as,149989,-0.245,0.250,-0.241
extra_charge,ivy,as,111516,-0.486,0.302,-0.476
extra_health,ivy,as,21679,-0.685,0.568,-0.638
extra_regen,ivy,as,77711,-0.594,0.336,-0.579
extra_spirit,ivy,as,67437,0.836,0.373,0.810
extra_stamina,ivy,as,35050,-0.134,0.492,-0.126
fleetfoot,ivy,as,29939,-0.969,0.556,-0.904
fortitude,ivy,as,4327,-0.090,0.934,-0.075
golden_goose_egg,ivy,as,13819,1.509,0.685,1.362
greater_expansion,ivy,as,119554,-0.681,0.280,-0.669
grit,ivy,as,10983,-0.166,0.745,-0.147
guardian_ward,ivy,as,8607,-2.540,0.775,-2.231
headhunter,ivy,as,32258,1.827,0.483,1.734
headshot_booster,ivy,as,33383,1.869,0.489,1.771
healbane,ivy,as,86278,0.131,0.339,0.128
healing_booster,ivy,as,86660,-0.857,0.320,-0.837
healing_nova,ivy,as,36197,-0.097,0.469,-0.093
healing_rite,ivy,as,51550,-0.788,0.408,-0.759
healing_tempo,ivy,as,68559,-1.169,0.350,-1.137
heroic_aura,ivy,as,7480,-2.261,0.824,-1.954
high_velocity_rounds,ivy,as,3379,-4.056,1.078,-3.198
improved_spirit,ivy,as,83276,0.783,0.338,0.763
indomitable,ivy,as,9514,-2.450,0.783,-2.146
inhibitor,ivy,as,21728,-2.108,0.576,-1.958
juggernaut,ivy,as,12535,-2.252,0.670,-2.041
knockdown,ivy,as,18992,-1.690,0.641,-1.544
leech,ivy,as,6003,-2.434,0.887,-2.061
lightning_scroll,ivy,as,54115,-0.442,0.393,-0.427
lucky_shot,ivy,as,3644,-4.321,1.009,-3.499
melee_charge,ivy,as,3895,2.523,1.014,2.039
melee_lifesteal,ivy,as,3233,2.851,1.085,2.242
mercurial_magnum,ivy,as,13500,0.819,0.729,0.729
metal_skin,ivy,as,6296,0.070,0.903,0.059
monster_rounds,ivy,as,53475,0.346,0.392,0.334
mystic_burst,ivy,as,2538,-0.782,1.384,-0.543
mystic_expansion,ivy,as,137478,-0.004,0.269,-0.003
mystic_regeneration,ivy,as,4834,-0.130,0.963,-0.107
mystic_reverb,ivy,as,6325,-1.817,0.932,-1.514
mystic_slow,ivy,as,85206,-1.460,0.331,-1.424
mystic_vulnerability,ivy,as,61342,1.906,0.384,1.843
opening_rounds,ivy,as,2051,-2.265,1.441,-1.532
plated_armor,ivy,as,7442,-2.111,0.826,-1.824
point_blank,ivy,as,2053,3.793,1.436,2.570
quicksilver_reload,ivy,as,18849,0.503,0.673,0.455
radiant_regeneration,ivy,as,4824,-0.785,0.968,-0.645
rapid_recharge,ivy,as,96758,-0.183,0.317,-0.179
rapid_rounds,ivy,as,27046,0.170,0.515,0.160
reactive_barrier,ivy,as,9201,-2.556,0.817,-2.215
rebuttal,ivy,as,7898,-0.554,0.853,-0.475
recharging_rush,ivy,as,3645,0.685,1.077,0.540
rescue_beam,ivy,as,18922,-2.491,0.645,-2.273
restorative_shot,ivy,as,6033,-3.037,0.909,-2.550
ricochet,ivy,as,9412,0.021,0.767,0.019
rusted_barrel,ivy,as,21787,1.309,0.586,1.213
scourge,ivy,as,2036,0.896,1.428,0.609
silencer,ivy,as,20492,-1.879,0.570,-1.748
siphon_bullets,ivy,as,39456,-1.303,0.417,-1.253
slowing_bullets,ivy,as,6775,-1.078,0.856,-0.922
slowing_hex,ivy,as,60395,1.540,0.397,1.486
spellbreaker,ivy,as,7016,-3.096,0.842,-2.661
spirit_burn,ivy,as,18610,4.566,0.584,4.233
spirit_lifesteal,ivy,as,17634,-1.980,0.652,-1.803
spirit_rend,ivy,as,4072,2.555,0.984,2.088
spirit_resilience,ivy,as,46939,-1.247,0.413,-1.200
spirit_shielding,ivy,as,5730,-1.514,0.915,-1.269
spirit_shredder_bullets,ivy,as,2547,0.632,1.382,0.439
spirit_snatch,ivy,as,2196,2.913,1.418,1.990
spirit_strike,ivy,as,2539,2.416,1.381,1.677
spiritual_overflow,ivy,as,9972,0.497,0.783,0.436
sprint_boots,ivy,as,69159,0.028,0.362,0.027
stalker,ivy,as,14914,-2.402,0.675,-2.174
stamina_mastery,ivy,as,26184,0.151,0.551,0.141
superior_cooldown,ivy,as,68024,1.481,0.359,1.438
superior_duration,ivy,as,72700,1.322,0.346,1.287
suppressor,ivy,as,21170,2.690,0.621,2.470
swift_striker,ivy,as,30164,0.543,0.479,0.516
tankbuster,ivy,as,3541,2.160,1.064,1.713
tesla_bullets,ivy,as,148073,-1.663,0.253,-1.639
titanic_magazine,ivy,as,157192,0.062,0.246,0.061
torment_pulse,ivy,as,18581,4.289,0.659,3.898
toxic_bullets,ivy,as,11756,-3.057,0.752,-2.705
transcendent_cooldown,ivy,as,46569,1.635,0.404,1.576
trophy_collector,ivy,as,55887,1.991,0.413,1.916
vortex_web,ivy,as,38544,1.716,0.461,1.635
weakening_headshot,ivy,as,21717,1.832,0.608,1.688
weighted_shots,ivy,as,6207,-2.114,0.876,-1.796
witchmail,ivy,as,5464,-1.252,0.912,-1.051
alchemical_fire,kelvin,as,7554,0.706,0.878,0.599
arcane_surge,kelvin,as,56145,-2.631,0.412,-2.532
battle_vest,kelvin,as,11325,2.803,0.746,2.484
boundless_spirit,kelvin,as,100823,0.442,0.303,0.433
bullet_resilience,kelvin,as,6740,-4.363,0.874,-3.709
compress_cooldown,kelvin,as,76899,1.962,0.351,1.908
counterspell,kelvin,as,3898,-3.215,1.052,-2.561
cursed_relic,kelvin,as,7415,-3.329,0.882,-2.822
debuff_reducer,kelvin,as,5165,-4.838,0.968,-3.978
decay,kelvin,as,5290,-0.989,0.990,-0.806
disarming_hex,kelvin,as,6806,-2.021,0.918,-1.691
dispel_magic,kelvin,as,8928,-2.623,0.837,-2.258
divine_barrier,kelvin,as,8076,-1.325,0.774,-1.164
duration_extender,kelvin,as,50016,2.567,0.428,2.463
enchanters_emblem,kelvin,as,47489,1.020,0.437,0.977
enduring_speed,kelvin,as,48441,0.432,0.414,0.416
escalating_exposure,kelvin,as,92944,-1.703,0.320,-1.663
extra_charge,kelvin,as,119293,0.391,0.291,0.384
extra_health,kelvin,as,2001,-3.222,1.448,-2.171
extra_regen,kelvin,as,100897,0.435,0.315,0.426
extra_spirit,kelvin,as,110879,-0.177,0.301,-0.174
extra_stamina,kelvin,as,41392,-0.985,0.463,-0.939
golden_goose_egg,kelvin,as,7233,-1.537,0.901,-1.294
greater_expansion,kelvin,as,79673,0.811,0.343,0.790
grit,kelvin,as,10298,-2.360,0.748,-2.090
guardian_ward,kelvin,as,10509,-2.933,0.732,-2.611
healbane,kelvin,as,75700,1.203,0.363,1.168
healing_booster,kelvin,as,96306,-0.424,0.321,-0.414
healing_nova,kelvin,as,4312,-1.016,0.995,-0.827
healing_rite,kelvin,as,22942,-0.545,0.592,-0.504
healing_tempo,kelvin,as,34576,-1.273,0.481,-1.209
heroic_aura,kelvin,as,3085,-4.232,1.053,-3.369
high_velocity_rounds,kelvin,as,41120,-1.225,0.451,-1.170
improved_spirit,kelvin,as,118867,-0.161,0.289,-0.158
indomitable,kelvin,as,8295,-1.875,0.812,-1.628
infuser,kelvin,as,22042,-1.511,0.558,-1.410
juggernaut,kelvin,as,12407,-1.304,0.690,-1.175
knockdown,kelvin,as,9420,-3.572,0.838,-3.073
leech,kelvin,as,5423,-2.168,0.943,-1.799
mercurial_magnum,kelvin,as,3230,-3.991,1.329,-2.835
metal_skin,kelvin,as,4910,-1.708,0.975,-1.400
monster_rounds,kelvin,as,6681,-0.988,0.840,-0.849
mystic_burst,kelvin,as,40621,2.721,0.468,2.590
mystic_expansion,kelvin,as,89623,1.156,0.334,1.126
mystic_regeneration,kelvin,as,37705,-1.356,0.490,-1.284
mystic_reverb,kelvin,as,19681,4.389,0.581,4.072
mystic_slow,kelvin,as,14037,-2.979,0.736,-2.648
mystic_vulnerability,kelvin,as,96169,-0.992,0.319,-0.970
opening_rounds,kelvin,as,38138,-0.814,0.465,-0.776
plated_armor,kelvin,as,6364,-2.969,0.883,-2.516
quicksilver_reload,kelvin,as,3867,-1.825,1.296,-1.315
radiant_regeneration,kelvin,as,40226,-1.876,0.475,-1.783
rapid_recharge,kelvin,as,107194,0.453,0.303,0.443
reactive_barrier,kelvin,as,6122,-2.663,0.915,-2.232
rebuttal,kelvin,as,2769,-0.691,1.363,-0.484
refresher,kelvin,as,4693,-0.676,0.963,-0.557
rescue_beam,kelvin,as,22521,-1.874,0.603,-1.729
rusted_barrel,kelvin,as,6240,-1.724,0.940,-1.432
scourge,kelvin,as,2628,-0.768,1.361,-0.538
slowing_hex,kelvin,as,13899,-0.204,0.714,-0.182
spellbreaker,kelvin,as,3586,-2.827,1.034,-2.268
spirit_burn,kelvin,as,59735,2.934,0.367,2.845
spirit_lifesteal,kelvin,as,51698,-1.185,0.425,-1.138
spirit_resilience,kelvin,as,14923,-3.908,0.671,-3.540
sprint_boots,kelvin,as,71761,-0.080,0.363,-0.077
superior_cooldown,kelvin,as,88407,0.882,0.327,0.861
superior_duration,kelvin,as,68002,1.563,0.364,1.516
suppressor,kelvin,as,12639,-0.879,0.759,-0.775
surge_of_power,kelvin,as,7654,1.392,0.876,1.183
swift_striker,kelvin,as,2846,-3.354,1.357,-2.354
tankbuster,kelvin,as,49422,2.607,0.425,2.503
titanic_magazine,kelvin,as,3071,-3.072,1.340,-2.172
torment_pulse,kelvin,as,43665,-1.821,0.451,-1.740
transcendent_cooldown,kelvin,as,42440,1.891,0.429,1.814
trophy_collector,kelvin,as,70197,1.283,0.373,1.243
unstoppable,kelvin,as,3230,-1.674,1.094,-1.311
witchmail,kelvin,as,8259,1.668,0.807,1.450
arcane_surge,lady_geist,as,28345,-4.061,0.581,-3.768
ballistic_enchantment,lady_geist,as,33479,-0.675,0.505,-0.637
berserker,lady_geist,as,89635,-3.098,0.328,-3.023
blood_tribute,lady_geist,as,8341,-5.000,0.888,-4.230
boundless_spirit,lady_geist,as,90034,2.353,0.311,2.301
bullet_lifesteal,lady_geist,as,38581,2.539,0.472,2.415
bullet_resilience,lady_geist,as,13742,2.759,0.704,2.476
bullet_resist_shredder,lady_geist,as,24338,-3.202,0.592,-2.962
cheat_death,lady_geist,as,9758,0.701,0.794,0.612
compress_cooldown,lady_geist,as,126810,1.608,0.278,1.580
counterspell,lady_geist,as,14089,-3.256,0.714,-2.913
crippling_headshot,lady_geist,as,4947,-2.482,0.956,-2.050
cultist_sacrifice,lady_geist,as,25027,-2.773,0.582,-2.572
debuff_reducer,lady_geist,as,12577,-4.894,0.738,-4.348
disarming_hex,lady_geist,as,2312,-7.880,1.386,-5.461
dispel_magic,lady_geist,as,23692,-1.413,0.616,-1.299
duration_extender,lady_geist,as,8681,-0.063,0.832,-0.055
echo_shard,lady_geist,as,6526,2.738,0.858,2.340
enchanters_emblem,lady_geist,as,17181,0.309,0.670,0.280
enduring_speed,lady_geist,as,122339,1.818,0.280,1.786
escalating_exposure,lady_geist,as,115496,1.381,0.283,1.356
extra_charge,lady_geist,as,28060,0.004,0.553,0.003
extra_health,lady_geist,as,3311,-3.492,1.086,-2.745
extra_regen,lady_geist,as,129728,-1.810,0.277,-1.778
extra_spirit,lady_geist,as,166836,0.296,0.239,0.292
extra_stamina,lady_geist,as,62091,-2.937,0.388,-2.838
fleetfoot,lady_geist,as,36728,-2.371,0.473,-2.255
frenzy,lady_geist,as,14244,-3.868,0.657,-3.518
golden_goose_egg,lady_geist,as,4439,0.075,1.037,0.060
greater_expansion,lady_geist,as,108625,1.001,0.293,0.981
grit,lady_geist,as,5928,-0.792,0.936,-0.659
healbane,lady_geist,as,44150,-2.203,0.461,-2.101
healing_booster,lady_geist,as,116109,-2.493,0.292,-2.444
healing_rite,lady_geist,as,9271,-0.659,0.800,-0.574
healing_tempo,lady_geist,as,28523,-3.589,0.509,-3.386
improved_spirit,lady_geist,as,144228,2.307,0.260,2.271
indomitable,lady_geist,as,10128,-1.000,0.776,-0.878
infuser,lady_geist,as,25830,-1.403,0.535,-1.316
inhibitor,lady_geist,as,6631,-4.579,0.850,-3.924
juggernaut,lady_geist,as,29744,-0.286,0.498,-0.271
kinetic_dash,lady_geist,as,70594,-1.528,0.365,-1.482
knockdown,lady_geist,as,4535,-8.531,1.016,-6.891
leech,lady_geist,as,89675,-0.953,0.318,-0.931
mercurial_magnum,lady_geist,as,18447,0.451,0.658,0.410
metal_skin,lady_geist,as,10674,0.517,0.801,0.450
monster_rounds,lady_geist,as,65287,-3.055,0.378,-2.958
mystic_burst,lady_geist,as,196230,1.753,0.225,1.733
mystic_expansion,lady_geist,as,163373,0.626,0.248,0.617
mystic_regeneration,lady_geist,as,216158,0.254,0.217,0.251
mystic_reverb,lady_geist,as,76065,1.038,0.355,1.009
mystic_slow,lady_geist,as,4869,-0.423,0.991,-0.345
mystic_vulnerability,lady_geist,as,134606,1.026,0.270,1.009
plated_armor,lady_geist,as,18877,-1.471,0.621,-1.351
quicksilver_reload,lady_geist,as,13522,1.414,0.739,1.256
radiant_regeneration,lady_geist,as,223876,0.121,0.213,0.119
rapid_recharge,lady_geist,as,34939,0.993,0.501,0.939
reactive_barrier,lady_geist,as,8374,-0.370,0.852,-0.317
rebuttal,lady_geist,as,5138,-1.396,0.981,-1.142
recharging_rush,lady_geist,as,38140,-2.680,0.451,-2.560
refresher,lady_geist,as,11840,-0.868,0.734,-0.772
restorative_shot,lady_geist,as,7436,-5.012,0.841,-4.310
ricochet,lady_geist,as,3850,1.695,0.993,1.381
silencer,lady_geist,as,4527,-4.406,0.967,-3.624
siphon_bullets,lady_geist,as,2081,-1.348,1.434,-0.914
slowing_hex,lady_geist,as,4901,-3.557,1.004,-2.886
spellbreaker,lady_geist,as,11836,-1.640,0.713,-1.468
spellslinger,lady_geist,as,56834,-3.992,0.390,-3.857
spirit_burn,lady_geist,as,85678,2.455,0.319,2.398
spirit_lifesteal,lady_geist,as,167167,-0.465,0.245,-0.459
spirit_rend,lady_geist,as,4574,0.247,0.998,0.201
spirit_resilience,lady_geist,as,124838,0.812,0.281,0.798
spirit_shielding,lady_geist,as,2240,-7.128,1.412,-4.882
spirit_shredder_bullets,lady_geist,as,5212,1.791,0.949,1.482
spiritual_overflow,lady_geist,as,21799,-1.746,0.631,-1.599
sprint_boots,lady_geist,as,127281,1.330,0.278,1.306
stamina_mastery,lady_geist,as,9069,-0.658,0.751,-0.583
superior_cooldown,lady_geist,as,128436,0.471,0.274,0.463
superior_duration,lady_geist,as,11344,-0.106,0.767,-0.093
suppressor,lady_geist,as,7062,-3.144,0.903,-2.646
surge_of_power,lady_geist,as,30672,-4.405,0.487,-4.177
tankbuster,lady_geist,as,150703,2.937,0.256,2.894
toxic_bullets,lady_geist,as,4781,-5.761,0.994,-4.692
transcendent_cooldown,lady_geist,as,76130,0.966,0.332,0.942
trophy_collector,lady_geist,as,18961,2.653,0.656,2.413
unstoppable,lady_geist,as,5725,-7.625,0.939,-6.336
warp_stone,lady_geist,as,24569,-2.522,0.554,-2.355
weakening_headshot,lady_geist,as,3277,-0.167,1.095,-0.131
witchmail,lady_geist,as,13916,0.704,0.680,0.636
alchemical_fire,lash,as,6697,1.189,0.910,0.998
arcane_surge,lash,as,12227,-5.967,0.708,-5.348
arctic_blast,lash,as,24494,2.562,0.538,2.401
ballistic_enchantment,lash,as,4064,-0.313,1.040,-0.251
battle_vest,lash,as,2045,-1.846,1.441,-1.248
boundless_spirit,lash,as,230258,-0.595,0.198,-0.589
bullet_resilience,lash,as,7375,-1.132,0.817,-0.981
bullet_resist_shredder,lash,as,15202,-0.775,0.760,-0.684
cheat_death,lash,as,2042,0.396,1.439,0.268
cold_front,lash,as,96310,0.641,0.297,0.628
compress_cooldown,lash,as,164574,0.183,0.246,0.181
counterspell,lash,as,16747,1.288,0.665,1.169
crippling_headshot,lash,as,13288,2.116,0.725,1.887
cursed_relic,lash,as,5966,-2.727,0.931,-2.272
debuff_reducer,lash,as,60761,-0.478,0.390,-0.461
disarming_hex,lash,as,4379,-4.126,1.016,-3.332
dispel_magic,lash,as,64190,0.842,0.407,0.811
divine_barrier,lash,as,3156,1.852,1.056,1.473
diviners_kevlar,lash,as,7677,-0.381,0.844,-0.328
enchanters_emblem,lash,as,53236,-0.853,0.401,-0.822
enduring_speed,lash,as,4525,0.908,0.912,0.762
escalating_exposure,lash,as,4663,2.195,0.941,1.822
extra_charge,lash,as,340545,-0.527,0.172,-0.523
extra_health,lash,as,2958,0.701,1.348,0.494
extra_regen,lash,as,36601,-1.130,0.491,-1.070
extra_spirit,lash,as,304594,-0.879,0.179,-0.873
extra_stamina,lash,as,266804,0.346,0.191,0.343
focus_lens,lash,as,2328,1.361,1.404,0.936
fortitude,lash,as,2648,2.730,1.371,1.904
golden_goose_egg,lash,as,2422,-2.972,1.394,-2.052
greater_expansion,lash,as,252305,-1.389,0.195,-1.377
grit,lash,as,39784,1.043,0.492,0.988
headhunter,lash,as,254987,0.893,0.196,0.885
headshot_booster,lash,as,281072,1.070,0.187,1.062
healbane,lash,as,91882,-0.090,0.314,-0.088
healing_booster,lash,as,4270,-2.433,1.045,-1.944
healing_rite,lash,as,29947,-0.146,0.535,-0.137
high_velocity_rounds,lash,as,4658,3.470,1.051,2.766
improved_spirit,lash,as,302836,-0.759,0.181,-0.753
indomitable,lash,as,32673,0.785,0.504,0.741
juggernaut,lash,as,2758,1.514,1.062,1.201
knockdown,lash,as,5596,-4.927,0.945,-4.085
leech,lash,as,3559,1.637,1.076,1.292
lightning_scroll,lash,as,3698,-1.460,1.039,-1.169
long_range,lash,as,3402,6.849,1.317,4.892
magic_carpet,lash,as,26997,5.818,0.519,5.478
majestic_leap,lash,as,79393,1.789,0.341,1.742
mercurial_magnum,lash,as,28376,0.369,0.507,0.349
metal_skin,lash,as,10853,-0.421,0.764,-0.371
monster_rounds,lash,as,7425,-0.184,0.917,-0.154
mystic_burst,lash,as,353976,0.762,0.168,0.757
mystic_expansion,lash,as,265857,-0.332,0.194,-0.330
mystic_regeneration,lash,as,3992,1.095,1.059,0.870
mystic_reverb,lash,as,119326,3.424,0.271,3.367
mystic_shot,lash,as,195799,0.705,0.225,0.697
mystic_slow,lash,as,2364,-1.252,1.401,-0.862
mystic_vulnerability,lash,as,4731,-0.890,0.996,-0.724
plated_armor,lash,as,11799,-0.986,0.707,-0.884
quicksilver_reload,lash,as,238182,0.679,0.204,0.672
radiant_regeneration,lash,as,3066,0.442,1.340,0.313
rapid_recharge,lash,as,104726,-1.216,0.287,-1.193
reactive_barrier,lash,as,29339,1.115,0.541,1.044
rebuttal,lash,as,8193,-0.899,0.851,-0.771
recharging_rush,lash,as,66799,-0.863,0.363,-0.838
refresher,lash,as,116382,-6.971,0.287,-6.840
restorative_locket,lash,as,32487,0.758,0.526,0.713
restorative_shot,lash,as,13928,-1.578,0.694,-1.420
rusted_barrel,lash,as,2818,-4.324,1.353,-3.040
sharpshooter,lash,as,7503,3.438,0.933,2.862
silence_wave,lash,as,5404,0.101,0.939,0.084
siphon_bullets,lash,as,21497,-1.803,0.646,-1.645
slowing_hex,lash,as,9122,-1.614,0.822,-1.397
spellbreaker,lash,as,13385,-0.630,0.669,-0.571
spirit_burn,lash,as,187883,1.521,0.216,1.504
spirit_lifesteal,lash,as,10706,-1.465,0.793,-1.280
spirit_rend,lash,as,2377,-1.023,1.400,-0.704
spirit_resilience,lash,as,28810,-3.253,0.515,-3.065
spirit_sap,lash,as,4337,2.362,1.021,1.904
spirit_shielding,lash,as,40003,1.699,0.492,1.609
sprint_boots,lash,as,83771,-0.865,0.331,-0.843
stamina_mastery,lash,as,294805,0.567,0.182,0.563
superior_cooldown,lash,as,217439,-0.256,0.210,-0.254
suppressor,lash,as,2164,-1.677,1.426,-1.142
surge_of_power,lash,as,6130,-0.763,0.916,-0.639
tankbuster,lash,as,337935,0.445,0.172,0.442
toxic_bullets,lash,as,4094,-1.430,1.037,-1.146
transcendent_cooldown,lash,as,110001,-0.791,0.280,-0.776
trophy_collector,lash,as,138613,-0.591,0.263,-0.581
unstoppable,lash,as,81696,-0.157,0.333,-0.153
vortex_web,lash,as,3065,0.136,1.088,0.107
warp_stone,lash,as,44239,-1.779,0.418,-1.710
weakening_headshot,lash,as,12449,2.757,0.792,2.408
weapon_shielding,lash,as,2999,-3.585,1.343,-2.532
witchmail,lash,as,5043,0.537,0.933,0.448
active_reload,mcginnis,as,6914,-9.733,0.916,-8.155
arcane_surge,mcginnis,as,31482,-0.474,0.471,-0.451
ballistic_enchantment,mcginnis,as,4728,-0.490,1.038,-0.393
battle_vest,mcginnis,as,14914,-2.145,0.744,-1.902
berserker,mcginnis,as,2752,0.502,1.364,0.351
boundless_spirit,mcginnis,as,37158,3.264,0.470,3.106
bullet_lifesteal,mcginnis,as,18519,-4.922,0.613,-4.528
bullet_resist_shredder,mcginnis,as,8952,-2.224,0.803,-1.936
burst_fire,mcginnis,as,7943,-7.311,0.874,-6.215
capacitor,mcginnis,as,8462,-6.256,0.847,-5.368
close_quarters,mcginnis,as,2459,-3.645,1.388,-2.523
colossus,mcginnis,as,2312,-3.030,1.407,-2.080
compress_cooldown,mcginnis,as,62983,1.387,0.378,1.342
counterspell,mcginnis,as,2577,0.102,1.379,0.071
crippling_headshot,mcginnis,as,5234,-0.479,0.955,-0.395
cultist_sacrifice,mcginnis,as,4976,-2.814,0.948,-2.331
debuff_reducer,mcginnis,as,8820,2.687,0.837,2.313
dispel_magic,mcginnis,as,3636,-0.525,1.073,-0.415
duration_extender,mcginnis,as,16765,3.292,0.641,3.007
echo_shard,mcginnis,as,7061,3.370,0.875,2.864
enchanters_emblem,mcginnis,as,43933,0.999,0.423,0.959
enduring_speed,mcginnis,as,41623,0.640,0.467,0.610
escalating_exposure,mcginnis,as,69850,0.487,0.356,0.473
escalating_resilience,mcginnis,as,13590,-1.922,0.709,-1.722
extended_magazine,mcginnis,as,28978,-3.422,0.531,-3.212
extra_charge,mcginnis,as,86916,0.337,0.326,0.329
extra_health,mcginnis,as,8514,-2.624,0.891,-2.218
extra_regen,mcginnis,as,36032,-0.397,0.499,-0.375
extra_spirit,mcginnis,as,32994,3.197,0.518,3.010
extra_stamina,mcginnis,as,57188,0.596,0.384,0.576
fleetfoot,mcginnis,as,18512,-2.612,0.648,-2.381
fortitude,mcginnis,as,6562,-1.966,0.957,-1.623
fury_trance,mcginnis,as,2504,-4.257,1.095,-3.334
glass_cannon,mcginnis,as,2765,-1.814,1.363,-1.270
golden_goose_egg,mcginnis,as,4765,-1.071,1.023,-0.862
greater_expansion,mcginnis,as,52141,1.069,0.394,1.032
grit,mcginnis,as,12607,0.520,0.736,0.462
healbane,mcginnis,as,52596,2.678,0.415,2.575
healing_booster,mcginnis,as,39901,-0.613,0.485,-0.582
healing_rite,mcginnis,as,3872,0.443,1.015,0.358
healing_tempo,mcginnis,as,30990,0.545,0.530,0.512
heroic_aura,mcginnis,as,61718,-0.718,0.393,-0.693
high_velocity_rounds,mcginnis,as,2436,-6.055,1.388,-4.193
hollow_point,mcginnis,as,3048,-3.040,1.340,-2.150
improved_spirit,mcginnis,as,48666,1.618,0.442,1.548
indomitable,mcginnis,as,9518,1.286,0.786,1.125
inhibitor,mcginnis,as,4241,-3.860,1.033,-3.098
intensifying_magazine,mcginnis,as,67099,1.063,0.388,1.028
juggernaut,mcginnis,as,10385,-2.517,0.755,-2.224
kinetic_dash,mcginnis,as,3099,-5.730,1.333,-4.064
knockdown,mcginnis,as,4317,-4.212,1.039,-3.372
leech,mcginnis,as,6210,-2.514,0.901,-2.117
lightning_scroll,mcginnis,as,29299,-0.241,0.519,-0.226
lucky_shot,mcginnis,as,3862,-4.929,1.050,-3.929
mercurial_magnum,mcginnis,as,20846,-1.325,0.616,-1.218
metal_skin,mcginnis,as,2473,2.607,1.381,1.811
monster_rounds,mcginnis,as,60182,-0.678,0.383,-0.656
mystic_expansion,mcginnis,as,73655,0.735,0.351,0.715
mystic_regeneration,mcginnis,as,13243,1.395,0.623,1.281
mystic_reverb,mcginnis,as,2674,3.406,1.365,2.382
mystic_slow,mcginnis,as,61116,-0.858,0.385,-0.829
mystic_vulnerability,mcginnis,as,73783,-0.078,0.356,-0.075
plated_armor,mcginnis,as,3513,-1.163,1.063,-0.922
quicksilver_reload,mcginnis,as,23867,-2.318,0.586,-2.148
radiant_regeneration,mcginnis,as,10900,1.358,0.646,1.239
rapid_recharge,mcginnis,as,75245,0.386,0.351,0.375
rapid_rounds,mcginnis,as,18238,-2.651,0.642,-2.421
reactive_barrier,mcginnis,as,8551,1.253,0.832,1.081
recharging_rush,mcginnis,as,20725,-0.946,0.643,-0.863
refresher,mcginnis,as,5911,1.878,0.894,1.586
ricochet,mcginnis,as,9580,-3.102,0.794,-2.709
silencer,mcginnis,as,4465,-4.031,1.002,-3.273
siphon_bullets,mcginnis,as,3664,-1.867,1.066,-1.479
slowing_bullets,mcginnis,as,3846,-3.079,1.059,-2.446
slowing_hex,mcginnis,as,2391,-2.072,1.397,-1.428
spellbreaker,mcginnis,as,2594,-0.558,1.378,-0.388
spellslinger,mcginnis,as,2259,2.492,1.409,1.709
spirit_burn,mcginnis,as,20829,3.182,0.558,2.969
spirit_lifesteal,mcginnis,as,17645,0.435,0.633,0.399
spirit_rend,mcginnis,as,2688,-1.253,1.369,-0.875
spirit_resilience,mcginnis,as,18445,-0.986,0.615,-0.907
spirit_shielding,mcginnis,as,9920,-0.758,0.848,-0.651
spirit_shredder_bullets,mcginnis,as,3983,-1.908,1.061,-1.514
spiritual_overflow,mcginnis,as,8793,0.363,0.862,0.310
split_shot,mcginnis,as,3216,-0.315,0.986,-0.257
sprint_boots,mcginnis,as,39056,0.357,0.484,0.339
stamina_mastery,mcginnis,as,30826,4.739,0.502,4.478
superior_cooldown,mcginnis,as,61060,0.989,0.383,0.956
superior_duration,mcginnis,as,21823,3.914,0.548,3.660
suppressor,mcginnis,as,31775,1.769,0.536,1.659
surge_of_power,mcginnis,as,3577,-0.400,1.081,-0.315
swift_striker,mcginnis,as,17599,-2.240,0.655,-2.038
tesla_bullets,mcginnis,as,19954,-5.235,0.664,-4.751
titanic_magazine,mcginnis,as,17343,-4.354,0.679,-3.935
toxic_bullets,mcginnis,as,4536,-6.699,1.002,-5.439
transcendent_cooldown,mcginnis,as,32855,0.078,0.469,0.074
trophy_collector,mcginnis,as,14621,3.309,0.721,2.954
unstoppable,mcginnis,as,7392,5.374,0.832,4.634
vampiric_burst,mcginnis,as,10401,-3.562,0.749,-3.154
weakening_headshot,mcginnis,as,5397,-0.186,0.916,-0.156
weighted_shots,mcginnis,as,4097,-2.583,1.067,-2.045
witchmail,mcginnis,as,2371,-0.817,1.399,-0.563
arcane_surge,mina,as,2069,-7.540,1.430,-5.123
arctic_blast,mina,as,8654,2.393,0.777,2.100
boundless_spirit,mina,as,264328,-2.404,0.186,-2.385
bullet_lifesteal,mina,as,3977,-3.646,1.042,-2.915
bullet_resilience,mina,as,3498,-3.886,1.018,-3.137
burst_fire,mina,as,7134,-3.717,0.871,-3.164
cheat_death,mina,as,16987,4.699,0.612,4.325
cold_front,mina,as,19149,-1.304,0.592,-1.207
compress_cooldown,mina,as,122889,0.268,0.277,0.263
counterspell,mina,as,19269,-0.166,0.591,-0.154
crippling_headshot,mina,as,15431,2.851,0.678,2.578
cursed_relic,mina,as,2286,-4.080,1.403,-2.806
debuff_reducer,mina,as,21745,-0.568,0.570,-0.528
disarming_hex,mina,as,3881,-2.684,1.049,-2.140
dispel_magic,mina,as,191684,1.360,0.218,1.345
divine_barrier,mina,as,2483,4.007,1.104,3.127
diviners_kevlar,mina,as,12489,4.626,0.612,4.258
enchanters_emblem,mina,as,8999,-4.402,0.803,-3.832
enduring_speed,mina,as,3833,-2.061,0.944,-1.710
escalating_exposure,mina,as,15296,2.198,0.665,1.994
ethereal_shift,mina,as,50385,2.574,0.397,2.484
extended_magazine,mina,as,11240,-3.922,0.758,-3.462
extra_health,mina,as,165324,-0.341,0.229,-0.337
extra_regen,mina,as,14305,-1.256,0.704,-1.127
extra_spirit,mina,as,297290,-0.773,0.177,-0.767
extra_stamina,mina,as,281243,0.157,0.182,0.156
focus_lens,mina,as,33898,1.867,0.456,1.781
fortitude,mina,as,13822,-2.728,0.688,-2.459
greater_expansion,mina,as,118527,-0.653,0.260,-0.643
grit,mina,as,97527,0.426,0.294,0.418
headhunter,mina,as,2159,2.183,1.426,1.486
healbane,mina,as,18005,-4.734,0.629,-4.337
healing_rite,mina,as,8231,-3.016,0.814,-2.616
high_velocity_rounds,mina,as,2576,-3.400,1.373,-2.369
improved_spirit,mina,as,293285,-1.286,0.179,-1.277
indomitable,mina,as,52596,1.316,0.386,1.272
kinetic_dash,mina,as,12243,-0.999,0.772,-0.878
knockdown,mina,as,4302,-6.535,1.007,-5.295
leech,mina,as,6208,-2.590,0.910,-2.175
lightning_scroll,mina,as,4352,0.510,0.997,0.415
mercurial_magnum,mina,as,63894,1.013,0.352,0.985
metal_skin,mina,as,8792,0.157,0.775,0.138
mystic_burst,mina,as,293840,1.137,0.178,1.128
mystic_expansion,mina,as,211364,-0.580,0.204,-0.574
mystic_regeneration,mina,as,3888,-2.317,1.057,-1.842
mystic_reverb,mina,as,3282,2.940,1.071,2.324
mystic_shot,mina,as,41636,-0.584,0.466,-0.556
mystic_slow,mina,as,4049,-2.754,1.030,-2.212
mystic_vulnerability,mina,as,15118,-1.906,0.690,-1.717
plated_armor,mina,as,7099,-1.006,0.826,-0.869
quicksilver_reload,mina,as,284411,0.064,0.180,0.064
radiant_regeneration,mina,as,2768,-3.656,1.359,-2.564
rapid_rounds,mina,as,77517,1.313,0.308,1.285
reactive_barrier,mina,as,79344,0.319,0.329,0.311
rebuttal,mina,as,2731,-1.247,1.362,-0.874
refresher,mina,as,2081,-10.435,1.428,-7.096
restorative_locket,mina,as,16113,0.896,0.698,0.806
restorative_shot,mina,as,3845,-4.458,1.056,-3.545
ricochet,mina,as,29938,1.133,0.528,1.065
rusted_barrel,mina,as,2387,-3.874,1.382,-2.689
siphon_bullets,mina,as,18808,3.030,0.604,2.794
slowing_hex,mina,as,9343,-2.172,0.836,-1.870
spellbreaker,mina,as,23267,1.826,0.532,1.714
spirit_burn,mina,as,213812,-1.480,0.204,-1.466
spirit_lifesteal,mina,as,41135,1.495,0.464,1.424
spirit_rend,mina,as,159647,1.583,0.246,1.561
spirit_resilience,mina,as,14715,-4.491,0.663,-4.078
spirit_sap,mina,as,128071,2.563,0.269,2.521
spirit_shielding,mina,as,45650,-0.246,0.402,-0.237
spirit_shredder_bullets,mina,as,176818,1.266,0.240,1.249
spiritual_overflow,mina,as,58301,4.315,0.380,4.176
sprint_boots,mina,as,8130,-0.603,0.824,-0.521
stamina_mastery,mina,as,277730,-0.568,0.182,-0.564
superior_cooldown,mina,as,168969,0.151,0.235,0.149
surge_of_power,mina,as,18872,-2.750,0.639,-2.513
swift_striker,mina,as,113608,-0.173,0.261,-0.170
tankbuster,mina,as,285301,-0.056,0.180,-0.055
titanic_magazine,mina,as,12912,-4.326,0.739,-3.842
toxic_bullets,mina,as,50276,-0.103,0.345,-0.100
transcendent_cooldown,mina,as,93465,0.089,0.297,0.087
trophy_collector,mina,as,8544,-2.312,0.839,-1.989
unstoppable,mina,as,2970,-3.065,1.090,-2.405
weakening_headshot,mina,as,6932,6.713,0.884,5.688
weapon_shielding,mina,as,21072,2.642,0.583,2.450
boundless_spirit,mirage,as,34805,1.858,0.472,1.767
bullet_lifesteal,mirage,as,3703,-1.005,1.301,-0.723
bullet_resilience,mirage,as,3654,-2.068,1.004,-1.678
burst_fire,mirage,as,3694,-7.056,1.035,-5.657
compress_cooldown,mirage,as,91283,-1.289,0.334,-1.257
counterspell,mirage,as,9852,1.035,0.781,0.907
crippling_headshot,mirage,as,3716,3.784,1.063,3.002
cultist_sacrifice,mirage,as,5931,-0.294,0.972,-0.242
debuff_reducer,mirage,as,4570,-3.284,0.987,-2.681
disarming_hex,mirage,as,6797,5.851,0.868,4.985
dispel_magic,mirage,as,54058,2.045,0.424,1.964
diviners_kevlar,mirage,as,4806,4.457,0.991,3.633
echo_shard,mirage,as,4194,5.334,0.996,4.339
enchanters_emblem,mirage,as,7241,-2.883,0.822,-2.494
enduring_speed,mirage,as,6864,-2.335,0.852,-2.000
escalating_exposure,mirage,as,89189,-3.510,0.324,-3.427
extended_magazine,mirage,as,46055,1.621,0.430,1.555
extra_charge,mirage,as,4634,-0.414,0.998,-0.337
extra_health,mirage,as,2796,-2.912,1.355,-2.045
extra_regen,mirage,as,5141,-3.140,0.947,-2.601
extra_spirit,mirage,as,44801,-0.727,0.442,-0.696
extra_stamina,mirage,as,24574,-1.409,0.602,-1.300
fortitude,mirage,as,2808,-2.114,1.356,-1.484
golden_goose_egg,mirage,as,3077,-1.719,1.333,-1.219
grit,mirage,as,4223,2.061,1.035,1.652
headhunter,mirage,as,26542,0.552,0.552,0.515
headshot_booster,mirage,as,32351,0.673,0.506,0.636
healbane,mirage,as,92035,0.389,0.325,0.379
high_velocity_rounds,mirage,as,14983,0.032,0.644,0.030
improved_spirit,mirage,as,45040,0.166,0.448,0.159
indomitable,mirage,as,5029,1.250,0.970,1.027
inhibitor,mirage,as,33377,2.154,0.493,2.040
kinetic_dash,mirage,as,31490,0.825,0.589,0.764
leech,mirage,as,5507,2.210,0.925,1.845
mercurial_magnum,mirage,as,20203,2.193,0.605,2.022
metal_skin,mirage,as,2582,0.374,1.357,0.263
monster_rounds,mirage,as,50642,0.999,0.429,0.958
mystic_burst,mirage,as,5506,-0.763,0.961,-0.629
mystic_regeneration,mirage,as,104741,0.092,0.305,0.090
mystic_reverb,mirage,as,4270,0.232,1.029,0.186
mystic_shot,mirage,as,16276,-0.425,0.683,-0.384
mystic_vulnerability,mirage,as,101491,-2.360,0.310,-2.309
opening_rounds,mirage,as,20104,0.926,0.570,0.861
plated_armor,mirage,as,4064,0.375,1.046,0.300
quicksilver_reload,mirage,as,32804,0.793,0.503,0.749
radiant_regeneration,mirage,as,17673,-2.979,0.618,-2.738
rapid_recharge,mirage,as,2485,-1.365,1.386,-0.946
rapid_rounds,mirage,as,7503,-5.251,0.844,-4.510
reactive_barrier,mirage,as,4793,0.102,0.998,0.083
recharging_rush,mirage,as,33081,1.168,0.486,1.107
restorative_shot,mirage,as,2208,-1.470,1.413,-1.006
ricochet,mirage,as,102459,-1.523,0.309,-1.491
rusted_barrel,mirage,as,6970,2.414,0.858,2.064
silencer,mirage,as,22798,1.104,0.559,1.029
siphon_bullets,mirage,as,18188,2.909,0.593,2.691
spellbreaker,mirage,as,4514,-1.521,0.963,-1.253
spirit_burn,mirage,as,5495,1.248,0.926,1.042
spirit_lifesteal,mirage,as,40654,2.489,0.471,2.368
spirit_rend,mirage,as,20684,1.105,0.577,1.026
spirit_resilience,mirage,as,16618,-1.792,0.633,-1.640
spirit_sap,mirage,as,11485,0.871,0.740,0.773
spirit_shielding,mirage,as,3421,-0.109,1.075,-0.086
spirit_shredder_bullets,mirage,as,23178,1.288,0.568,1.198
spiritual_overflow,mirage,as,47631,2.738,0.428,2.627
sprint_boots,mirage,as,7212,-4.131,0.861,-3.527
stamina_mastery,mirage,as,3679,-2.318,0.970,-1.904
superior_cooldown,mirage,as,75352,-1.257,0.359,-1.220
superior_duration,mirage,as,2245,-1.262,1.414,-0.863
suppressor,mirage,as,56299,0.637,0.408,0.614
surge_of_power,mirage,as,5973,-4.810,0.884,-4.076
swift_striker,mirage,as,6745,-3.154,0.860,-2.694
tankbuster,mirage,as,5115,-1.012,0.973,-0.831
titanic_magazine,mirage,as,74353,1.580,0.353,1.536
toxic_bullets,mirage,as,99715,0.683,0.312,0.668
transcendent_cooldown,mirage,as,33412,-0.785,0.483,-0.745
trophy_collector,mirage,as,2748,-2.836,1.360,-1.988
alchemical_fire,mo_and_krill,as,2602,0.473,1.377,0.329
arcane_surge,mo_and_krill,as,5244,-4.757,0.966,-3.914
arctic_blast,mo_and_krill,as,92609,1.243,0.301,1.217
boundless_spirit,mo_and_krill,as,53619,1.179,0.380,1.141
bullet_resilience,mo_and_krill,as,16850,-1.602,0.621,-1.471
cheat_death,mo_and_krill,as,5011,1.632,0.927,1.362
close_quarters,mo_and_krill,as,2264,-3.478,1.413,-2.381
cold_front,mo_and_krill,as,183464,1.700,0.231,1.679
colossus,mo_and_krill,as,14747,-0.140,0.663,-0.127
compress_cooldown,mo_and_krill,as,141229,0.548,0.264,0.539
counterspell,mo_and_krill,as,4965,-4.339,0.976,-3.557
cursed_relic,mo_and_krill,as,6933,-5.034,0.881,-4.268
debuff_reducer,mo_and_krill,as,21303,-2.431,0.606,-2.241
decay,mo_and_krill,as,2115,-7.694,1.425,-5.238
disarming_hex,mo_and_krill,as,3667,-1.747,1.067,-1.384
dispel_magic,mo_and_krill,as,24163,-0.011,0.588,-0.010
diviners_kevlar,mo_and_krill,as,10491,-0.738,0.743,-0.655
duration_extender,mo_and_krill,as,101500,-0.946,0.303,-0.927
enchanters_emblem,mo_and_krill,as,33717,-0.452,0.450,-0.432
enduring_speed,mo_and_krill,as,66884,-2.497,0.347,-2.429
escalating_exposure,mo_and_krill,as,99140,3.114,0.295,3.053
extra_health,mo_and_krill,as,44209,0.311,0.453,0.297
extra_regen,mo_and_krill,as,46681,-2.668,0.450,-2.549
extra_spirit,mo_and_krill,as,161473,0.490,0.245,0.484
extra_stamina,mo_and_krill,as,4756,-3.168,0.962,-2.610
fleetfoot,mo_and_krill,as,8020,-3.742,0.780,-3.281
fortitude,mo_and_krill,as,56621,1.354,0.413,1.303
golden_goose_egg,mo_and_krill,as,3335,-5.746,1.322,-4.096
greater_expansion,mo_and_krill,as,64415,0.054,0.353,0.053
grit,mo_and_krill,as,10722,-0.924,0.782,-0.809
healbane,mo_and_krill,as,137553,0.602,0.258,0.593
healing_booster,mo_and_krill,as,38731,-2.049,0.521,-1.928
healing_rite,mo_and_krill,as,3548,-4.878,1.060,-3.873
healing_tempo,mo_and_krill,as,6098,-3.580,0.901,-3.015
heroic_aura,mo_and_krill,as,2190,0.174,1.416,0.119
improved_spirit,mo_and_krill,as,130272,-0.317,0.271,-0.312
indomitable,mo_and_krill,as,15722,-1.385,0.667,-1.256
juggernaut,mo_and_krill,as,40865,-1.868,0.421,-1.794
knockdown,mo_and_krill,as,5881,-5.636,0.945,-4.673
leech,mo_and_krill,as,2955,-2.654,1.084,-2.088
magic_carpet,mo_and_krill,as,5961,-0.324,0.905,-0.273
mercurial_magnum,mo_and_krill,as,8168,0.153,0.805,0.133
metal_skin,mo_and_krill,as,9737,-1.235,0.806,-1.074
monster_rounds,mo_and_krill,as,15031,-4.463,0.608,-4.112
mystic_burst,mo_and_krill,as,239849,1.235,0.202,1.223
mystic_expansion,mo_and_krill,as,98871,-0.146,0.309,-0.143
mystic_regeneration,mo_and_krill,as,67436,1.198,0.402,1.155
mystic_reverb,mo_and_krill,as,2216,0.194,1.409,0.133
mystic_vulnerability,mo_and_krill,as,73946,2.732,0.349,2.657
phantom_strike,mo_and_krill,as,39837,-3.502,0.463,-3.337
plated_armor,mo_and_krill,as,29484,-1.406,0.512,-1.326
quicksilver_reload,mo_and_krill,as,160679,0.498,0.244,0.492
radiant_regeneration,mo_and_krill,as,72498,1.023,0.388,0.989
reactive_barrier,mo_and_krill,as,13010,-1.081,0.729,-0.963
rebuttal,mo_and_krill,as,13574,0.064,0.703,0.057
refresher,mo_and_krill,as,3200,-1.082,1.085,-0.850
return_fire,mo_and_krill,as,12017,0.062,0.725,0.055
rusted_barrel,mo_and_krill,as,5347,-1.836,0.936,-1.527
scourge,mo_and_krill,as,91029,-1.494,0.305,-1.463
slowing_hex,mo_and_krill,as,11196,-2.916,0.793,-2.546
spellbreaker,mo_and_krill,as,14629,-1.740,0.657,-1.582
spirit_burn,mo_and_krill,as,44150,2.892,0.435,2.771
spirit_lifesteal,mo_and_krill,as,8639,-4.615,0.827,-3.986
spirit_resilience,mo_and_krill,as,89479,-0.068,0.311,-0.066
spirit_shielding,mo_and_krill,as,3974,-4.574,1.059,-3.634
sprint_boots,mo_and_krill,as,184439,-0.698,0.230,-0.690
superior_cooldown,mo_and_krill,as,172048,0.478,0.236,0.472
superior_duration,mo_and_krill,as,140173,-0.707,0.258,-0.696
suppressor,mo_and_krill,as,3668,-1.575,1.049,-1.256
surge_of_power,mo_and_krill,as,3244,-2.740,1.098,-2.144
tankbuster,mo_and_krill,as,191410,2.043,0.225,2.019
torment_pulse,mo_and_krill,as,223419,-1.595,0.209,-1.579
transcendent_cooldown,mo_and_krill,as,109607,-0.065,0.279,-0.064
trophy_collector,mo_and_krill,as,206025,-0.260,0.224,-0.257
unstoppable,mo_and_krill,as,19556,-3.061,0.624,-2.808
veil_walker,mo_and_krill,as,41576,2.808,0.510,2.648
warp_stone,mo_and_krill,as,81574,-0.268,0.311,-0.262
witchmail,mo_and_krill,as,64575,-0.614,0.365,-0.595
alchemical_fire,paige,as,19747,1.482,0.607,1.366
arcane_surge,paige,as,84077,-2.063,0.333,-2.012
ballistic_enchantment,paige,as,2624,1.419,1.371,0.989
battle_vest,paige,as,2549,-3.133,1.383,-2.174
boundless_spirit,paige,as,123318,1.556,0.269,1.531
bullet_lifesteal,paige,as,7143,-3.333,0.907,-2.801
bullet_resilience,paige,as,5413,-3.378,0.925,-2.821
bullet_resist_shredder,paige,as,4068,0.627,1.063,0.498
burst_fire,paige,as,3069,-5.231,1.340,-3.699
cheat_death,paige,as,9540,1.787,0.763,1.575
close_quarters,paige,as,6121,0.971,0.934,0.809
compress_cooldown,paige,as,182302,0.215,0.234,0.213
counterspell,paige,as,16476,-0.548,0.679,-0.495
crushing_fists,paige,as,8972,-2.579,0.895,-2.177
cursed_relic,paige,as,53218,1.632,0.415,1.570
debuff_reducer,paige,as,7909,-3.994,0.850,-3.423
decay,paige,as,9714,-2.280,0.807,-1.982
disarming_hex,paige,as,28433,2.564,0.565,2.388
dispel_magic,paige,as,5839,-3.897,0.972,-3.200
divine_barrier,paige,as,138733,-1.130,0.251,-1.114
diviners_kevlar,paige,as,8488,1.332,0.818,1.154
duration_extender,paige,as,123401,0.504,0.275,0.495
echo_shard,paige,as,15798,2.860,0.660,2.599
enchanters_emblem,paige,as,42861,1.378,0.449,1.317
enduring_speed,paige,as,29744,-1.127,0.516,-1.062
escalating_exposure,paige,as,66126,0.485,0.354,0.471
express_shot,paige,as,42289,2.458,0.483,2.333
extended_magazine,paige,as,2550,-3.109,1.382,-2.158
extra_charge,paige,as,224132,-0.006,0.212,-0.006
extra_health,paige,as,29742,-0.700,0.515,-0.660
extra_regen,paige,as,21195,-0.440,0.607,-0.405
extra_spirit,paige,as,177350,-0.308,0.235,-0.304
extra_stamina,paige,as,92494,0.753,0.316,0.736
fleetfoot,paige,as,4552,-3.688,1.046,-2.945
focus_lens,paige,as,2020,-0.494,1.440,-0.334
fortitude,paige,as,25038,-1.368,0.554,-1.278
golden_goose_egg,paige,as,14164,-0.717,0.720,-0.640
greater_expansion,paige,as,207528,-0.602,0.215,-0.595
grit,paige,as,171599,-0.382,0.236,-0.378
guardian_ward,paige,as,198112,-0.879,0.221,-0.869
healbane,paige,as,68265,-0.101,0.378,-0.098
healing_booster,paige,as,12468,-1.173,0.746,-1.040
healing_nova,paige,as,16515,-0.070,0.676,-0.063
healing_rite,paige,as,110276,-0.475,0.296,-0.466
healing_tempo,paige,as,7481,-1.423,0.837,-1.225
heroic_aura,paige,as,25554,-2.839,0.526,-2.669
high_velocity_rounds,paige,as,216827,1.124,0.215,1.112
improved_spirit,paige,as,163055,0.824,0.243,0.813
indomitable,paige,as,31366,-1.247,0.517,-1.175
infuser,paige,as,2906,-2.235,1.097,-1.749
juggernaut,paige,as,9921,-4.201,0.759,-3.708
knockdown,paige,as,119943,2.276,0.286,2.233
leech,paige,as,6548,-3.233,0.913,-2.712
lifestrike,paige,as,9772,-2.895,0.904,-2.436
lightning_scroll,paige,as,20503,-1.507,0.604,-1.390
lucky_shot,paige,as,2011,-2.222,1.436,-1.506
melee_charge,paige,as,13074,-4.312,0.817,-3.737
melee_lifesteal,paige,as,10592,-3.556,0.871,-3.026
mercurial_magnum,paige,as,4776,0.122,1.011,0.099
metal_skin,paige,as,5044,-3.981,0.978,-3.261
monster_rounds,paige,as,4121,-4.557,1.021,-3.673
mystic_burst,paige,as,41773,3.479,0.467,3.312
mystic_expansion,paige,as,231265,-0.061,0.207,-0.060
mystic_regeneration,paige,as,6715,0.685,0.907,0.576
mystic_reverb,paige,as,22514,1.175,0.581,1.090
mystic_slow,paige,as,26485,-0.990,0.573,-0.920
mystic_vulnerability,paige,as,67361,0.179,0.361,0.174
opening_rounds,paige,as,160217,1.326,0.248,1.308
plated_armor,paige,as,6085,-0.786,0.894,-0.663
point_blank,paige,as,3788,-1.148,1.298,-0.827
quicksilver_reload,paige,as,5924,-1.458,0.964,-1.200
radiant_regeneration,paige,as,6816,0.003,0.897,0.003
rapid_recharge,paige,as,184974,0.240,0.230,0.237
rapid_rounds,paige,as,5213,-5.462,1.001,-4.436
reactive_barrier,paige,as,42682,-1.010,0.467,-0.962
rebuttal,paige,as,10537,-0.868,0.806,-0.755
refresher,paige,as,46021,-0.350,0.423,-0.337
rescue_beam,paige,as,80635,-0.918,0.337,-0.895
ricochet,paige,as,5024,-1.785,0.973,-1.465
rusted_barrel,paige,as,23281,0.757,0.597,0.699
scourge,paige,as,6910,-0.375,0.873,-0.319
shadow_weave,paige,as,3087,-2.544,1.338,-1.800
sharpshooter,paige,as,2244,-0.535,1.414,-0.366
silence_wave,paige,as,6776,0.803,0.894,0.678
slowing_bullets,paige,as,6916,-3.446,0.916,-2.887
slowing_hex,paige,as,99157,1.869,0.314,1.828
spellbreaker,paige,as,11776,-2.920,0.713,-2.614
spellslinger,paige,as,2363,-2.521,1.397,-1.738
spirit_burn,paige,as,80856,0.575,0.321,0.562
spirit_lifesteal,paige,as,18437,-0.103,0.672,-0.093
spirit_resilience,paige,as,21270,-3.496,0.590,-3.236
spirit_shielding,paige,as,30462,-0.041,0.517,-0.038
spirit_snatch,paige,as,10718,-2.084,0.878,-1.769
spirit_strike,paige,as,10926,-2.781,0.872,-2.366
spiritual_overflow,paige,as,4570,0.005,1.013,0.004
split_shot,paige,as,10341,-4.685,0.809,-4.071
sprint_boots,paige,as,165278,-0.615,0.246,-0.606
stamina_mastery,paige,as,39332,0.928,0.437,0.889
superior_cooldown,paige,as,199514,-0.285,0.224,-0.282
superior_duration,paige,as,153210,0.621,0.243,0.612
suppressor,paige,as,4827,-4.276,1.010,-3.461
surge_of_power,paige,as,47778,-1.466,0.453,-1.399
swift_striker,paige,as,4313,-2.878,1.047,-2.297
tankbuster,paige,as,50541,2.693,0.421,2.588
titanic_magazine,paige,as,3243,-2.276,1.328,-1.617
transcendent_cooldown,paige,as,155938,-0.337,0.240,-0.333
trophy_collector,paige,as,205299,0.084,0.222,0.083
vampiric_burst,paige,as,2637,-1.144,1.371,-0.798
vortex_web,paige,as,68472,1.316,0.358,1.278
weapon_shielding,paige,as,16503,2.517,0.656,2.290
weighted_shots,paige,as,6460,-3.540,0.938,-2.942
witchmail,paige,as,9528,-0.583,0.756,-0.515
alchemical_fire,paradox,as,21763,0.393,0.614,0.362
arcane_surge,paradox,as,35239,-1.153,0.519,-1.086
ballistic_enchantment,paradox,as,11492,1.162,0.777,1.020
battle_vest,paradox,as,11234,1.174,0.648,1.071
boundless_spirit,paradox,as,19905,1.125,0.610,1.036
bullet_lifesteal,paradox,as,2333,0.746,1.404,0.513
bullet_resilience,paradox,as,2058,-1.929,1.432,-1.309
bullet_resist_shredder,paradox,as,4797,-1.009,0.924,-0.843
cheat_death,paradox,as,2772,1.349,1.113,1.049
close_quarters,paradox,as,11591,0.276,0.700,0.248
compress_cooldown,paradox,as,176981,-0.587,0.240,-0.579
counterspell,paradox,as,25386,-0.448,0.563,-0.418
crippling_headshot,paradox,as,43985,1.841,0.421,1.768
cultist_sacrifice,paradox,as,15621,-0.153,0.698,-0.137
cursed_relic,paradox,as,6791,-1.267,0.860,-1.082
debuff_reducer,paradox,as,6324,-1.281,0.901,-1.079
disarming_hex,paradox,as,5732,-3.324,0.938,-2.763
dispel_magic,paradox,as,18293,-0.649,0.669,-0.588
divine_barrier,paradox,as,3103,1.617,1.004,1.312
diviners_kevlar,paradox,as,4694,4.908,0.951,4.061
duration_extender,paradox,as,52669,-0.669,0.434,-0.641
echo_shard,paradox,as,42272,-1.663,0.473,-1.581
enchanters_emblem,paradox,as,11334,-1.931,0.809,-1.678
enduring_speed,paradox,as,15779,-1.907,0.658,-1.734
escalating_exposure,paradox,as,20537,1.112,0.612,1.024
express_shot,paradox,as,171358,2.002,0.238,1.976
extra_health,paradox,as,74535,-0.108,0.341,-0.106
extra_regen,paradox,as,30761,-0.665,0.519,-0.626
extra_spirit,paradox,as,38823,0.078,0.498,0.073
extra_stamina,paradox,as,138682,-0.151,0.268,-0.148
fortitude,paradox,as,73463,-0.501,0.330,-0.488
glass_cannon,paradox,as,63401,2.058,0.357,1.999
golden_goose_egg,paradox,as,2427,-1.279,1.390,-0.885
greater_expansion,paradox,as,42346,-0.891,0.463,-0.849
grit,paradox,as,13776,0.628,0.699,0.564
guardian_ward,paradox,as,3446,-0.266,0.935,-0.221
headhunter,paradox,as,113287,-0.432,0.299,-0.423
headshot_booster,paradox,as,127894,0.641,0.278,0.630
healbane,paradox,as,18633,-2.965,0.613,-2.729
healing_rite,paradox,as,5126,-0.459,0.955,-0.380
high_velocity_rounds,paradox,as,165250,0.198,0.247,0.195
hollow_point,paradox,as,89885,1.285,0.320,1.256
improved_spirit,paradox,as,35567,-0.226,0.494,-0.214
indomitable,paradox,as,16183,-1.154,0.676,-1.043
infuser,paradox,as,8252,-2.000,0.811,-1.736
juggernaut,paradox,as,4199,-0.283,0.958,-0.234
knockdown,paradox,as,9056,-2.901,0.846,-2.490
leech,paradox,as,4469,1.088,1.005,0.883
long_range,paradox,as,153251,0.861,0.250,0.848
lucky_shot,paradox,as,11391,2.364,0.701,2.123
mercurial_magnum,paradox,as,9607,5.904,0.769,5.195
metal_skin,paradox,as,5241,-0.206,0.964,-0.170
monster_rounds,paradox,as,55505,0.470,0.415,0.452
mystic_burst,paradox,as,158803,0.422,0.247,0.416
mystic_expansion,paradox,as,49812,-0.421,0.443,-0.403
mystic_regeneration,paradox,as,2263,-0.093,1.411,-0.064
mystic_reverb,paradox,as,142699,-2.114,0.255,-2.083
mystic_shot,paradox,as,160962,0.035,0.258,0.034
mystic_slow,paradox,as,4148,-1.960,1.034,-1.572
mystic_vulnerability,paradox,as,19789,0.931,0.638,0.851
opening_rounds,paradox,as,59094,0.508,0.434,0.487
plated_armor,paradox,as,4807,-1.799,0.950,-1.489
quicksilver_reload,paradox,as,4244,7.298,1.038,5.845
reactive_barrier,paradox,as,16214,-0.325,0.690,-0.293
rebuttal,paradox,as,7419,-0.683,0.881,-0.579
restorative_locket,paradox,as,24146,-1.120,0.637,-1.024
restorative_shot,paradox,as,104214,0.052,0.301,0.051
rusted_barrel,paradox,as,4775,-1.653,0.971,-1.358
sharpshooter,paradox,as,182331,0.243,0.231,0.240
silencer,paradox,as,4950,-1.316,0.917,-1.102
siphon_bullets,paradox,as,8730,1.154,0.793,1.007
slowing_bullets,paradox,as,5306,1.124,0.935,0.935
slowing_hex,paradox,as,53335,0.299,0.447,0.286
spellbreaker,paradox,as,8739,-1.505,0.772,-1.323
spirit_burn,paradox,as,103713,0.843,0.294,0.827
spirit_lifesteal,paradox,as,31350,-0.577,0.544,-0.540
spirit_resilience,paradox,as,25292,-2.461,0.549,-2.301
spirit_shielding,paradox,as,8012,0.022,0.852,0.019
spiritual_overflow,paradox,as,3475,0.016,1.086,0.012
sprint_boots,paradox,as,79378,-1.880,0.344,-1.830
stalker,paradox,as,2057,-2.577,1.436,-1.746
stamina_mastery,paradox,as,134146,-0.017,0.263,-0.017
superior_cooldown,paradox,as,123698,-1.112,0.276,-1.093
superior_duration,paradox,as,57378,-0.970,0.415,-0.933
surge_of_power,paradox,as,2417,0.179,1.396,0.124
tankbuster,paradox,as,184749,-0.383,0.231,-0.379
toxic_bullets,paradox,as,2740,-5.540,1.359,-3.884
transcendent_cooldown,paradox,as,70584,-0.785,0.343,-0.764
trophy_collector,paradox,as,99321,-0.610,0.306,-0.597
veil_walker,paradox,as,60042,-0.050,0.426,-0.048
vortex_web,paradox,as,18470,1.013,0.671,0.918
warp_stone,paradox,as,4219,-2.900,1.044,-2.317
weakening_headshot,paradox,as,36201,3.162,0.482,3.001
weighted_shots,paradox,as,7199,1.085,0.870,0.924
witchmail,paradox,as,3503,-1.153,1.054,-0.918
arctic_blast,pocket,as,41859,2.208,0.430,2.118
battle_vest,pocket,as,21630,0.442,0.507,0.418
boundless_spirit,pocket,as,64765,1.457,0.347,1.418
bullet_resilience,pocket,as,2109,-3.708,1.419,-2.531
cheat_death,pocket,as,26271,6.820,0.543,6.385
close_quarters,pocket,as,13870,-1.029,0.532,-0.966
cold_front,pocket,as,110551,0.740,0.285,0.726
compress_cooldown,pocket,as,137755,-1.093,0.262,-1.076
counterspell,pocket,as,6447,1.104,0.883,0.935
crippling_headshot,pocket,as,3415,2.051,1.059,1.629
cultist_sacrifice,pocket,as,153728,1.080,0.250,1.065
debuff_reducer,pocket,as,6292,0.594,0.892,0.502
dispel_magic,pocket,as,79664,1.362,0.347,1.325
diviners_kevlar,pocket,as,29576,2.427,0.480,2.305
duration_extender,pocket,as,104552,-0.594,0.298,-0.582
enchanters_emblem,pocket,as,70708,-0.353,0.343,-0.343
enduring_speed,pocket,as,2084,-0.376,1.155,-0.287
escalating_exposure,pocket,as,33653,0.573,0.474,0.545
ethereal_shift,pocket,as,36086,2.117,0.455,2.021
extra_health,pocket,as,2292,-0.206,1.409,-0.141
extra_regen,pocket,as,107139,-0.344,0.309,-0.337
extra_spirit,pocket,as,70339,0.174,0.339,0.170
extra_stamina,pocket,as,41998,-0.058,0.416,-0.056
greater_expansion,pocket,as,143709,-0.205,0.254,-0.202
grit,pocket,as,17133,0.197,0.682,0.178
healbane,pocket,as,8405,-4.912,0.844,-4.218
healing_rite,pocket,as,14352,-1.254,0.677,-1.134
improved_spirit,pocket,as,64634,1.480,0.360,1.438
indomitable,pocket,as,25961,1.004,0.562,0.935
knockdown,pocket,as,2820,-5.265,1.347,-3.712
leech,pocket,as,4030,1.937,1.030,1.556
majestic_leap,pocket,as,126210,2.784,0.269,2.738
metal_skin,pocket,as,2373,-0.580,1.378,-0.403
monster_rounds,pocket,as,158982,0.433,0.247,0.427
mystic_burst,pocket,as,187428,0.589,0.224,0.582
mystic_expansion,pocket,as,154985,-0.511,0.249,-0.503
mystic_regeneration,pocket,as,3518,1.215,1.076,0.959
mystic_shot,pocket,as,23900,0.536,0.545,0.501
mystic_vulnerability,pocket,as,70512,-1.748,0.344,-1.702
plated_armor,pocket,as,3519,-1.288,1.050,-1.027
point_blank,pocket,as,7679,-2.236,0.832,-1.928
quicksilver_reload,pocket,as,2606,-3.223,1.119,-2.500
radiant_regeneration,pocket,as,3257,0.590,1.086,0.464
rapid_rounds,pocket,as,91940,-0.007,0.316,-0.006
reactive_barrier,pocket,as,26329,1.336,0.585,1.239
rebuttal,pocket,as,2489,-0.626,1.385,-0.434
refresher,pocket,as,13942,-6.177,0.677,-5.586
restorative_locket,pocket,as,35976,1.528,0.555,1.427
restorative_shot,pocket,as,26562,-1.202,0.454,-1.147
slowing_hex,pocket,as,4095,-3.112,1.021,-2.509
spellbreaker,pocket,as,8041,1.753,0.800,1.527
spellslinger,pocket,as,2428,3.729,1.391,2.578
spirit_burn,pocket,as,152222,-3.312,0.249,-3.265
spirit_lifesteal,pocket,as,23599,4.378,0.575,4.067
spirit_resilience,pocket,as,13242,-3.297,0.688,-2.973
spirit_shielding,pocket,as,10040,-1.146,0.790,-1.001
spiritual_overflow,pocket,as,26801,4.281,0.538,4.013
sprint_boots,pocket,as,5339,-0.136,0.915,-0.114
stamina_mastery,pocket,as,33163,1.422,0.464,1.354
superior_cooldown,pocket,as,163490,-1.719,0.239,-1.697
superior_duration,pocket,as,146380,-1.414,0.251,-1.394
swift_striker,pocket,as,139897,0.454,0.263,0.447
tankbuster,pocket,as,179958,0.200,0.229,0.198
torment_pulse,pocket,as,3513,-2.199,1.063,-1.745
transcendent_cooldown,pocket,as,106256,-1.351,0.286,-1.326
trophy_collector,pocket,as,5922,1.973,0.922,1.649
unstoppable,pocket,as,2176,-3.516,1.423,-2.396
warp_stone,pocket,as,47928,-2.020,0.409,-1.945
witchmail,pocket,as,2798,0.842,1.116,0.654
alchemical_fire,rem,as,8241,-0.040,0.804,-0.035
arcane_surge,rem,as,62212,-2.018,0.360,-1.960
arctic_blast,rem,as,8472,3.020,0.729,2.690
armor_piercing_rounds,rem,as,2500,1.038,1.386,0.719
ballistic_enchantment,rem,as,30022,-0.154,0.522,-0.145
boundless_spirit,rem,as,139655,0.704,0.244,0.694
bullet_lifesteal,rem,as,16590,-4.216,0.668,-3.822
bullet_resilience,rem,as,4107,-2.909,0.997,-2.366
burst_fire,rem,as,12344,-5.338,0.710,-4.782
capacitor,rem,as,2985,-8.766,1.341,-6.195
cheat_death,rem,as,18394,2.399,0.593,2.218
close_quarters,rem,as,41757,1.897,0.429,1.819
cold_front,rem,as,15733,0.045,0.547,0.042
compress_cooldown,rem,as,137606,-0.158,0.253,-0.155
counterspell,rem,as,8909,-0.632,0.810,-0.549
crippling_headshot,rem,as,2292,3.871,1.404,2.661
cultist_sacrifice,rem,as,7427,-2.065,0.783,-1.809
cursed_relic,rem,as,93065,1.681,0.307,1.645
debuff_reducer,rem,as,4998,-2.327,0.951,-1.925
decay,rem,as,44466,1.015,0.444,0.970
disarming_hex,rem,as,30423,3.300,0.522,3.105
dispel_magic,rem,as,5583,-4.915,0.941,-4.082
divine_barrier,rem,as,84465,-1.706,0.296,-1.672
diviners_kevlar,rem,as,2263,-0.296,1.410,-0.203
duration_extender,rem,as,93110,-0.124,0.303,-0.121
echo_shard,rem,as,62711,0.929,0.349,0.903
enchanters_emblem,rem,as,61330,0.867,0.371,0.840
enduring_speed,rem,as,28101,-1.043,0.533,-0.978
escalating_exposure,rem,as,25634,0.093,0.517,0.088
express_shot,rem,as,6187,0.450,0.906,0.379
extended_magazine,rem,as,16673,-4.794,0.662,-4.354
extra_charge,rem,as,261763,-0.229,0.185,-0.227
extra_health,rem,as,5502,-2.802,0.892,-2.367
extra_regen,rem,as,137518,0.638,0.253,0.628
extra_spirit,rem,as,192545,0.377,0.212,0.373
extra_stamina,rem,as,55183,-0.097,0.383,-0.094
focus_lens,rem,as,10332,0.185,0.762,0.163
fortitude,rem,as,5096,-1.562,0.890,-1.321
glass_cannon,rem,as,5923,0.017,0.902,0.014
golden_goose_egg,rem,as,47060,-0.854,0.422,-0.820
greater_expansion,rem,as,126176,0.281,0.257,0.277
grit,rem,as,115315,-0.486,0.268,-0.478
guardian_ward,rem,as,133058,-0.479,0.250,-0.472
headhunter,rem,as,2282,0.282,1.410,0.193
headshot_booster,rem,as,16243,-0.538,0.652,-0.490
healbane,rem,as,59760,0.484,0.379,0.468
healing_booster,rem,as,205390,0.019,0.208,0.019
healing_nova,rem,as,88781,1.173,0.307,1.148
healing_rite,rem,as,90780,0.945,0.306,0.925
healing_tempo,rem,as,129137,-0.586,0.255,-0.577
heroic_aura,rem,as,43753,-2.109,0.410,-2.030
high_velocity_rounds,rem,as,102498,-0.696,0.289,-0.683
hunters_aura,rem,as,3223,3.071,1.330,2.181
improved_spirit,rem,as,201917,0.841,0.212,0.833
indomitable,rem,as,13991,-1.922,0.686,-1.734
juggernaut,rem,as,7061,1.894,0.807,1.647
knockdown,rem,as,53367,-0.092,0.410,-0.088
leech,rem,as,9762,-4.104,0.793,-3.584
lightning_scroll,rem,as,13623,0.372,0.689,0.336
lucky_shot,rem,as,6618,-0.002,0.886,-0.002
magic_carpet,rem,as,4712,-1.311,0.935,-1.091
mercurial_magnum,rem,as,18702,-0.144,0.642,-0.131
monster_rounds,rem,as,36710,-0.588,0.449,-0.562
mystic_burst,rem,as,135016,1.610,0.261,1.585
mystic_expansion,rem,as,159365,-0.482,0.236,-0.476
mystic_regeneration,rem,as,4072,-1.397,1.015,-1.128
mystic_reverb,rem,as,44814,0.833,0.424,0.800
mystic_shot,rem,as,4336,0.177,0.979,0.145
mystic_slow,rem,as,12482,2.728,0.724,2.433
mystic_vulnerability,rem,as,25593,0.986,0.523,0.927
opening_rounds,rem,as,78486,0.909,0.322,0.887
plated_armor,rem,as,4249,-3.799,0.976,-3.115
point_blank,rem,as,3283,-0.429,1.069,-0.340
quicksilver_reload,rem,as,27715,-2.466,0.551,-2.304
radiant_regeneration,rem,as,3562,-0.308,1.057,-0.245
rapid_recharge,rem,as,200160,0.056,0.211,0.055
rapid_rounds,rem,as,11192,-2.460,0.749,-2.178
reactive_barrier,rem,as,16103,-0.435,0.638,-0.397
rebuttal,rem,as,7744,-2.171,0.840,-1.867
recharging_rush,rem,as,3459,0.502,1.061,0.398
refresher,rem,as,8450,-3.423,0.817,-2.966
rescue_beam,rem,as,42555,-1.270,0.439,-1.216
restorative_locket,rem,as,34208,0.657,0.465,0.625
ricochet,rem,as,13685,-3.938,0.710,-3.528
rusted_barrel,rem,as,23457,0.867,0.575,0.806
scourge,rem,as,33677,-0.736,0.486,-0.698
shadow_weave,rem,as,2341,-5.841,0.994,-4.757
silence_wave,rem,as,17395,0.450,0.638,0.411
silencer,rem,as,4781,0.360,0.977,0.295
siphon_bullets,rem,as,8403,-5.848,0.839,-5.032
slowing_hex,rem,as,37230,-0.348,0.447,-0.333
spellbreaker,rem,as,6629,-0.058,0.841,-0.050
spirit_burn,rem,as,46846,2.015,0.402,1.943
spirit_lifesteal,rem,as,13736,-2.704,0.712,-2.420
spirit_rend,rem,as,4804,-0.310,0.996,-0.252
spirit_resilience,rem,as,17335,-4.409,0.610,-4.060
spirit_sap,rem,as,10709,3.120,0.730,2.778
spirit_shielding,rem,as,12979,-1.473,0.694,-1.326
spirit_shredder_bullets,rem,as,4357,-0.384,1.023,-0.309
spiritual_overflow,rem,as,5425,2.614,0.966,2.151
split_shot,rem,as,8298,-1.827,0.829,-1.577
sprint_boots,rem,as,134567,-0.668,0.261,-0.658
stamina_mastery,rem,as,12949,1.977,0.652,1.800
superior_cooldown,rem,as,169235,-0.543,0.228,-0.537
superior_duration,rem,as,130253,-0.422,0.255,-0.416
suppressor,rem,as,7402,0.836,0.854,0.716
surge_of_power,rem,as,50382,0.140,0.425,0.135
swift_striker,rem,as,7695,-4.308,0.862,-3.677
tankbuster,rem,as,131629,1.969,0.263,1.938
tesla_bullets,rem,as,4118,-6.974,1.055,-5.548
titanic_magazine,rem,as,18356,-3.048,0.646,-2.781
torment_pulse,rem,as,59350,-0.090,0.371,-0.088
toxic_bullets,rem,as,2035,-2.557,1.440,-1.729
transcendent_cooldown,rem,as,111681,-0.836,0.264,-0.822
trophy_collector,rem,as,174830,0.587,0.231,0.579
vampiric_burst,rem,as,10381,-3.002,0.776,-2.636
veil_walker,rem,as,2156,0.033,1.425,0.022
vortex_web,rem,as,7799,3.191,0.791,2.788
weapon_shielding,rem,as,4803,1.480,0.987,1.209
witchmail,rem,as,9873,1.052,0.766,0.927
arcane_surge,seven,as,117025,-1.855,0.276,-1.823
ballistic_enchantment,seven,as,48200,0.261,0.449,0.249
battle_vest,seven,as,5633,-0.808,0.996,-0.658
boundless_spirit,seven,as,122328,2.044,0.271,2.010
bullet_lifesteal,seven,as,9690,2.850,0.789,2.492
bullet_resilience,seven,as,9405,-1.211,0.771,-1.065
bullet_resist_shredder,seven,as,17811,2.754,0.608,2.538
capacitor,seven,as,2438,-1.760,1.392,-1.216
compress_cooldown,seven,as,78931,0.864,0.355,0.840
counterspell,seven,as,6792,-2.697,0.877,-2.291
crippling_headshot,seven,as,4838,0.318,0.932,0.265
cultist_sacrifice,seven,as,121765,2.108,0.272,2.072
debuff_reducer,seven,as,69231,-0.047,0.374,-0.045
dispel_magic,seven,as,13674,-1.202,0.731,-1.070
diviners_kevlar,seven,as,13634,1.243,0.693,1.119
duration_extender,seven,as,151567,-0.192,0.259,-0.189
enchanters_emblem,seven,as,93687,0.374,0.310,0.365
enduring_speed,seven,as,44877,-1.236,0.377,-1.197
escalating_exposure,seven,as,218673,-1.857,0.212,-1.838
escalating_resilience,seven,as,7625,-1.447,0.928,-1.207
extended_magazine,seven,as,22228,-1.196,0.656,-1.088
extra_charge,seven,as,108442,0.364,0.304,0.356
extra_health,seven,as,24892,1.158,0.593,1.071
extra_regen,seven,as,107452,-1.127,0.296,-1.104
extra_spirit,seven,as,154725,-0.350,0.251,-0.345
extra_stamina,seven,as,82512,-0.040,0.323,-0.039
fleetfoot,seven,as,41039,0.345,0.441,0.330
fortitude,seven,as,5997,-1.037,0.916,-0.869
golden_goose_egg,seven,as,9532,0.943,0.853,0.808
greater_expansion,seven,as,117332,-0.035,0.283,-0.034
grit,seven,as,69558,0.245,0.369,0.238
healbane,seven,as,175079,1.243,0.235,1.228
healing_booster,seven,as,5704,-0.406,0.936,-0.337
healing_rite,seven,as,9155,-0.129,0.801,-0.112
high_velocity_rounds,seven,as,36163,1.890,0.482,1.794
improved_spirit,seven,as,147087,0.937,0.259,0.923
indomitable,seven,as,60278,1.662,0.392,1.605
infuser,seven,as,90297,-1.519,0.315,-1.485
intensifying_magazine,seven,as,54521,0.158,0.405,0.153
juggernaut,seven,as,9368,-0.306,0.701,-0.275
leech,seven,as,31146,-0.020,0.508,-0.019
lightning_scroll,seven,as,44137,1.887,0.441,1.806
mercurial_magnum,seven,as,22713,3.906,0.590,3.616
metal_skin,seven,as,12637,-0.685,0.707,-0.614
monster_rounds,seven,as,189133,0.790,0.225,0.781
mystic_burst,seven,as,2725,-1.070,1.366,-0.748
mystic_expansion,seven,as,126199,-0.151,0.283,-0.148
mystic_regeneration,seven,as,9900,0.547,0.804,0.476
mystic_reverb,seven,as,4137,0.347,1.020,0.279
mystic_slow,seven,as,44303,0.890,0.465,0.847
mystic_vulnerability,seven,as,222689,-1.684,0.213,-1.666
opening_rounds,seven,as,41520,1.881,0.449,1.798
plated_armor,seven,as,11210,-3.371,0.734,-2.999
quicksilver_reload,seven,as,24564,1.767,0.604,1.629
radiant_regeneration,seven,as,6865,0.897,0.900,0.756
rapid_recharge,seven,as,89568,0.693,0.333,0.675
rapid_rounds,seven,as,4637,-2.219,0.965,-1.826
reactive_barrier,seven,as,55696,2.075,0.414,1.996
rebuttal,seven,as,4041,0.755,1.047,0.603
recharging_rush,seven,as,4054,-0.489,1.034,-0.392
refresher,seven,as,44749,-3.249,0.447,-3.105
restorative_locket,seven,as,5120,1.482,1.045,1.184
restorative_shot,seven,as,9132,-1.756,0.827,-1.517
slowing_bullets,seven,as,5023,0.729,1.022,0.588
slowing_hex,seven,as,3703,-5.032,1.079,-3.966
spellbreaker,seven,as,8664,-1.546,0.785,-1.354
spirit_burn,seven,as,55806,3.038,0.368,2.946
spirit_lifesteal,seven,as,201033,-1.164,0.225,-1.151
spirit_rend,seven,as,33237,0.440,0.483,0.418
spirit_resilience,seven,as,49053,0.135,0.403,0.130
spirit_shielding,seven,as,36247,1.388,0.483,1.317
spirit_shredder_bullets,seven,as,45393,1.886,0.417,1.814
spiritual_overflow,seven,as,87348,1.051,0.325,1.026
sprint_boots,seven,as,53979,-1.166,0.371,-1.130
stamina_mastery,seven,as,4646,-0.037,0.900,-0.031
superior_cooldown,seven,as,102794,0.061,0.311,0.060
superior_duration,seven,as,176128,-0.884,0.237,-0.873
suppressor,seven,as,50633,-0.728,0.408,-0.701
surge_of_power,seven,as,61100,-1.980,0.380,-1.917
swift_striker,seven,as,4144,-2.226,0.991,-1.815
tankbuster,seven,as,2765,-1.259,1.362,-0.881
tesla_bullets,seven,as,4588,-3.462,0.994,-2.819
titanic_magazine,seven,as,20458,0.041,0.666,0.037
toxic_bullets,seven,as,86621,0.633,0.319,0.619
transcendent_cooldown,seven,as,65734,0.526,0.360,0.511
trophy_collector,seven,as,26157,2.371,0.575,2.203
unstoppable,seven,as,106850,-0.392,0.301,-0.384
weakening_headshot,seven,as,2434,0.432,1.391,0.298
weapon_shielding,seven,as,3912,-1.772,1.072,-1.401
witchmail,seven,as,2183,-0.728,1.414,-0.498
arctic_blast,shiv,as,77494,-0.879,0.407,-0.847
battle_vest,shiv,as,125786,-0.376,0.328,-0.367
berserker,shiv,as,74155,-0.495,0.423,-0.475
boundless_spirit,shiv,as,23567,2.760,0.587,2.557
bullet_lifesteal,shiv,as,8421,4.284,0.852,3.669
bullet_resilience,shiv,as,24453,5.310,0.605,4.896
bullet_resist_shredder,shiv,as,125131,-3.213,0.327,-3.136
close_quarters,shiv,as,131437,-1.041,0.301,-1.020
cold_front,shiv,as,104412,1.199,0.363,1.164
colossus,shiv,as,3795,1.699,1.055,1.352
compress_cooldown,shiv,as,123880,0.771,0.302,0.755
counterspell,shiv,as,54401,1.065,0.411,1.025
crippling_headshot,shiv,as,4661,0.969,1.032,0.778
crushing_fists,shiv,as,4471,1.636,1.029,1.315
debuff_reducer,shiv,as,60731,0.641,0.440,0.613
decay,shiv,as,48443,1.807,0.452,1.726
disarming_hex,shiv,as,2366,-5.921,1.367,-4.137
dispel_magic,shiv,as,159439,1.811,0.280,1.779
duration_extender,shiv,as,6704,-2.677,0.913,-2.245
enchanters_emblem,shiv,as,52321,1.224,0.449,1.170
enduring_speed,shiv,as,31816,1.291,0.594,1.193
escalating_exposure,shiv,as,113423,-1.844,0.304,-1.805
ethereal_shift,shiv,as,42666,1.093,0.469,1.040
express_shot,shiv,as,121382,0.750,0.322,0.733
extended_magazine,shiv,as,14601,-0.564,0.946,-0.467
extra_charge,shiv,as,155152,0.253,0.266,0.249
extra_health,shiv,as,5679,0.543,0.953,0.449
extra_regen,shiv,as,138187,0.038,0.295,0.038
extra_spirit,shiv,as,23813,-0.995,0.626,-0.913
extra_stamina,shiv,as,7703,-0.806,0.844,-0.692
fleetfoot,shiv,as,40746,-2.221,0.442,-2.125
fortitude,shiv,as,4409,1.689,1.002,1.372
frenzy,shiv,as,5064,-0.668,0.992,-0.544
glass_cannon,shiv,as,39286,-1.671,0.529,-1.570
golden_goose_egg,shiv,as,2888,-3.827,1.345,-2.700
greater_expansion,shiv,as,7773,4.684,0.860,4.001
grit,shiv,as,12570,1.727,0.786,1.512
healbane,shiv,as,190063,0.931,0.244,0.919
healing_booster,shiv,as,99222,0.538,0.352,0.523
healing_rite,shiv,as,2177,-3.172,1.418,-2.166
healing_tempo,shiv,as,7605,2.347,0.884,1.989
heroic_aura,shiv,as,20259,-6.198,0.572,-5.763
high_velocity_rounds,shiv,as,82700,-1.237,0.380,-1.197
hollow_point,shiv,as,2897,4.363,1.353,3.068
hunters_aura,shiv,as,121598,-3.150,0.320,-3.078
improved_spirit,shiv,as,28096,-0.955,0.586,-0.885
indomitable,shiv,as,14923,1.294,0.721,1.155
infuser,shiv,as,21835,-1.262,0.626,-1.157
inhibitor,shiv,as,7509,-2.680,0.917,-2.244
juggernaut,shiv,as,27354,2.207,0.577,2.049
kinetic_dash,shiv,as,2152,-2.745,1.420,-1.874
knockdown,shiv,as,2442,-6.852,1.376,-4.770
leech,shiv,as,15431,2.047,0.727,1.824
lifestrike,shiv,as,4665,3.405,1.024,2.741
lucky_shot,shiv,as,55898,-5.863,0.425,-5.629
melee_charge,shiv,as,8113,2.571,0.899,2.167
melee_lifesteal,shiv,as,6617,2.582,0.955,2.133
mercurial_magnum,shiv,as,10299,-3.293,1.183,-2.489
metal_skin,shiv,as,16044,0.784,0.692,0.706
monster_rounds,shiv,as,45643,1.277,0.553,1.193
mystic_burst,shiv,as,9367,1.627,0.782,1.426
mystic_expansion,shiv,as,5814,0.112,0.951,0.092
mystic_regeneration,shiv,as,285128,0.029,0.208,0.029
mystic_reverb,shiv,as,53890,2.979,0.414,2.866
mystic_shot,shiv,as,8624,-1.164,0.897,-0.982
mystic_vulnerability,shiv,as,130777,-1.132,0.288,-1.111
opening_rounds,shiv,as,2518,-3.972,1.378,-2.762
phantom_strike,shiv,as,5807,-1.055,0.937,-0.877
plated_armor,shiv,as,53423,2.175,0.441,2.082
point_blank,shiv,as,43638,-1.344,0.494,-1.272
quicksilver_reload,shiv,as,10669,-1.582,1.180,-1.198
radiant_regeneration,shiv,as,292288,-0.538,0.206,-0.533
rapid_recharge,shiv,as,81317,-0.635,0.348,-0.618
rapid_rounds,shiv,as,11836,-1.059,0.961,-0.873
reactive_barrier,shiv,as,18110,1.496,0.700,1.344
rebuttal,shiv,as,15597,2.254,0.717,2.015
recharging_rush,shiv,as,3902,-0.991,1.293,-0.715
restorative_locket,shiv,as,30393,2.021,0.581,1.875
restorative_shot,shiv,as,163561,-0.342,0.273,-0.336
return_fire,shiv,as,3814,0.108,1.290,0.078
scourge,shiv,as,24033,1.295,0.623,1.188
silencer,shiv,as,5685,-3.126,0.885,-2.648
siphon_bullets,shiv,as,3759,0.024,1.300,0.018
slowing_bullets,shiv,as,2770,2.539,1.362,1.777
slowing_hex,shiv,as,5975,-3.351,0.959,-2.765
spellbreaker,shiv,as,26844,0.047,0.582,0.044
spirit_burn,shiv,as,9879,2.787,0.757,2.462
spirit_lifesteal,shiv,as,53992,0.437,0.464,0.416
spirit_rend,shiv,as,2590,-0.768,1.377,-0.534
spirit_resilience,shiv,as,99433,-0.191,0.331,-0.186
spirit_shielding,shiv,as,10323,-2.618,0.823,-2.264
spirit_shredder_bullets,shiv,as,2807,-0.146,1.358,-0.102
spirit_snatch,shiv,as,20466,2.040,0.613,1.877
spirit_strike,shiv,as,53356,0.519,0.409,0.500
spiritual_overflow,shiv,as,8045,-1.333,1.203,-0.999
sprint_boots,shiv,as,34276,2.603,0.574,2.419
stalker,shiv,as,22690,-2.308,0.539,-2.163
stamina_mastery,shiv,as,4985,0.909,0.902,0.765
superior_cooldown,shiv,as,118160,0.446,0.300,0.437
superior_duration,shiv,as,8367,-2.439,0.856,-2.086
suppressor,shiv,as,28348,1.093,0.606,1.008
surge_of_power,shiv,as,3591,-0.003,1.309,-0.002
swift_striker,shiv,as,16371,-1.873,0.887,-1.585
tankbuster,shiv,as,10269,2.299,0.764,2.026
titanic_magazine,shiv,as,22611,0.018,0.778,0.016
torment_pulse,shiv,as,122916,0.458,0.297,0.449
transcendent_cooldown,shiv,as,71092,0.611,0.360,0.594
trophy_collector,shiv,as,28855,2.243,0.600,2.071
unstoppable,shiv,as,39166,-0.373,0.503,-0.352
vampiric_burst,shiv,as,6761,1.654,0.827,1.429
warp_stone,shiv,as,16752,-1.711,0.677,-1.547
weighted_shots,shiv,as,8183,1.155,0.971,0.948
witchmail,shiv,as,36703,1.868,0.478,1.774
arcane_surge,silver,as,3672,-4.735,1.304,-3.401
arctic_blast,silver,as,12211,2.699,0.794,2.356
battle_vest,silver,as,26775,0.094,0.564,0.088
berserker,silver,as,145345,1.059,0.254,1.044
blood_tribute,silver,as,4942,4.949,0.957,4.085
boundless_spirit,silver,as,2486,-1.272,1.389,-0.880
bullet_lifesteal,silver,as,23259,-3.394,0.590,-3.141
bullet_resilience,silver,as,11920,0.601,0.734,0.534
bullet_resist_shredder,silver,as,50052,-0.720,0.402,-0.694
burst_fire,silver,as,5425,-4.890,0.949,-4.048
close_quarters,silver,as,167729,0.657,0.241,0.648
cold_front,silver,as,32336,0.323,0.597,0.298
colossus,silver,as,10051,-1.533,0.769,-1.349
compress_cooldown,silver,as,9894,3.609,0.816,3.129
counterspell,silver,as,26613,-1.186,0.571,-1.103
crushing_fists,silver,as,10623,-0.145,0.760,-0.128
cultist_sacrifice,silver,as,9885,-2.243,0.815,-1.945
debuff_reducer,silver,as,87042,0.080,0.339,0.078
decay,silver,as,2016,-7.106,1.429,-4.830
disarming_hex,silver,as,2531,-3.552,1.365,-2.484
dispel_magic,silver,as,34180,0.890,0.549,0.832
divine_barrier,silver,as,3096,-1.580,1.086,-1.242
diviners_kevlar,silver,as,60219,-0.814,0.429,-0.781
duration_extender,silver,as,62406,2.287,0.382,2.213
enchanters_emblem,silver,as,29771,-2.873,0.589,-2.660
enduring_speed,silver,as,39505,-1.611,0.450,-1.539
ethereal_shift,silver,as,2149,-3.609,1.427,-2.455
express_shot,silver,as,18702,1.394,0.523,1.311
extra_health,silver,as,57703,-1.141,0.403,-1.100
extra_regen,silver,as,89360,0.515,0.314,0.504
extra_spirit,silver,as,6198,-3.474,0.966,-2.858
extra_stamina,silver,as,62198,-1.206,0.380,-1.167
fleetfoot,silver,as,2059,-1.039,1.439,-0.703
fortitude,silver,as,43957,-1.476,0.451,-1.409
frenzy,silver,as,65617,-0.491,0.338,-0.478
glass_cannon,silver,as,2966,-0.807,1.105,-0.629
grit,silver,as,72599,-1.119,0.361,-1.087
guardian_ward,silver,as,6119,-2.664,0.925,-2.225
healbane,silver,as,46503,-1.244,0.425,-1.194
healing_booster,silver,as,89151,0.028,0.321,0.027
healing_rite,silver,as,3035,-5.804,1.094,-4.548
healing_tempo,silver,as,36796,0.807,0.455,0.770
high_velocity_rounds,silver,as,13309,1.582,0.640,1.446
hollow_point,silver,as,6883,-1.778,0.910,-1.493
hunters_aura,silver,as,173765,-0.680,0.240,-0.671
improved_spirit,silver,as,5266,-4.544,1.011,-3.677
indomitable,silver,as,14596,-2.836,0.700,-2.548
inhibitor,silver,as,27927,0.741,0.517,0.698
juggernaut,silver,as,22898,0.413,0.561,0.385
kinetic_dash,silver,as,11116,-4.497,0.740,-3.992
knockdown,silver,as,4168,-2.317,1.043,-1.852
leech,silver,as,6917,-0.528,0.895,-0.445
lifestrike,silver,as,162208,-0.541,0.245,-0.534
lucky_shot,silver,as,3509,-1.845,1.075,-1.456
melee_charge,silver,as,13058,-0.018,0.734,-0.016
melee_lifesteal,silver,as,227906,0.019,0.210,0.018
metal_skin,silver,as,15027,-0.989,0.692,-0.891
monster_rounds,silver,as,25146,-1.944,0.560,-1.813
mystic_burst,silver,as,34436,1.186,0.587,1.099
mystic_regeneration,silver,as,3531,-4.176,1.042,-3.339
mystic_shot,silver,as,3776,-3.974,1.297,-2.862
opening_rounds,silver,as,4725,-1.577,1.005,-1.279
phantom_strike,silver,as,29405,0.530,0.507,0.500
plated_armor,silver,as,32506,2.111,0.489,2.000
point_blank,silver,as,90101,-1.116,0.316,-1.091
radiant_regeneration,silver,as,4499,-2.724,0.907,-2.289
rapid_rounds,silver,as,17738,-1.530,0.620,-1.406
reactive_barrier,silver,as,15341,-1.781,0.704,-1.598
rebuttal,silver,as,10453,0.488,0.796,0.426
restorative_locket,silver,as,11034,2.075,0.808,1.803
restorative_shot,silver,as,182003,0.997,0.242,0.984
return_fire,silver,as,6035,0.544,0.938,0.452
rusted_barrel,silver,as,2796,-2.037,1.353,-1.432
scourge,silver,as,18213,2.111,0.648,1.925
shadow_weave,silver,as,4865,-1.508,1.260,-1.104
silence_wave,silver,as,3068,1.632,1.339,1.154
silencer,silver,as,35681,0.440,0.456,0.420
siphon_bullets,silver,as,2356,-1.500,1.402,-1.032
slowing_bullets,silver,as,144039,1.296,0.251,1.278
slowing_hex,silver,as,87962,1.802,0.334,1.756
spellbreaker,silver,as,28016,-0.567,0.525,-0.533
spellslinger,silver,as,4213,3.281,1.016,2.650
spirit_lifesteal,silver,as,5957,0.414,0.918,0.347
spirit_resilience,silver,as,115920,1.106,0.276,1.087
spirit_shielding,silver,as,64306,-0.371,0.375,-0.359
spirit_snatch,silver,as,24313,-0.702,0.564,-0.654
spirit_strike,silver,as,24908,-0.966,0.552,-0.903
spiritual_overflow,silver,as,6705,-0.183,0.845,-0.157
sprint_boots,silver,as,36482,-0.945,0.505,-0.892
stalker,silver,as,211577,0.084,0.219,0.083
stamina_mastery,silver,as,47499,-0.385,0.410,-0.370
superior_cooldown,silver,as,16670,4.595,0.683,4.149
superior_duration,silver,as,90512,1.132,0.316,1.107
surge_of_power,silver,as,2573,-1.275,1.380,-0.886
swift_striker,silver,as,23689,-1.337,0.530,-1.256
tankbuster,silver,as,57049,-0.568,0.464,-0.541
torment_pulse,silver,as,4891,-5.242,1.007,-4.247
toxic_bullets,silver,as,24299,-2.169,0.609,-1.998
transcendent_cooldown,silver,as,11772,5.464,0.734,4.860
trophy_collector,silver,as,13825,-3.694,0.750,-3.270
unstoppable,silver,as,81450,-0.573,0.337,-0.558
vampiric_burst,silver,as,13723,-2.671,0.697,-2.402
veil_walker,silver,as,10906,-0.436,0.864,-0.372
warp_stone,silver,as,58834,-1.236,0.395,-1.194
weapon_shielding,silver,as,11800,1.231,0.715,1.101
weighted_shots,silver,as,152557,0.913,0.245,0.900
witchmail,silver,as,10189,-4.046,0.763,-3.566
alchemical_fire,sinclair,as,40849,0.190,0.467,0.181
arcane_surge,sinclair,as,18614,-1.974,0.660,-1.794
arctic_blast,sinclair,as,4348,-2.395,1.042,-1.914
boundless_spirit,sinclair,as,86643,-1.615,0.330,-1.576
cheat_death,sinclair,as,5619,3.802,0.941,3.157
close_quarters,sinclair,as,5985,0.566,0.943,0.470
cold_front,sinclair,as,5295,-0.640,0.987,-0.522
compress_cooldown,sinclair,as,50412,1.749,0.431,1.678
counterspell,sinclair,as,11246,1.326,0.752,1.173
crushing_fists,sinclair,as,6516,-3.255,0.926,-2.718
cultist_sacrifice,sinclair,as,14337,0.173,0.728,0.154
cursed_relic,sinclair,as,9433,0.101,0.819,0.087
debuff_reducer,sinclair,as,11132,-0.783,0.793,-0.684
decay,sinclair,as,2383,-1.409,1.389,-0.975
disarming_hex,sinclair,as,5273,0.372,0.977,0.305
dispel_magic,sinclair,as,14042,1.638,0.727,1.460
divine_barrier,sinclair,as,7889,-0.762,0.807,-0.663
diviners_kevlar,sinclair,as,35701,0.205,0.492,0.194
duration_extender,sinclair,as,79594,-1.912,0.359,-1.856
echo_shard,sinclair,as,16556,-1.478,0.666,-1.341
enchanters_emblem,sinclair,as,54839,-0.039,0.399,-0.038
enduring_speed,sinclair,as,10285,0.993,0.782,0.870
escalating_exposure,sinclair,as,22476,0.402,0.578,0.373
extended_magazine,sinclair,as,2118,-2.357,1.422,-1.607
extra_charge,sinclair,as,104935,-0.123,0.307,-0.120
extra_health,sinclair,as,16157,0.641,0.707,0.575
extra_regen,sinclair,as,13659,-1.102,0.733,-0.980
extra_spirit,sinclair,as,101362,-0.320,0.312,-0.313
extra_stamina,sinclair,as,20820,-0.171,0.625,-0.157
fortitude,sinclair,as,18486,1.810,0.664,1.643
greater_expansion,sinclair,as,114405,-1.531,0.297,-1.501
grit,sinclair,as,24675,-0.406,0.590,-0.375
guardian_ward,sinclair,as,14233,-1.589,0.703,-1.426
healbane,sinclair,as,13139,-1.634,0.729,-1.456
healing_rite,sinclair,as,8281,0.375,0.852,0.321
high_velocity_rounds,sinclair,as,75760,0.964,0.352,0.937
improved_spirit,sinclair,as,105571,-0.173,0.306,-0.170
indomitable,sinclair,as,12279,2.050,0.738,1.821
infuser,sinclair,as,2450,-2.391,1.392,-1.652
juggernaut,sinclair,as,2068,3.655,1.437,2.476
knockdown,sinclair,as,11069,-0.484,0.800,-0.422
lifestrike,sinclair,as,3259,1.385,1.327,0.985
lightning_scroll,sinclair,as,14316,0.015,0.709,0.013
long_range,sinclair,as,5488,2.451,0.969,2.014
magic_carpet,sinclair,as,20698,-0.145,0.599,-0.134
majestic_leap,sinclair,as,5339,3.052,0.977,2.501
melee_charge,sinclair,as,10395,-2.346,0.816,-2.034
melee_lifesteal,sinclair,as,4325,1.236,1.039,0.989
mercurial_magnum,sinclair,as,2830,4.521,1.357,3.172
metal_skin,sinclair,as,3087,0.371,1.064,0.294
monster_rounds,sinclair,as,31569,0.589,0.537,0.552
mystic_burst,sinclair,as,25610,1.694,0.546,1.585
mystic_expansion,sinclair,as,110947,-0.623,0.304,-0.610
mystic_regeneration,sinclair,as,3881,0.458,1.043,0.367
mystic_reverb,sinclair,as,17577,3.739,0.610,3.444
mystic_slow,sinclair,as,24699,0.047,0.600,0.043
mystic_vulnerability,sinclair,as,26587,0.702,0.566,0.654
opening_rounds,sinclair,as,78049,1.151,0.347,1.120
plated_armor,sinclair,as,2988,-0.232,1.109,-0.181
point_blank,sinclair,as,5154,1.225,0.993,0.998
quicksilver_reload,sinclair,as,2691,2.615,1.368,1.826
radiant_regeneration,sinclair,as,2300,-0.658,1.405,-0.452
rapid_recharge,sinclair,as,100704,-0.447,0.313,-0.437
reactive_barrier,sinclair,as,14108,0.814,0.725,0.726
rebuttal,sinclair,as,4103,1.847,1.062,1.466
refresher,sinclair,as,2374,-7.074,1.397,-4.878
rusted_barrel,sinclair,as,3128,-0.769,1.325,-0.547
shadow_weave,sinclair,as,5539,-0.082,0.885,-0.069
sharpshooter,sinclair,as,6185,3.210,0.938,2.668
slowing_hex,sinclair,as,29727,-0.106,0.551,-0.099
spellbreaker,sinclair,as,4339,0.924,0.963,0.761
spirit_burn,sinclair,as,29967,2.010,0.487,1.905
spirit_lifesteal,sinclair,as,7190,0.916,0.899,0.772
spirit_resilience,sinclair,as,9284,-0.748,0.796,-0.652
spirit_sap,sinclair,as,7999,0.336,0.873,0.286
spirit_shielding,sinclair,as,10409,-0.482,0.806,-0.420
spirit_snatch,sinclair,as,2773,1.787,1.361,1.252
spirit_strike,sinclair,as,2871,0.705,1.352,0.496
spiritual_overflow,sinclair,as,3441,3.671,1.073,2.900
sprint_boots,sinclair,as,47513,-0.262,0.445,-0.251
stalker,sinclair,as,4663,-1.138,1.033,-0.913
stamina_mastery,sinclair,as,9900,0.871,0.774,0.765
superior_cooldown,sinclair,as,71825,1.028,0.363,0.998
superior_duration,sinclair,as,101195,-1.447,0.317,-1.414
surge_of_power,sinclair,as,9299,0.526,0.790,0.460
tankbuster,sinclair,as,29670,2.685,0.504,2.536
titanic_magazine,sinclair,as,2512,-2.790,1.377,-1.941
transcendent_cooldown,sinclair,as,41302,-0.275,0.431,-0.264
trophy_collector,sinclair,as,59152,0.785,0.410,0.755
unstoppable,sinclair,as,10528,-1.374,0.801,-1.197
veil_walker,sinclair,as,58228,2.436,0.424,2.339
vortex_web,sinclair,as,20293,-0.151,0.615,-0.139
warp_stone,sinclair,as,16677,-2.092,0.661,-1.900
weighted_shots,sinclair,as,2331,4.195,1.405,2.882
active_reload,venator,as,13252,-5.811,0.738,-5.162
armor_piercing_rounds,venator,as,13578,0.762,0.668,0.691
ballistic_enchantment,venator,as,135654,0.970,0.283,0.952
battle_vest,venator,as,265343,1.859,0.197,1.843
berserker,venator,as,117327,0.716,0.305,0.701
blood_tribute,venator,as,14172,-2.061,0.826,-1.781
bullet_lifesteal,venator,as,264631,-0.563,0.204,-0.557
bullet_resilience,venator,as,5972,-4.791,0.891,-4.049
burst_fire,venator,as,18038,-2.301,0.622,-2.112
capacitor,venator,as,3574,-5.120,1.307,-3.672
close_quarters,venator,as,248467,0.450,0.206,0.445
colossus,venator,as,4325,0.097,0.994,0.079
compress_cooldown,venator,as,6132,-3.072,0.960,-2.533
counterspell,venator,as,38983,-0.109,0.480,-0.104
crippling_headshot,venator,as,72700,-3.809,0.349,-3.705
crushing_fists,venator,as,16673,-1.213,0.645,-1.106
cultist_sacrifice,venator,as,72789,1.456,0.305,1.425
debuff_reducer,venator,as,20889,-1.012,0.608,-0.933
disarming_hex,venator,as,2254,-5.721,1.380,-3.975
dispel_magic,venator,as,44381,-0.096,0.483,-0.091
duration_extender,venator,as,4704,-2.500,0.997,-2.034
echo_shard,venator,as,5591,-0.392,0.952,-0.324
enchanters_emblem,venator,as,2698,-5.172,1.363,-3.620
enduring_speed,venator,as,210723,-0.935,0.202,-0.927
escalating_resilience,venator,as,45426,-0.289,0.481,-0.274
extended_magazine,venator,as,103687,0.069,0.295,0.068
extra_charge,venator,as,128839,-0.028,0.287,-0.028
extra_health,venator,as,112962,-0.253,0.269,-0.248
extra_regen,venator,as,46752,-2.657,0.444,-2.541
extra_stamina,venator,as,18739,-4.533,0.632,-4.150
fleetfoot,venator,as,131826,1.759,0.260,1.732
fortitude,venator,as,119367,-0.631,0.256,-0.621
frenzy,venator,as,20604,2.056,0.558,1.918
fury_trance,venator,as,3150,-3.983,1.093,-3.122
glass_cannon,venator,as,27658,0.818,0.507,0.772
golden_goose_egg,venator,as,2832,-4.432,1.349,-3.121
greater_expansion,venator,as,6666,-2.819,0.900,-2.375
grit,venator,as,16418,-2.026,0.669,-1.836
headhunter,venator,as,3517,1.557,1.085,1.224
headshot_booster,venator,as,5733,0.410,0.939,0.341
healing_booster,venator,as,13221,-2.363,0.791,-2.064
healing_rite,venator,as,7900,-2.112,0.842,-1.815
healing_tempo,venator,as,13800,1.105,0.775,0.970
high_velocity_rounds,venator,as,55081,-0.263,0.411,-0.253
hollow_point,venator,as,188412,0.672,0.230,0.664
hunters_aura,venator,as,11586,-0.381,0.745,-0.337
indomitable,venator,as,21743,-1.681,0.603,-1.551
inhibitor,venator,as,46772,-1.504,0.428,-1.443
intensifying_magazine,venator,as,151776,1.046,0.264,1.029
juggernaut,venator,as,55094,-1.754,0.364,-1.702
kinetic_dash,venator,as,11488,-2.929,0.780,-2.568
knockdown,venator,as,3210,-8.079,1.314,-5.776
leech,venator,as,9772,-1.044,0.806,-0.908
lifestrike,venator,as,16308,-1.257,0.637,-1.149
long_range,venator,as,3928,-0.898,1.291,-0.648
lucky_shot,venator,as,29945,1.359,0.496,1.287
majestic_leap,venator,as,2720,-0.887,1.365,-0.620
melee_charge,venator,as,30474,-2.018,0.518,-1.900
melee_lifesteal,venator,as,22296,-2.898,0.562,-2.702
mercurial_magnum,venator,as,8541,-0.648,0.899,-0.546
metal_skin,venator,as,14632,-1.676,0.681,-1.514
monster_rounds,venator,as,117420,0.770,0.275,0.757
mystic_expansion,venator,as,64656,1.819,0.409,1.751
mystic_regeneration,venator,as,6780,-4.664,0.972,-3.829
opening_rounds,venator,as,83907,-0.592,0.338,-0.577
phantom_strike,venator,as,3439,-0.257,1.072,-0.203
plated_armor,venator,as,18722,-1.016,0.597,-0.938
point_blank,venator,as,120145,0.473,0.272,0.465
quicksilver_reload,venator,as,10789,-2.419,0.843,-2.078
radiant_regeneration,venator,as,6776,-4.088,0.978,-3.348
rapid_recharge,venator,as,154174,-0.369,0.256,-0.363
rapid_rounds,venator,as,84437,-0.547,0.298,-0.536
reactive_barrier,venator,as,18602,-3.408,0.639,-3.115
rebuttal,venator,as,9809,-2.372,0.822,-2.052
recharging_rush,venator,as,84154,2.453,0.339,2.389
restorative_locket,venator,as,9382,-3.097,0.880,-2.628
restorative_shot,venator,as,265521,0.475,0.191,0.471
ricochet,venator,as,180091,2.329,0.242,2.298
shadow_weave,venator,as,7189,0.314,0.864,0.268
sharpshooter,venator,as,6442,-0.588,0.951,-0.487
silencer,venator,as,104847,-0.485,0.266,-0.477
siphon_bullets,venator,as,115574,0.053,0.272,0.052
slowing_bullets,venator,as,51270,1.227,0.381,1.187
slowing_hex,venator,as,4832,-4.552,1.006,-3.690
spellbreaker,venator,as,20033,-0.346,0.580,-0.321
spellslinger,venator,as,31716,3.525,0.498,3.335
spirit_lifesteal,venator,as,3539,-2.036,1.312,-1.458
spirit_resilience,venator,as,137322,0.337,0.258,0.332
spirit_shielding,venator,as,14350,-3.727,0.671,-3.376
spirit_snatch,venator,as,3479,-0.033,1.065,-0.026
spirit_strike,venator,as,2260,-2.514,1.410,-1.724
spiritual_overflow,venator,as,3997,-0.922,1.290,-0.666
split_shot,venator,as,35827,-1.282,0.728,-1.142
sprint_boots,venator,as,124514,0.207,0.257,0.203
stamina_mastery,venator,as,10074,-1.496,0.762,-1.319
superior_cooldown,venator,as,6261,-3.583,0.937,-2.980
superior_duration,venator,as,6622,-3.502,0.905,-2.945
swift_striker,venator,as,96073,-0.123,0.276,-0.121
tesla_bullets,venator,as,8603,-5.292,0.913,-4.439
titanic_magazine,venator,as,107555,0.167,0.278,0.164
toxic_bullets,venator,as,15452,-6.398,0.672,-5.795
transcendent_cooldown,venator,as,3462,-1.485,1.085,-1.167
trophy_collector,venator,as,6908,-2.684,0.937,-2.231
unstoppable,venator,as,14643,-1.097,0.664,-0.995
vampiric_burst,venator,as,210410,0.270,0.219,0.267
veil_walker,venator,as,4024,0.431,1.058,0.342
warp_stone,venator,as,28268,-3.467,0.609,-3.194
weakening_headshot,venator,as,204118,-1.519,0.235,-1.499
weighted_shots,venator,as,88602,0.713,0.300,0.699
witchmail,venator,as,2301,-3.606,1.409,-2.473
arcane_surge,victor,as,9429,-9.859,0.796,-8.602
ballistic_enchantment,victor,as,12473,1.885,0.733,1.678
battle_vest,victor,as,4626,-0.443,1.002,-0.360
berserker,victor,as,17564,-2.809,0.674,-2.542
boundless_spirit,victor,as,82069,3.843,0.306,3.762
bullet_lifesteal,victor,as,10807,-1.985,0.783,-1.739
bullet_resilience,victor,as,15967,-1.154,0.655,-1.050
close_quarters,victor,as,3522,-2.745,1.313,-1.964
cold_front,victor,as,3459,-0.145,1.314,-0.104
compress_cooldown,victor,as,98632,2.715,0.301,2.660
counterspell,victor,as,14402,-3.203,0.716,-2.864
cultist_sacrifice,victor,as,16290,-1.112,0.677,-1.006
debuff_reducer,victor,as,24321,1.055,0.569,0.981
dispel_magic,victor,as,12534,-3.170,0.764,-2.794
diviners_kevlar,victor,as,2788,0.439,1.343,0.310
enchanters_emblem,victor,as,5005,-3.265,0.972,-2.680
enduring_speed,victor,as,200687,0.765,0.215,0.757
escalating_exposure,victor,as,191813,-2.520,0.217,-2.493
ethereal_shift,victor,as,40122,2.301,0.418,2.212
extended_magazine,victor,as,19169,-1.926,0.671,-1.745
extra_charge,victor,as,99406,-0.425,0.297,-0.417
extra_health,victor,as,16705,-4.275,0.654,-3.891
extra_regen,victor,as,227884,0.340,0.204,0.336
extra_spirit,victor,as,202133,0.208,0.212,0.206
extra_stamina,victor,as,10844,-3.873,0.730,-3.449
fleetfoot,victor,as,32744,1.709,0.530,1.605
fortitude,victor,as,5008,-7.437,0.940,-6.178
frenzy,victor,as,7401,2.712,0.822,2.347
golden_goose_egg,victor,as,20700,-0.338,0.639,-0.309
greater_expansion,victor,as,161971,1.270,0.230,1.254
grit,victor,as,14499,-2.004,0.722,-1.788
healbane,victor,as,38998,1.219,0.471,1.160
healing_booster,victor,as,231100,0.144,0.204,0.142
healing_rite,victor,as,4121,-6.496,0.988,-5.302
healing_tempo,victor,as,41300,0.529,0.436,0.506
high_velocity_rounds,victor,as,33492,-1.963,0.528,-1.844
improved_spirit,victor,as,192582,1.004,0.225,0.992
indomitable,victor,as,8226,2.680,0.795,2.339
infuser,victor,as,189416,-4.893,0.219,-4.839
juggernaut,victor,as,59783,1.578,0.342,1.537
kinetic_dash,victor,as,3664,-1.148,1.036,-0.921
knockdown,victor,as,2451,-8.680,1.390,-6.004
leech,victor,as,19667,-2.284,0.624,-2.096
melee_lifesteal,victor,as,14583,0.849,0.596,0.785
mercurial_magnum,victor,as,22194,-3.850,0.642,-3.515
metal_skin,victor,as,12562,-3.155,0.731,-2.809
monster_rounds,victor,as,35974,-1.894,0.500,-1.791
mystic_burst,victor,as,19174,-4.979,0.633,-4.558
mystic_expansion,victor,as,174696,1.056,0.227,1.043
mystic_regeneration,victor,as,53717,1.359,0.378,1.315
mystic_reverb,victor,as,8432,4.280,0.809,3.718
mystic_slow,victor,as,8257,0.911,0.853,0.780
mystic_vulnerability,victor,as,198832,-0.767,0.215,-0.759
opening_rounds,victor,as,35282,-1.822,0.519,-1.716
phantom_strike,victor,as,5038,-1.481,0.939,-1.231
plated_armor,victor,as,27638,1.082,0.523,1.018
point_blank,victor,as,2481,-4.257,1.389,-2.946
quicksilver_reload,victor,as,23656,-1.717,0.637,-1.570
radiant_regeneration,victor,as,59514,-0.020,0.363,-0.020
rapid_recharge,victor,as,63494,1.006,0.361,0.977
rapid_rounds,victor,as,17307,-1.867,0.692,-1.681
reactive_barrier,victor,as,7621,-0.976,0.878,-0.829
rebuttal,victor,as,6969,-0.688,0.880,-0.584
refresher,victor,as,73194,3.442,0.322,3.361
return_fire,victor,as,6180,-1.405,0.947,-1.164
scourge,victor,as,26257,3.557,0.525,3.345
siphon_bullets,victor,as,8079,-1.029,0.855,-0.881
slowing_hex,victor,as,3063,-3.326,1.341,-2.351
spellbreaker,victor,as,16354,2.753,0.632,2.521
spellslinger,victor,as,3321,-0.223,1.071,-0.177
spirit_burn,victor,as,22202,5.467,0.540,5.122
spirit_lifesteal,victor,as,223370,-1.176,0.206,-1.165
spirit_rend,victor,as,7328,2.383,0.877,2.024
spirit_resilience,victor,as,56099,-1.428,0.397,-1.378
spirit_shielding,victor,as,17388,-1.213,0.695,-1.092
spirit_shredder_bullets,victor,as,8930,2.408,0.833,2.075
spiritual_overflow,victor,as,21727,-1.823,0.636,-1.668
sprint_boots,victor,as,122582,1.044,0.273,1.027
stamina_mastery,victor,as,3191,3.836,0.966,3.157
superior_cooldown,victor,as,116060,1.886,0.274,1.854
suppressor,victor,as,15683,0.211,0.695,0.190
surge_of_power,victor,as,8549,-1.447,0.852,-1.240
swift_striker,victor,as,20644,-0.627,0.655,-0.571
tankbuster,victor,as,6174,-3.250,0.903,-2.735
titanic_magazine,victor,as,21978,-1.202,0.640,-1.098
torment_pulse,victor,as,182259,-1.333,0.222,-1.318
transcendent_cooldown,victor,as,86434,3.445,0.289,3.380
trophy_collector,victor,as,12910,1.246,0.766,1.097
unstoppable,victor,as,5602,-2.356,0.938,-1.958
warp_stone,victor,as,90178,1.337,0.306,1.308
witchmail,victor,as,23541,3.666,0.535,3.439
active_reload,vindicta,as,15254,-3.074,0.732,-2.736
alchemical_fire,vindicta,as,12859,-3.263,0.714,-2.919
armor_piercing_rounds,vindicta,as,9045,-1.146,0.748,-1.015
battle_vest,vindicta,as,4912,-0.164,0.963,-0.135
blood_tribute,vindicta,as,29103,0.004,0.590,0.004
boundless_spirit,vindicta,as,62496,-2.184,0.383,-2.112
bullet_lifesteal,vindicta,as,78137,2.049,0.356,1.990
bullet_resist_shredder,vindicta,as,20772,-2.427,0.620,-2.229
burst_fire,vindicta,as,165814,-0.506,0.238,-0.499
compress_cooldown,vindicta,as,8304,-0.439,0.826,-0.379
counterspell,vindicta,as,135485,1.666,0.267,1.639
crippling_headshot,vindicta,as,41730,3.420,0.424,3.283
debuff_reducer,vindicta,as,14191,-1.522,0.706,-1.364
dispel_magic,vindicta,as,39301,1.423,0.490,1.349
diviners_kevlar,vindicta,as,7406,-3.822,0.921,-3.197
duration_extender,vindicta,as,24839,-2.517,0.470,-2.395
enchanters_emblem,vindicta,as,32484,-2.659,0.530,-2.497
enduring_speed,vindicta,as,107863,-1.176,0.279,-1.156
escalating_exposure,vindicta,as,17119,-3.330,0.682,-3.007
extended_magazine,vindicta,as,63428,4.019,0.372,3.895
extra_charge,vindicta,as,220751,-0.576,0.212,-0.570
extra_health,vindicta,as,28060,-0.561,0.547,-0.524
extra_regen,vindicta,as,9336,-2.133,0.796,-1.861
extra_spirit,vindicta,as,118769,-1.976,0.293,-1.937
extra_stamina,vindicta,as,11316,-2.756,0.712,-2.467
fleetfoot,vindicta,as,51708,0.895,0.350,0.870
fortitude,vindicta,as,9440,0.759,0.795,0.663
fury_trance,vindicta,as,8731,-1.883,0.861,-1.608
glass_cannon,vindicta,as,21100,0.687,0.576,0.639
golden_goose_egg,vindicta,as,2123,-2.657,1.429,-1.806
grit,vindicta,as,16733,0.828,0.681,0.747
headhunter,vindicta,as,2554,-2.278,1.382,-1.582
headshot_booster,vindicta,as,9273,-2.675,0.805,-2.328
healbane,vindicta,as,14568,-1.587,0.688,-1.430
healing_rite,vindicta,as,16864,-2.574,0.653,-2.344
high_velocity_rounds,vindicta,as,211943,0.819,0.218,0.810
improved_spirit,vindicta,as,120769,-2.286,0.291,-2.242
indomitable,vindicta,as,29449,0.127,0.537,0.119
inhibitor,vindicta,as,2156,-3.382,1.426,-2.302
juggernaut,vindicta,as,7318,-0.977,0.790,-0.854
kinetic_dash,vindicta,as,2613,-1.444,1.106,-1.126
leech,vindicta,as,34722,1.041,0.492,0.986
lightning_scroll,vindicta,as,6088,-2.907,0.921,-2.431
long_range,vindicta,as,192846,0.792,0.225,0.782
lucky_shot,vindicta,as,20911,1.750,0.541,1.639
mercurial_magnum,vindicta,as,97924,0.327,0.291,0.321
metal_skin,vindicta,as,7032,1.093,0.880,0.927
monster_rounds,vindicta,as,6041,-2.345,0.941,-1.947
mystic_burst,vindicta,as,37460,-0.395,0.497,-0.374
mystic_slow,vindicta,as,6705,-1.665,0.908,-1.399
mystic_vulnerability,vindicta,as,20719,-3.640,0.644,-3.322
opening_rounds,vindicta,as,160878,-0.010,0.258,-0.010
plated_armor,vindicta,as,3219,-6.105,1.072,-4.825
quicksilver_reload,vindicta,as,157267,0.606,0.244,0.598
rapid_recharge,vindicta,as,211189,-1.041,0.215,-1.030
rapid_rounds,vindicta,as,143894,1.026,0.257,1.010
reactive_barrier,vindicta,as,22353,0.977,0.611,0.900
recharging_rush,vindicta,as,20411,-0.773,0.660,-0.703
rescue_beam,vindicta,as,2580,-3.869,1.379,-2.689
restorative_shot,vindicta,as,6683,-1.520,0.906,-1.278
ricochet,vindicta,as,26867,0.860,0.536,0.806
sharpshooter,vindicta,as,203079,1.412,0.219,1.397
silencer,vindicta,as,10468,-3.609,0.760,-3.185
siphon_bullets,vindicta,as,6309,-1.909,0.913,-1.602
slowing_bullets,vindicta,as,6180,-1.736,0.980,-1.421
slowing_hex,vindicta,as,3290,-3.970,1.094,-3.111
spellbreaker,vindicta,as,12000,-0.893,0.697,-0.803
spellslinger,vindicta,as,44512,-0.617,0.365,-0.598
spirit_burn,vindicta,as,7419,-0.956,0.827,-0.826
spirit_lifesteal,vindicta,as,93005,0.161,0.351,0.157
spirit_resilience,vindicta,as,20068,-0.799,0.585,-0.741
spirit_shielding,vindicta,as,10842,-1.141,0.772,-1.003
spirit_shredder_bullets,vindicta,as,2014,-1.240,1.446,-0.837
spiritual_overflow,vindicta,as,108890,-0.025,0.309,-0.024
sprint_boots,vindicta,as,106012,-0.752,0.293,-0.738
stamina_mastery,vindicta,as,6780,0.983,0.797,0.858
superior_cooldown,vindicta,as,10005,-0.646,0.773,-0.568
superior_duration,vindicta,as,30512,-2.092,0.429,-2.007
surge_of_power,vindicta,as,18998,-1.828,0.629,-1.675
swift_striker,vindicta,as,182831,0.126,0.230,0.125
tankbuster,vindicta,as,18925,-0.840,0.637,-0.768
titanic_magazine,vindicta,as,135631,1.989,0.262,1.958
toxic_bullets,vindicta,as,5646,-5.626,0.946,-4.664
transcendent_cooldown,vindicta,as,5929,-0.856,0.887,-0.724
trophy_collector,vindicta,as,72169,-2.521,0.370,-2.444
unstoppable,vindicta,as,14333,-1.418,0.714,-1.269
vampiric_burst,vindicta,as,40573,3.291,0.436,3.153
warp_stone,vindicta,as,2979,-5.048,1.105,-3.938
weakening_headshot,vindicta,as,25868,6.648,0.536,6.234
weighted_shots,vindicta,as,5705,-1.895,1.021,-1.528
arcane_surge,viscous,as,22400,-1.616,0.621,-1.484
ballistic_enchantment,viscous,as,43250,3.142,0.500,2.971
battle_vest,viscous,as,7207,3.729,0.890,3.153
boundless_spirit,viscous,as,42023,0.244,0.435,0.234
bullet_resilience,viscous,as,5972,0.416,0.915,0.348
bullet_resist_shredder,viscous,as,2628,6.242,1.375,4.347
cheat_death,viscous,as,5439,0.305,0.978,0.250
close_quarters,viscous,as,33730,2.846,0.489,2.697
colossus,viscous,as,5315,1.153,0.951,0.954
compress_cooldown,viscous,as,78349,-0.104,0.354,-0.101
counterspell,viscous,as,6836,0.621,0.899,0.523
crushing_fists,viscous,as,58142,-0.033,0.416,-0.031
cultist_sacrifice,viscous,as,2223,0.120,1.416,0.082
cursed_relic,viscous,as,10817,-2.063,0.793,-1.802
debuff_reducer,viscous,as,6693,-0.343,0.912,-0.288
decay,viscous,as,4616,-1.838,1.037,-1.473
disarming_hex,viscous,as,6653,-2.030,0.905,-1.708
dispel_magic,viscous,as,6719,-2.290,0.919,-1.916
divine_barrier,viscous,as,11549,-1.404,0.702,-1.261
diviners_kevlar,viscous,as,10293,-1.500,0.767,-1.321
duration_extender,viscous,as,24445,-4.110,0.589,-3.805
echo_shard,viscous,as,14775,-1.381,0.728,-1.231
enchanters_emblem,viscous,as,23406,0.258,0.578,0.239
enduring_speed,viscous,as,6027,-0.310,0.875,-0.264
escalating_exposure,viscous,as,3667,-0.242,1.031,-0.194
ethereal_shift,viscous,as,4656,-9.140,1.027,-7.352
express_shot,viscous,as,49499,1.175,0.406,1.132
extra_charge,viscous,as,82256,0.882,0.355,0.857
extra_health,viscous,as,6556,2.562,0.908,2.153
extra_regen,viscous,as,28928,0.181,0.517,0.170
extra_spirit,viscous,as,40068,-1.136,0.465,-1.082
extra_stamina,viscous,as,21614,0.377,0.607,0.347
fortitude,viscous,as,4074,0.254,1.036,0.204
golden_goose_egg,viscous,as,5290,-2.386,1.005,-1.935
greater_expansion,viscous,as,79952,-1.008,0.335,-0.983
grit,viscous,as,29193,-0.784,0.548,-0.733
guardian_ward,viscous,as,14929,-2.679,0.661,-2.434
headshot_booster,viscous,as,17247,-0.696,0.678,-0.629
healbane,viscous,as,23285,-0.720,0.590,-0.666
healing_booster,viscous,as,24358,0.980,0.555,0.914
healing_nova,viscous,as,2610,-3.261,1.375,-2.271
healing_rite,viscous,as,39886,-2.774,0.488,-2.629
healing_tempo,viscous,as,7481,1.232,0.838,1.060
high_velocity_rounds,viscous,as,66123,0.107,0.367,0.104
improved_spirit,viscous,as,56219,-0.473,0.401,-0.456
indomitable,viscous,as,12091,-0.524,0.745,-0.464
juggernaut,viscous,as,4406,1.942,0.954,1.605
knockdown,viscous,as,11471,-1.503,0.815,-1.304
lifestrike,viscous,as,63857,1.724,0.403,1.661
magic_carpet,viscous,as,5702,-8.137,0.946,-6.744
majestic_leap,viscous,as,7619,-5.119,0.906,-4.303
melee_charge,viscous,as,64549,1.255,0.396,1.211
melee_lifesteal,viscous,as,67554,1.799,0.392,1.737
metal_skin,viscous,as,3990,0.324,1.028,0.260
monster_rounds,viscous,as,25617,-1.435,0.512,-1.353
mystic_burst,viscous,as,103260,0.126,0.310,0.123
mystic_expansion,viscous,as,118034,-1.006,0.293,-0.987
mystic_regeneration,viscous,as,2307,-0.176,1.406,-0.121
mystic_reverb,viscous,as,23873,0.638,0.542,0.598
mystic_shot,viscous,as,43346,0.034,0.434,0.032
mystic_vulnerability,viscous,as,4009,-0.742,1.014,-0.599
opening_rounds,viscous,as,20128,3.895,0.660,3.539
phantom_strike,viscous,as,10444,2.335,0.762,2.059
plated_armor,viscous,as,7868,-0.565,0.840,-0.486
point_blank,viscous,as,22222,2.464,0.617,2.265
quicksilver_reload,viscous,as,2352,-1.054,1.399,-0.726
radiant_regeneration,viscous,as,2420,-1.905,1.393,-1.316
rapid_recharge,viscous,as,69472,1.188,0.385,1.149
reactive_barrier,viscous,as,13465,-0.227,0.736,-0.202
rebuttal,viscous,as,4573,-0.078,1.005,-0.063
recharging_rush,viscous,as,17175,3.137,0.668,2.844
rescue_beam,viscous,as,41473,-4.046,0.482,-3.841
rusted_barrel,viscous,as,5236,-3.410,0.962,-2.810
scourge,viscous,as,5234,0.790,0.933,0.658
silencer,viscous,as,2626,2.325,1.371,1.622
slowing_hex,viscous,as,7569,-2.161,0.904,-1.818
spellbreaker,viscous,as,6731,2.221,0.874,1.888
spellslinger,viscous,as,3728,5.936,1.064,4.707
spirit_burn,viscous,as,31199,0.742,0.486,0.704
spirit_lifesteal,viscous,as,2718,-0.630,1.367,-0.440
spirit_resilience,viscous,as,22026,0.298,0.593,0.276
spirit_shielding,viscous,as,19438,1.591,0.665,1.444
spirit_snatch,viscous,as,93075,0.913,0.325,0.892
spirit_strike,viscous,as,87275,1.544,0.336,1.505
sprint_boots,viscous,as,46311,-2.572,0.450,-2.457
stamina_mastery,viscous,as,9022,4.180,0.776,3.670
superior_cooldown,viscous,as,83251,-1.354,0.338,-1.320
superior_duration,viscous,as,21823,-4.273,0.610,-3.935
surge_of_power,viscous,as,3134,-2.610,1.072,-2.063
tankbuster,viscous,as,96227,0.120,0.321,0.117
torment_pulse,viscous,as,6568,-2.189,0.913,-1.836
transcendent_cooldown,viscous,as,58588,-0.099,0.382,-0.095
trophy_collector,viscous,as,62565,-0.670,0.400,-0.646
unstoppable,viscous,as,2360,-1.410,1.402,-0.970
veil_walker,viscous,as,16517,-0.970,0.626,-0.890
warp_stone,viscous,as,13509,-2.229,0.713,-1.995
weapon_shielding,viscous,as,3127,1.697,1.334,1.203
witchmail,viscous,as,17661,1.900,0.630,1.741
active_reload,vyper,as,4010,-3.542,1.062,-2.811
armor_piercing_rounds,vyper,as,8322,-1.055,0.785,-0.924
battle_vest,vyper,as,5799,0.702,0.897,0.592
boundless_spirit,vyper,as,19587,-0.949,0.590,-0.879
bullet_lifesteal,vyper,as,72975,0.196,0.354,0.191
bullet_resist_shredder,vyper,as,48845,-0.230,0.396,-0.222
burst_fire,vyper,as,134694,-0.746,0.264,-0.734
capacitor,vyper,as,23892,-1.452,0.528,-1.364
close_quarters,vyper,as,128013,0.984,0.269,0.968
cold_front,vyper,as,4681,-2.983,0.928,-2.489
counterspell,vyper,as,9313,3.146,0.801,2.740
crippling_headshot,vyper,as,17053,1.226,0.634,1.122
cultist_sacrifice,vyper,as,2228,-1.721,1.415,-1.177
debuff_reducer,vyper,as,25770,3.816,0.561,3.557
dispel_magic,vyper,as,20610,1.527,0.620,1.403
enchanters_emblem,vyper,as,2645,-2.524,1.373,-1.759
enduring_speed,vyper,as,25750,-2.238,0.521,-2.106
escalating_resilience,vyper,as,7162,-1.500,0.858,-1.282
extended_magazine,vyper,as,12993,-2.237,0.695,-2.013
extra_charge,vyper,as,5945,-5.725,0.969,-4.706
extra_health,vyper,as,25651,-0.394,0.517,-0.371
extra_regen,vyper,as,32348,-0.391,0.502,-0.370
extra_spirit,vyper,as,93734,-0.857,0.311,-0.838
extra_stamina,vyper,as,58241,0.704,0.398,0.679
fleetfoot,vyper,as,20993,0.334,0.564,0.312
fortitude,vyper,as,29789,-0.506,0.478,-0.480
frenzy,vyper,as,3729,2.083,0.997,1.694
glass_cannon,vyper,as,11397,3.742,0.688,3.374
grit,vyper,as,57333,-0.495,0.387,-0.478
healbane,vyper,as,2029,-5.902,1.440,-3.993
healing_rite,vyper,as,9479,-1.530,0.744,-1.356
high_velocity_rounds,vyper,as,21463,2.059,0.574,1.914
improved_spirit,vyper,as,74093,-1.563,0.349,-1.520
indomitable,vyper,as,12917,-1.477,0.698,-1.328
inhibitor,vyper,as,14531,0.657,0.649,0.598
intensifying_magazine,vyper,as,38479,-0.504,0.454,-0.481
juggernaut,vyper,as,4771,-2.947,0.923,-2.463
leech,vyper,as,28189,-1.173,0.504,-1.108
lucky_shot,vyper,as,14361,0.741,0.648,0.675
mercurial_magnum,vyper,as,114785,-1.415,0.286,-1.389
metal_skin,vyper,as,3825,-0.734,1.054,-0.584
monster_rounds,vyper,as,35041,-0.821,0.469,-0.781
mystic_burst,vyper,as,6104,-5.584,0.950,-4.621
mystic_vulnerability,vyper,as,2055,-7.983,1.437,-5.406
opening_rounds,vyper,as,30062,-0.279,0.492,-0.264
plated_armor,vyper,as,4519,-2.105,0.985,-1.720
point_blank,vyper,as,44792,0.521,0.429,0.499
quicksilver_reload,vyper,as,116750,1.086,0.285,1.066
rapid_recharge,vyper,as,5451,-4.663,1.002,-3.786
rapid_rounds,vyper,as,120017,0.798,0.280,0.784
reactive_barrier,vyper,as,20024,-1.514,0.613,-1.394
rebuttal,vyper,as,2297,-1.362,1.408,-0.935
restorative_shot,vyper,as,3061,-1.144,1.340,-0.809
ricochet,vyper,as,60264,-0.522,0.359,-0.507
silencer,vyper,as,35919,0.764,0.445,0.731
siphon_bullets,vyper,as,7045,0.277,0.811,0.241
slowing_bullets,vyper,as,3319,1.161,1.056,0.924
slowing_hex,vyper,as,5139,-0.843,0.964,-0.694
spellbreaker,vyper,as,6759,-0.992,0.839,-0.853
spirit_lifesteal,vyper,as,40871,3.451,0.462,3.289
spirit_resilience,vyper,as,37330,2.005,0.458,1.912
spirit_shielding,vyper,as,38996,0.470,0.467,0.448
spiritual_overflow,vyper,as,51687,2.369,0.404,2.283
split_shot,vyper,as,100933,-0.154,0.302,-0.151
sprint_boots,vyper,as,17556,0.125,0.621,0.115
stamina_mastery,vyper,as,70249,1.202,0.358,1.168
surge_of_power,vyper,as,4261,-0.114,0.922,-0.096
swift_striker,vyper,as,62193,0.220,0.373,0.213
tankbuster,vyper,as,2486,-3.901,1.386,-2.703
tesla_bullets,vyper,as,62676,-0.570,0.367,-0.553
titanic_magazine,vyper,as,8069,-3.577,0.837,-3.079
toxic_bullets,vyper,as,12807,-2.351,0.691,-2.118
trophy_collector,vyper,as,3282,-4.864,1.325,-3.461
unstoppable,vyper,as,27865,3.171,0.534,2.976
vampiric_burst,vyper,as,39718,1.766,0.463,1.682
veil_walker,vyper,as,2977,3.847,1.347,2.712
weakening_headshot,vyper,as,30447,1.146,0.537,1.075
weapon_shielding,vyper,as,8396,-0.331,0.830,-0.285
weighted_shots,vyper,as,4910,2.357,0.920,1.972
arcane_surge,warden,as,5896,-2.596,0.932,-2.162
armor_piercing_rounds,warden,as,5113,-0.206,0.968,-0.170
ballistic_enchantment,warden,as,5424,-0.760,0.956,-0.628
battle_vest,warden,as,38393,2.194,0.524,2.063
berserker,warden,as,23799,-0.143,0.621,-0.131
blood_tribute,warden,as,12261,4.969,0.752,4.394
boundless_spirit,warden,as,36217,5.687,0.496,5.382
bullet_lifesteal,warden,as,30564,-0.660,0.561,-0.616
bullet_resilience,warden,as,5665,0.167,0.942,0.139
bullet_resist_shredder,warden,as,28630,0.946,0.536,0.887
burst_fire,warden,as,4392,-3.052,1.001,-2.478
close_quarters,warden,as,8585,-1.754,0.836,-1.510
colossus,warden,as,4825,1.929,0.957,1.593
compress_cooldown,warden,as,16810,-1.867,0.672,-1.691
counterspell,warden,as,5948,0.059,0.944,0.049
crippling_headshot,warden,as,8088,0.206,0.855,0.176
cultist_sacrifice,warden,as,14585,-0.348,0.691,-0.314
debuff_reducer,warden,as,7323,-0.560,0.906,-0.471
dispel_magic,warden,as,12842,-0.991,0.752,-0.876
diviners_kevlar,warden,as,6844,-0.776,0.951,-0.642
duration_extender,warden,as,8778,-1.984,0.880,-1.683
enchanters_emblem,warden,as,14993,-1.680,0.695,-1.511
enduring_speed,warden,as,90033,-1.115,0.344,-1.085
escalating_exposure,warden,as,2732,2.444,1.363,1.711
escalating_resilience,warden,as,6619,-1.433,0.960,-1.182
extended_magazine,warden,as,87583,-0.353,0.345,-0.344
extra_health,warden,as,21858,-0.354,0.568,-0.330
extra_regen,warden,as,43278,-1.163,0.489,-1.102
extra_spirit,warden,as,39208,2.900,0.485,2.751
extra_stamina,warden,as,18351,-1.687,0.665,-1.530
fleetfoot,warden,as,85795,0.525,0.355,0.510
fortitude,warden,as,21956,-0.731,0.571,-0.680
frenzy,warden,as,7669,2.766,0.866,2.358
glass_cannon,warden,as,3553,-1.132,1.055,-0.901
golden_goose_egg,warden,as,2711,-2.682,1.364,-1.876
greater_expansion,warden,as,12787,-0.752,0.754,-0.665
grit,warden,as,8603,0.455,0.869,0.388
healbane,warden,as,4463,-6.269,1.011,-5.073
healing_booster,warden,as,6206,-1.224,0.966,-1.007
healing_rite,warden,as,4257,-0.672,1.022,-0.541
high_velocity_rounds,warden,as,109140,0.308,0.314,0.301
hollow_point,warden,as,3518,-0.947,1.063,-0.751
improved_spirit,warden,as,29620,4.087,0.531,3.837
indomitable,warden,as,6780,-1.103,0.919,-0.923
inhibitor,warden,as,10237,-0.103,0.782,-0.091
intensifying_magazine,warden,as,20422,0.388,0.649,0.354
juggernaut,warden,as,29827,-1.979,0.523,-1.861
kinetic_dash,warden,as,18941,-1.449,0.676,-1.310
knockdown,warden,as,2649,-4.860,1.364,-3.401
leech,warden,as,10492,-0.554,0.812,-0.481
lightning_scroll,warden,as,6076,-1.096,0.917,-0.918
lucky_shot,warden,as,3803,-1.244,1.047,-0.993
majestic_leap,warden,as,2521,2.117,1.385,1.467
mercurial_magnum,warden,as,112283,-1.391,0.312,-1.360
metal_skin,warden,as,7805,0.403,0.877,0.342
monster_rounds,warden,as,50224,-0.488,0.436,-0.468
mystic_burst,warden,as,11593,-0.651,0.751,-0.576
mystic_expansion,warden,as,22771,-1.877,0.609,-1.729
mystic_regeneration,warden,as,2210,0.697,1.420,0.476
mystic_slow,warden,as,7183,-0.740,0.902,-0.623
mystic_vulnerability,warden,as,3536,0.014,1.312,0.010
opening_rounds,warden,as,111840,0.414,0.312,0.405
plated_armor,warden,as,8551,-1.086,0.819,-0.940
point_blank,warden,as,7803,-1.705,0.862,-1.455
quicksilver_reload,warden,as,121955,0.131,0.300,0.128
radiant_regeneration,warden,as,2634,0.614,1.374,0.428
rapid_rounds,warden,as,59572,0.715,0.407,0.689
reactive_barrier,warden,as,6926,-2.458,0.920,-2.056
rebuttal,warden,as,2239,-1.842,1.413,-1.261
restorative_shot,warden,as,2366,-1.173,1.400,-0.808
ricochet,warden,as,6067,2.061,0.939,1.712
silencer,warden,as,17032,1.267,0.664,1.150
siphon_bullets,warden,as,32129,1.359,0.507,1.283
slowing_bullets,warden,as,9135,0.747,0.814,0.648
slowing_hex,warden,as,18626,-0.851,0.664,-0.772
spellbreaker,warden,as,6732,-0.438,0.903,-0.369
spellslinger,warden,as,21023,0.476,0.591,0.440
spirit_lifesteal,warden,as,62642,-1.113,0.412,-1.071
spirit_resilience,warden,as,61307,0.967,0.408,0.931
spirit_shielding,warden,as,7506,-2.283,0.870,-1.943
spiritual_overflow,warden,as,84670,-0.896,0.353,-0.871
sprint_boots,warden,as,58841,-0.199,0.415,-0.192
stamina_mastery,warden,as,3642,1.441,1.020,1.162
superior_cooldown,warden,as,16562,-1.358,0.674,-1.229
superior_duration,warden,as,10564,-1.116,0.820,-0.966
surge_of_power,warden,as,32460,-0.944,0.519,-0.889
swift_striker,warden,as,78796,0.739,0.365,0.717
tankbuster,warden,as,4200,0.081,1.021,0.065
titanic_magazine,warden,as,111112,-0.221,0.310,-0.216
toxic_bullets,warden,as,5331,-3.541,0.985,-2.893
transcendent_cooldown,warden,as,6154,-0.671,0.905,-0.564
trophy_collector,warden,as,4805,-0.693,1.017,-0.559
unstoppable,warden,as,5732,0.417,0.966,0.343
vampiric_burst,warden,as,20226,0.237,0.636,0.217
veil_walker,warden,as,11311,1.708,0.877,1.451
weakening_headshot,warden,as,7465,-0.300,0.916,-0.252
weighted_shots,warden,as,13486,1.025,0.734,0.912
witchmail,warden,as,9082,0.311,0.782,0.273
armor_piercing_rounds,wraith,as,6331,-3.560,0.885,-3.015
battle_vest,wraith,as,14686,2.530,0.677,2.288
boundless_spirit,wraith,as,79172,3.163,0.329,3.086
bullet_lifesteal,wraith,as,65167,0.190,0.369,0.184
bullet_resilience,wraith,as,4334,-3.157,0.968,-2.596
bullet_resist_shredder,wraith,as,16945,-0.287,0.663,-0.260
burst_fire,wraith,as,43772,-0.880,0.452,-0.840
capacitor,wraith,as,77633,-1.274,0.335,-1.242
cheat_death,wraith,as,10501,2.806,0.736,2.494
compress_cooldown,wraith,as,3473,-1.389,0.977,-1.138
counterspell,wraith,as,18974,0.963,0.632,0.882
crippling_headshot,wraith,as,16936,2.410,0.638,2.203
cultist_sacrifice,wraith,as,21323,-0.995,0.617,-0.914
debuff_reducer,wraith,as,19431,0.404,0.629,0.370
dispel_magic,wraith,as,108962,2.469,0.304,2.418
enchanters_emblem,wraith,as,39844,-0.364,0.499,-0.344
enduring_speed,wraith,as,56764,-1.311,0.391,-1.267
escalating_exposure,wraith,as,4083,1.988,0.999,1.616
escalating_resilience,wraith,as,5900,0.396,0.924,0.331
extended_magazine,wraith,as,41007,-2.106,0.448,-2.012
extra_charge,wraith,as,7057,-3.355,0.884,-2.842
extra_health,wraith,as,92278,0.351,0.330,0.342
extra_regen,wraith,as,75219,-0.732,0.358,-0.711
extra_spirit,wraith,as,192733,-0.787,0.229,-0.777
extra_stamina,wraith,as,3894,-0.979,0.995,-0.797
fleetfoot,wraith,as,7739,-1.265,0.842,-1.087
fortitude,wraith,as,32324,1.463,0.504,1.381
glass_cannon,wraith,as,3447,-2.387,1.070,-1.888
golden_goose_egg,wraith,as,8061,-0.609,0.883,-0.516
grit,wraith,as,25872,0.675,0.576,0.627
headhunter,wraith,as,2103,1.026,1.434,0.696
headshot_booster,wraith,as,6033,2.176,0.925,1.817
healbane,wraith,as,12203,-5.192,0.769,-4.568
healing_booster,wraith,as,50084,-0.708,0.435,-0.678
healing_rite,wraith,as,12999,-0.394,0.713,-0.353
healing_tempo,wraith,as,8098,0.291,0.843,0.250
high_velocity_rounds,wraith,as,41870,0.070,0.447,0.067
improved_spirit,wraith,as,112497,0.796,0.292,0.781
indomitable,wraith,as,20127,0.542,0.627,0.497
inhibitor,wraith,as,31335,0.455,0.501,0.430
intensifying_magazine,wraith,as,37391,1.157,0.515,1.090
juggernaut,wraith,as,6829,1.026,0.842,0.882
leech,wraith,as,73328,0.682,0.339,0.665
lucky_shot,wraith,as,4764,-1.754,0.945,-1.454
mercurial_magnum,wraith,as,207377,-1.098,0.221,-1.086
metal_skin,wraith,as,11196,-0.083,0.755,-0.074
monster_rounds,wraith,as,192852,1.164,0.233,1.150
mystic_burst,wraith,as,4989,-1.315,0.978,-1.078
mystic_vulnerability,wraith,as,5855,0.135,0.943,0.112
opening_rounds,wraith,as,55167,-1.130,0.391,-1.091
plated_armor,wraith,as,7457,-0.818,0.848,-0.701
quicksilver_reload,wraith,as,237608,0.216,0.209,0.214
rapid_recharge,wraith,as,5089,-2.714,0.969,-2.231
rapid_rounds,wraith,as,207524,0.548,0.221,0.542
reactive_barrier,wraith,as,18867,0.778,0.647,0.709
rebuttal,wraith,as,2502,-2.355,1.385,-1.633
recharging_rush,wraith,as,72338,-1.158,0.354,-1.125
restorative_shot,wraith,as,9456,-0.453,0.874,-0.385
ricochet,wraith,as,199319,-1.390,0.225,-1.374
shadow_weave,wraith,as,2650,3.325,1.372,2.318
silencer,wraith,as,44834,0.760,0.421,0.730
siphon_bullets,wraith,as,16160,1.901,0.627,1.743
slowing_hex,wraith,as,4843,-3.783,1.048,-3.018
spellbreaker,wraith,as,11479,-0.270,0.724,-0.241
spellslinger,wraith,as,22206,4.899,0.537,4.593
spirit_lifesteal,wraith,as,150387,-0.598,0.265,-0.588
spirit_rend,wraith,as,42553,3.038,0.439,2.909
spirit_resilience,wraith,as,45034,-0.690,0.434,-0.661
spirit_shielding,wraith,as,21481,-1.010,0.610,-0.930
spirit_shredder_bullets,wraith,as,44524,3.628,0.449,3.467
spiritual_overflow,wraith,as,129369,0.051,0.275,0.050
split_shot,wraith,as,25775,1.697,0.531,1.593
sprint_boots,wraith,as,50285,-1.115,0.439,-1.067
stamina_mastery,wraith,as,3620,0.600,0.973,0.493
superior_cooldown,wraith,as,3303,-2.225,1.003,-1.806
suppressor,wraith,as,2047,-2.795,1.440,-1.890
surge_of_power,wraith,as,205169,-0.864,0.223,-0.854
swift_striker,wraith,as,172590,0.608,0.246,0.600
tesla_bullets,wraith,as,168922,-0.833,0.247,-0.821
titanic_magazine,wraith,as,26734,-2.727,0.550,-2.549
toxic_bullets,wraith,as,25005,-0.639,0.571,-0.594
unstoppable,wraith,as,18916,1.761,0.622,1.617
vampiric_burst,wraith,as,2905,-0.380,1.352,-0.267
weakening_headshot,wraith,as,22795,1.020,0.597,0.942
weapon_shielding,wraith,as,10318,1.224,0.801,1.066
arcane_surge,yamato,as,2913,-4.534,1.060,-3.601
arctic_blast,yamato,as,12883,0.422,0.715,0.378
battle_vest,yamato,as,2280,-2.409,1.409,-1.652
berserker,yamato,as,18730,1.995,0.503,1.885
boundless_spirit,yamato,as,111085,-1.461,0.300,-1.432
bullet_lifesteal,yamato,as,2422,-0.235,1.395,-0.162
bullet_resilience,yamato,as,11254,0.244,0.737,0.217
bullet_resist_shredder,yamato,as,50791,1.325,0.365,1.285
close_quarters,yamato,as,47880,1.881,0.359,1.827
cold_front,yamato,as,46245,-1.243,0.444,-1.189
colossus,yamato,as,28892,-1.424,0.473,-1.354
compress_cooldown,yamato,as,64988,0.053,0.401,0.051
counterspell,yamato,as,22559,0.395,0.603,0.365
crushing_fists,yamato,as,27619,2.847,0.471,2.708
debuff_reducer,yamato,as,9841,-1.779,0.802,-1.549
dispel_magic,yamato,as,43314,1.165,0.463,1.110
diviners_kevlar,yamato,as,35890,0.620,0.504,0.586
enchanters_emblem,yamato,as,13212,-0.778,0.727,-0.694
enduring_speed,yamato,as,5790,-1.007,0.890,-0.852
escalating_exposure,yamato,as,19455,3.265,0.662,2.965
express_shot,yamato,as,28631,5.775,0.488,5.475
extra_charge,yamato,as,2955,-1.042,1.348,-0.734
extra_health,yamato,as,38424,3.275,0.507,3.092
extra_regen,yamato,as,107161,-0.473,0.282,-0.464
extra_spirit,yamato,as,112708,-2.502,0.300,-2.452
extra_stamina,yamato,as,6288,-2.727,0.857,-2.332
fortitude,yamato,as,16635,-0.273,0.822,-0.237
greater_expansion,yamato,as,2218,-4.613,1.419,-3.150
grit,yamato,as,24362,-0.893,0.617,-0.821
healbane,yamato,as,131372,0.633,0.291,0.621
healing_booster,yamato,as,121997,-0.372,0.263,-0.366
healing_rite,yamato,as,4450,-1.058,1.008,-0.857
healing_tempo,yamato,as,6720,-1.608,0.841,-1.382
high_velocity_rounds,yamato,as,23002,4.402,0.573,4.093
hunters_aura,yamato,as,98158,0.794,0.295,0.779
improved_spirit,yamato,as,140486,-1.765,0.274,-1.735
indomitable,yamato,as,14281,-1.118,0.693,-1.007
infuser,yamato,as,6211,-2.866,0.923,-2.396
juggernaut,yamato,as,5631,-1.032,0.878,-0.876
knockdown,yamato,as,2131,-7.846,1.418,-5.359
leech,yamato,as,4542,-1.010,0.994,-0.822
lifestrike,yamato,as,102433,1.035,0.291,1.015
melee_charge,yamato,as,35800,4.111,0.482,3.901
melee_lifesteal,yamato,as,162460,-0.065,0.241,-0.064
metal_skin,yamato,as,13355,0.928,0.717,0.830
monster_rounds,yamato,as,6676,-2.888,0.902,-2.432
mystic_burst,yamato,as,83547,-1.062,0.350,-1.033
mystic_expansion,yamato,as,3583,-6.128,1.079,-4.831
mystic_regeneration,yamato,as,51452,0.874,0.333,0.852
mystic_reverb,yamato,as,77632,-0.890,0.360,-0.864
mystic_shot,yamato,as,132402,0.117,0.287,0.115
mystic_vulnerability,yamato,as,19465,1.286,0.702,1.155
opening_rounds,yamato,as,2431,-3.850,1.392,-2.660
plated_armor,yamato,as,21309,1.095,0.560,1.021
point_blank,yamato,as,11675,0.789,0.679,0.713
quicksilver_reload,yamato,as,2366,-4.565,1.399,-3.145
radiant_regeneration,yamato,as,59300,0.517,0.313,0.505
rapid_recharge,yamato,as,2324,0.984,1.406,0.676
rapid_rounds,yamato,as,2499,-4.988,1.385,-3.458
reactive_barrier,yamato,as,18039,-0.965,0.684,-0.871
rebuttal,yamato,as,9886,-0.108,0.793,-0.094
recharging_rush,yamato,as,79616,1.581,0.306,1.548
refresher,yamato,as,52302,3.173,0.382,3.069
restorative_locket,yamato,as,35181,-1.560,0.544,-1.461
restorative_shot,yamato,as,154113,0.558,0.245,0.550
return_fire,yamato,as,2496,0.401,1.384,0.278
scourge,yamato,as,13755,-3.015,0.729,-2.686
slowing_hex,yamato,as,7583,-1.564,0.905,-1.315
spellbreaker,yamato,as,10974,-0.120,0.724,-0.107
spirit_burn,yamato,as,41343,0.527,0.435,0.505
spirit_lifesteal,yamato,as,31891,-2.957,0.545,-2.767
spirit_rend,yamato,as,2718,0.286,1.367,0.200
spirit_resilience,yamato,as,56015,-0.803,0.387,-0.776
spirit_shielding,yamato,as,19815,-0.973,0.640,-0.889
spirit_shredder_bullets,yamato,as,12567,-0.250,0.799,-0.218
spirit_snatch,yamato,as,173474,-0.606,0.250,-0.598
spirit_strike,yamato,as,188164,-0.011,0.238,-0.010
spiritual_overflow,yamato,as,18972,-0.453,0.660,-0.411
sprint_boots,yamato,as,9281,-1.434,0.821,-1.241
stalker,yamato,as,112856,0.921,0.269,0.906
stamina_mastery,yamato,as,3127,1.341,1.017,1.083
superior_cooldown,yamato,as,93511,-0.514,0.330,-0.501
surge_of_power,yamato,as,3949,-4.866,1.070,-3.849
tankbuster,yamato,as,102888,-0.517,0.319,-0.505
torment_pulse,yamato,as,95917,-3.111,0.321,-3.038
transcendent_cooldown,yamato,as,57710,-0.690,0.380,-0.667
trophy_collector,yamato,as,8374,0.677,0.875,0.576
warp_stone,yamato,as,2083,0.356,1.435,0.241
weapon_shielding,yamato,as,4981,1.129,1.008,0.915
witchmail,yamato,as,32485,0.308,0.426,0.295
